{
"type": "FeatureCollection",
"name": "BarriosMED",
"crs": { "type": "name", "properties": { "name": "urn:ogc:def:crs:OGC:1.3:CRS84" } },
"features": [
{ "type": "Feature", "properties": { "comuna": "01", "barrio": "03", "codigo": "0103", "nombre_bar": "Popular", "indicador_": "U", "sector": 1, "nombre_com": "POPULAR", "fecha_sinc": "2026-05-22", "Shape_Leng": 4426.1271358200001, "Shape_Area": 443343.99538500002 }, "geometry": { "type": "MultiPolygon", "coordinates": [ [ [ [ -75.544197111351266, 6.304392899507274 ], [ -75.544216138366068, 6.304330657357877 ], [ -75.544192238468185, 6.304322341428721 ], [ -75.544170597927263, 6.304316511613052 ], [ -75.544136153185903, 6.304307469628428 ], [ -75.544084202003631, 6.304283737274281 ], [ -75.544053709395087, 6.304272434706169 ], [ -75.544028296788056, 6.304261133555676 ], [ -75.544007969701156, 6.304239661681231 ], [ -75.543991029014407, 6.304214800048379 ], [ -75.543977477968198, 6.304193328545415 ], [ -75.543961667588874, 6.304167336682728 ], [ -75.543946422859662, 6.304141344770045 ], [ -75.54393343475985, 6.304119874132829 ], [ -75.543914236268918, 6.30409840216638 ], [ -75.543892778075033, 6.304079190649031 ], [ -75.543871321136422, 6.304064498758896 ], [ -75.54384873307967, 6.304052067233429 ], [ -75.543820499557555, 6.30404189550524 ], [ -75.54379226577511, 6.304028334276005 ], [ -75.543765159470325, 6.304023812236434 ], [ -75.543744831101449, 6.304020421603192 ], [ -75.543722809309557, 6.304015900058614 ], [ -75.54369909293537, 6.304006859011683 ], [ -75.543673680516221, 6.303997817200339 ], [ -75.543651093081024, 6.303993296604689 ], [ -75.543630764272081, 6.303984255293622 ], [ -75.543618340724933, 6.303971823870005 ], [ -75.543594625372933, 6.303952612501098 ], [ -75.54357599132716, 6.303950351862247 ], [ -75.543556225687595, 6.303956000457657 ], [ -75.543536461800784, 6.303949219366896 ], [ -75.543523474976396, 6.3039322692446 ], [ -75.543490160449139, 6.303897235812881 ], [ -75.543475479126755, 6.303876894511741 ], [ -75.543428609238447, 6.303857681311485 ], [ -75.54341449391751, 6.303841860497854 ], [ -75.5434009408891, 6.303829429153027 ], [ -75.543386259834278, 6.303812478251361 ], [ -75.543371013337378, 6.303786486314621 ], [ -75.543346734457444, 6.303759364922839 ], [ -75.543328664760992, 6.303740153106154 ], [ -75.543310594680747, 6.303727721197441 ], [ -75.543289700112354, 6.303728850228141 ], [ -75.543265982169203, 6.303734500015136 ], [ -75.543241701539969, 6.303743538432383 ], [ -75.543208948194987, 6.303755967914793 ], [ -75.543175066340211, 6.30376952580501 ], [ -75.543151347448912, 6.303786476042137 ], [ -75.543127063719993, 6.303802295283154 ], [ -75.543105605177161, 6.303813594661942 ], [ -75.543081322909714, 6.30382489425716 ], [ -75.543061557261467, 6.303830542834085 ], [ -75.543028240965427, 6.303842972343555 ], [ -75.542996618166441, 6.303857661092082 ], [ -75.542969511520639, 6.303872350406019 ], [ -75.542942968152047, 6.303891559321078 ], [ -75.542926027908209, 6.30390737979388 ], [ -75.542917557111124, 6.303924328857736 ], [ -75.542900615404093, 6.303944669879884 ], [ -75.54288141462095, 6.303963879131649 ], [ -75.542871813390448, 6.303968398603378 ], [ -75.542862214870453, 6.303972918061806 ], [ -75.542842449433209, 6.303969527355744 ], [ -75.542823250116612, 6.303960485920767 ], [ -75.542802921569276, 6.303954834976797 ], [ -75.542770168323926, 6.303957094123326 ], [ -75.542733464134074, 6.303953701071602 ], [ -75.542699017297309, 6.303952569932597 ], [ -75.542669089797243, 6.30394578776172 ], [ -75.542634078860431, 6.303941266250605 ], [ -75.542601326257127, 6.303940134975826 ], [ -75.54256066876836, 6.303935612979994 ], [ -75.542522269950481, 6.303939000858106 ], [ -75.542480481077249, 6.303933348814627 ], [ -75.542450553826981, 6.303893796302005 ], [ -75.542444343744535, 6.303885885809961 ], [ -75.542435874274418, 6.303848592859385 ], [ -75.542428534932782, 6.303831643171497 ], [ -75.542415546492407, 6.303816951477597 ], [ -75.542399735572516, 6.303806780534281 ], [ -75.542380535782115, 6.303803388855766 ], [ -75.542364161135396, 6.303806778676888 ], [ -75.542351738037894, 6.303799997887308 ], [ -75.542345525980807, 6.303789827130522 ], [ -75.542338185985997, 6.303776266042948 ], [ -75.542324634866574, 6.303764964785925 ], [ -75.542314470499562, 6.303754794321732 ], [ -75.542304305708143, 6.303738973178797 ], [ -75.542298660124487, 6.303727673137894 ], [ -75.542289625977972, 6.303715241407819 ], [ -75.542230334187835, 6.303656476945217 ], [ -75.542209441894201, 6.303651956144393 ], [ -75.542190806349765, 6.303641784503161 ], [ -75.542179512724772, 6.303622573028216 ], [ -75.542174433590716, 6.303597712203307 ], [ -75.542171046715808, 6.303570590988505 ], [ -75.542162013542296, 6.303546858791061 ], [ -75.542146766543709, 6.303525388242369 ], [ -75.542130955279077, 6.303498266147192 ], [ -75.542114581902538, 6.303470014848092 ], [ -75.542101031427975, 6.303442892573139 ], [ -75.542088608814666, 6.303418032301702 ], [ -75.542077316334442, 6.303389779725044 ], [ -75.542065458380421, 6.303363788369976 ], [ -75.542052472577794, 6.303335536817626 ], [ -75.542034967512961, 6.303314065520873 ], [ -75.542014638081866, 6.303308413632746 ], [ -75.541994308975944, 6.303294852595647 ], [ -75.541982453823934, 6.303269991358846 ], [ -75.541983017971518, 6.30324965067309 ], [ -75.541982455019905, 6.303237220110171 ], [ -75.541980196111581, 6.303225919817848 ], [ -75.541980197820948, 6.303212359076964 ], [ -75.541978502921495, 6.303203319018938 ], [ -75.541976810728457, 6.303194278043622 ], [ -75.541973422415609, 6.303184107970935 ], [ -75.541966646940949, 6.30316715732469 ], [ -75.541961564390917, 6.303156986473316 ], [ -75.54195478859512, 6.30314794587903 ], [ -75.541945753984763, 6.303141164819909 ], [ -75.541937848867889, 6.303134384580932 ], [ -75.541929943500335, 6.303124213933659 ], [ -75.541925991344073, 6.303114042993402 ], [ -75.541922604673218, 6.303101612638813 ], [ -75.541919217584805, 6.303083531603955 ], [ -75.541913570866456, 6.30306884114867 ], [ -75.54190905405045, 6.303059800385796 ], [ -75.541901148271975, 6.303043979961231 ], [ -75.541892114238436, 6.303032679255552 ], [ -75.541884209036297, 6.303024767974629 ], [ -75.541877997084839, 6.303015727340741 ], [ -75.54187009098402, 6.303007816967901 ], [ -75.541861055807232, 6.303005556454619 ], [ -75.541847502838138, 6.303005555642838 ], [ -75.541837339242832, 6.303005555480295 ], [ -75.541827740470723, 6.30300668450792 ], [ -75.541818139075446, 6.30300894458881 ], [ -75.541807410731124, 6.303008943563283 ], [ -75.541794988241264, 6.303010073702687 ], [ -75.54178538757391, 6.303010071698167 ], [ -75.541774659150505, 6.303008941439936 ], [ -75.541762235590383, 6.303007811310626 ], [ -75.541748683523736, 6.303007810491868 ], [ -75.541739082532487, 6.30300328974986 ], [ -75.541731177419848, 6.302996509505789 ], [ -75.541721012421959, 6.302989728528013 ], [ -75.541706331031861, 6.302979558368808 ], [ -75.541693908859813, 6.302972776643434 ], [ -75.541679792459306, 6.302965995946217 ], [ -75.541670191469066, 6.302961475202379 ], [ -75.541658334377942, 6.302959214883503 ], [ -75.541644782062917, 6.302955823652713 ], [ -75.541636876131165, 6.302950173547091 ], [ -75.541626146390556, 6.302943392608091 ], [ -75.541611465164038, 6.302935481813411 ], [ -75.541602429905197, 6.302932091158397 ], [ -75.541592265157718, 6.302928700585908 ], [ -75.541580408805231, 6.3029241799877 ], [ -75.541566856325574, 6.3029185284816 ], [ -75.54155725517127, 6.302911747462214 ], [ -75.54154257337288, 6.302908357214732 ], [ -75.541531279297843, 6.302907226092062 ], [ -75.541521681184861, 6.302904965604077 ], [ -75.541511516277225, 6.302899315660863 ], [ -75.5414996571279, 6.302893664033023 ], [ -75.541490621709343, 6.302888014006687 ], [ -75.541477635782314, 6.302882362447408 ], [ -75.541464647066789, 6.30287558166857 ], [ -75.541451094510705, 6.302868800926086 ], [ -75.541443189480731, 6.30286314990764 ], [ -75.541438108833688, 6.302854109173425 ], [ -75.541423427036491, 6.302850718921602 ], [ -75.541406486504272, 6.302850718339275 ], [ -75.541389545228284, 6.302852977129745 ], [ -75.541375426774593, 6.302855236622626 ], [ -75.541364132124741, 6.302858626046226 ], [ -75.541352274701651, 6.302864275774981 ], [ -75.541337592484027, 6.302867664536167 ], [ -75.541324039681598, 6.302869924886515 ], [ -75.541303144612769, 6.302876703608699 ], [ -75.541280556706937, 6.302877831761456 ], [ -75.541270392288141, 6.302878961727876 ], [ -75.541259664023897, 6.302880090826602 ], [ -75.541252887502438, 6.302873310494401 ], [ -75.541242158427906, 6.302863140034549 ], [ -75.541227476465764, 6.302857489503508 ], [ -75.541214489722535, 6.30285296898136 ], [ -75.54120206697506, 6.30285070688748 ], [ -75.541195290377203, 6.302842797321455 ], [ -75.541185690212075, 6.302837146424968 ], [ -75.541168185509449, 6.302832625324439 ], [ -75.541158021667144, 6.302829234737133 ], [ -75.541148420762227, 6.302825844117538 ], [ -75.541139951153397, 6.302822453407236 ], [ -75.541129221918339, 6.302810022670252 ], [ -75.541125270765235, 6.302800981848932 ], [ -75.541116800345605, 6.302786290674607 ], [ -75.541110024404375, 6.302774989787834 ], [ -75.541102683963643, 6.302767079351947 ], [ -75.541087436938668, 6.302756909213056 ], [ -75.541080662060608, 6.302747867690545 ], [ -75.541072756054177, 6.302741087435826 ], [ -75.541063157698915, 6.302735436526987 ], [ -75.541048475899188, 6.302732045358156 ], [ -75.541037181747967, 6.30272978499007 ], [ -75.541020804892824, 6.302727524083627 ], [ -75.541001042281991, 6.302725263407377 ], [ -75.54099144137912, 6.302721872783698 ], [ -75.540980712713434, 6.302717352095363 ], [ -75.540971112795447, 6.302715091603706 ], [ -75.540954737661863, 6.302711699645113 ], [ -75.540945703229653, 6.30270717883405 ], [ -75.540933280011188, 6.302698138622664 ], [ -75.540925374087834, 6.302692488501557 ], [ -75.540914644357244, 6.30268570754191 ], [ -75.540897140899133, 6.302673275461825 ], [ -75.540885280857793, 6.302667624723694 ], [ -75.540873987530034, 6.302664234209802 ], [ -75.540864952276266, 6.302660843538104 ], [ -75.5408553542471, 6.302659713171821 ], [ -75.54083897731195, 6.302656322121515 ], [ -75.540829942139169, 6.302654061586088 ], [ -75.540819777477594, 6.302651801131307 ], [ -75.540804531919193, 6.302649540127069 ], [ -75.540793801609681, 6.302647279716497 ], [ -75.540783073107306, 6.302645019296843 ], [ -75.540767826564604, 6.302641628158768 ], [ -75.540753144019646, 6.302640496354249 ], [ -75.540742979438718, 6.302639366034792 ], [ -75.540722650437942, 6.30263936566947 ], [ -75.540711923076302, 6.302640494751031 ], [ -75.54070175783319, 6.30264275484648 ], [ -75.540692157329943, 6.30264501399743 ], [ -75.540682557573518, 6.302645013773625 ], [ -75.540667310368136, 6.302645013048177 ], [ -75.540655453360401, 6.30264388283894 ], [ -75.540632299245445, 6.302637100948576 ], [ -75.54062326407248, 6.302634840409081 ], [ -75.540613100314161, 6.302632579945357 ], [ -75.540598418676055, 6.302631449035922 ], [ -75.540588253266748, 6.302631447950756 ], [ -75.540579218174031, 6.302630317547586 ], [ -75.540562844189566, 6.302630316885975 ], [ -75.540552114301931, 6.302621275641981 ], [ -75.540544774025534, 6.302615624564319 ], [ -75.540535172968674, 6.302609974559789 ], [ -75.540525575682082, 6.302606583907823 ], [ -75.540510892900073, 6.302602062588094 ], [ -75.540503551729486, 6.302596413322188 ], [ -75.540494516156741, 6.302588502093394 ], [ -75.540486612040382, 6.302582851050126 ], [ -75.540473059415959, 6.302574940136612 ], [ -75.540461201928821, 6.302567029098179 ], [ -75.540452730442198, 6.302562509148731 ], [ -75.540443696013924, 6.302557988326136 ], [ -75.540433532521206, 6.302546686754748 ], [ -75.540431273732608, 6.302536516578087 ], [ -75.540427886274657, 6.302525215435418 ], [ -75.540422239768233, 6.302512786123216 ], [ -75.54041828929374, 6.302500354874038 ], [ -75.540414336033464, 6.302486794404697 ], [ -75.540413772298507, 6.302475493062109 ], [ -75.54041151433934, 6.302464193647332 ], [ -75.540403043594566, 6.302457412512954 ], [ -75.540391186939502, 6.302448372233694 ], [ -75.540384411017541, 6.302437071329295 ], [ -75.540375375688441, 6.302432550508827 ], [ -75.540363516637711, 6.302428029887285 ], [ -75.540353351820144, 6.302423509145965 ], [ -75.540346012292858, 6.302415597784225 ], [ -75.540339800451761, 6.302407687255554 ], [ -75.54033415409971, 6.302397516407706 ], [ -75.54032907257178, 6.302388475657333 ], [ -75.540317780350207, 6.302374915689689 ], [ -75.540309874942452, 6.302363614862782 ], [ -75.540304227921965, 6.302356833526889 ], [ -75.54029801600295, 6.302347792859704 ], [ -75.540290110754896, 6.302338752307125 ], [ -75.54028333425083, 6.302331971954291 ], [ -75.540276559470342, 6.302324060550878 ], [ -75.540272041864426, 6.302316149901491 ], [ -75.540263007486175, 6.302299200268664 ], [ -75.540257926864385, 6.302290159512284 ], [ -75.540252280674281, 6.302282248937353 ], [ -75.540242680874215, 6.302268687048044 ], [ -75.540224609953441, 6.302268686503319 ], [ -75.540202588528985, 6.302268685317822 ], [ -75.540185081527454, 6.302269814874116 ], [ -75.540175482756851, 6.30227094477141 ], [ -75.540165881350077, 6.302273203915257 ], [ -75.540152895087374, 6.302275462374446 ], [ -75.5401399061181, 6.302277721750667 ], [ -75.540128048211798, 6.302276591529997 ], [ -75.540117883476853, 6.302273200919681 ], [ -75.540109978543782, 6.302268680009123 ], [ -75.540094166954091, 6.302260769237968 ], [ -75.540074967798191, 6.302252857794392 ], [ -75.540059157033966, 6.302243816879672 ], [ -75.540048992966916, 6.302237035850058 ], [ -75.540038828904471, 6.30223025572424 ], [ -75.540029793422846, 6.302223474619675 ], [ -75.540022452257361, 6.302217824438504 ], [ -75.540011724350421, 6.302211043442762 ], [ -75.540004383185249, 6.302205393261239 ], [ -75.539995347625762, 6.302197482017948 ], [ -75.539987442541616, 6.30219070173319 ], [ -75.539976149891331, 6.302183920775578 ], [ -75.539960014766933, 6.302173771189026 ], [ -75.540028306347551, 6.302146473351013 ], [ -75.540081202380676, 6.302139380541119 ], [ -75.540122769980044, 6.302144703923116 ], [ -75.540173777528395, 6.30217307589903 ], [ -75.540394804783361, 6.302323787200041 ], [ -75.540442035537637, 6.302359252204264 ], [ -75.540487379906338, 6.302373433696548 ], [ -75.540551611191304, 6.302371663236913 ], [ -75.540661187543208, 6.302376979689492 ], [ -75.540780201526587, 6.30238407642075 ], [ -75.540940784672415, 6.302421316044607 ], [ -75.541057921481269, 6.302446145120594 ], [ -75.541122151925578, 6.302447917797758 ], [ -75.541164497593414, 6.302440822959306 ], [ -75.541250742619425, 6.302348782763661 ], [ -75.541322120122004, 6.302288511318902 ], [ -75.54144346690245, 6.302217076427818 ], [ -75.541538636210447, 6.302179138017221 ], [ -75.541693000576743, 6.302155115447079 ], [ -75.541779062408565, 6.302138854031188 ], [ -75.541795317519217, 6.302132634968428 ], [ -75.541864591719659, 6.302101010496165 ], [ -75.541978792865081, 6.302034050447607 ], [ -75.542095433490317, 6.301981153659835 ], [ -75.542121547385477, 6.301969314492006 ], [ -75.542368989662748, 6.301888953094323 ], [ -75.542566464665967, 6.301833156733425 ], [ -75.542595016230734, 6.301830924473076 ], [ -75.542613063727558, 6.301837440967108 ], [ -75.542625947146462, 6.301842088538823 ], [ -75.542685442393619, 6.301857721527682 ], [ -75.542723516017389, 6.301857723883876 ], [ -75.542761600231827, 6.301842095051861 ], [ -75.542806813502693, 6.301810834668742 ], [ -75.542866311287312, 6.301759480413867 ], [ -75.542935333026094, 6.3017170584035 ], [ -75.542971031896968, 6.301708137024933 ], [ -75.543011490167729, 6.301717061228175 ], [ -75.543035216166771, 6.301732367777688 ], [ -75.543087644502393, 6.301766189688768 ], [ -75.543194959072537, 6.301845912137006 ], [ -75.543201871248641, 6.301851048108713 ], [ -75.543227684632754, 6.301864888847494 ], [ -75.5432574896316, 6.301880864601621 ], [ -75.543335135458207, 6.301922499714786 ], [ -75.543401775882671, 6.301967162116115 ], [ -75.543426386221057, 6.301992421267124 ], [ -75.543477919895423, 6.302045309698486 ], [ -75.543556457859964, 6.302139097498572 ], [ -75.543628066449017, 6.302221991133144 ], [ -75.543594409989723, 6.302245992163562 ], [ -75.543577757279692, 6.302272778056901 ], [ -75.543572994038072, 6.302299573745658 ], [ -75.543570612233808, 6.302408969782578 ], [ -75.543582505344474, 6.302518366685147 ], [ -75.543620575461418, 6.302627765137339 ], [ -75.543689570344981, 6.30275279568324 ], [ -75.543716895194635, 6.3027784393604 ], [ -75.543754483516494, 6.302800663338421 ], [ -75.543777004156624, 6.302808175968846 ], [ -75.543805777406845, 6.302811934063832 ], [ -75.543840807765051, 6.302806928843149 ], [ -75.543878341257809, 6.302790656166023 ], [ -75.54390711649674, 6.302778140305493 ], [ -75.543941641337909, 6.302758223384582 ], [ -75.543975926085395, 6.30273057570467 ], [ -75.543999699015188, 6.302708044138321 ], [ -75.544012210063642, 6.302688015859025 ], [ -75.544027224706426, 6.30265922450246 ], [ -75.544032230780928, 6.302642952350546 ], [ -75.544037235241717, 6.302615413216289 ], [ -75.544037236304902, 6.302589125375287 ], [ -75.544035987445071, 6.302549067745234 ], [ -75.544032237008565, 6.302511514044587 ], [ -75.544028485528045, 6.302467072856158 ], [ -75.544018479081458, 6.302422008523634 ], [ -75.544000964701823, 6.302366930769069 ], [ -75.543985955065381, 6.302316855874563 ], [ -75.543943424293403, 6.302214208511776 ], [ -75.543918405602767, 6.302149113690035 ], [ -75.543868083593551, 6.302042833651839 ], [ -75.543903149903002, 6.302008508959666 ], [ -75.544023277245145, 6.301890944772501 ], [ -75.544093744415605, 6.301821980024552 ], [ -75.544253592694204, 6.30166553521815 ], [ -75.544463007353215, 6.301473546716008 ], [ -75.544536781624785, 6.301426657677005 ], [ -75.544629582062257, 6.301390943662152 ], [ -75.544812814375334, 6.301357467113691 ], [ -75.545185154403839, 6.301289119967627 ], [ -75.545200694115962, 6.30130835944826 ], [ -75.545265933525997, 6.301357567939215 ], [ -75.545293499110358, 6.301373109675522 ], [ -75.54534108671136, 6.301384277236135 ], [ -75.545407720770783, 6.301386503310207 ], [ -75.545463133317696, 6.301381343363627 ], [ -75.545546346940185, 6.301361268242911 ], [ -75.545590207102549, 6.301350173173013 ], [ -75.545629071684345, 6.300992486986456 ], [ -75.545643316861955, 6.30086115019222 ], [ -75.545661702715492, 6.300633366594318 ], [ -75.545664621913303, 6.300609590611624 ], [ -75.545665389690882, 6.300606200079789 ], [ -75.54572093900687, 6.300360983797131 ], [ -75.545745310864874, 6.300253405415122 ], [ -75.545751157833422, 6.300228735445115 ], [ -75.545796522612406, 6.30003720864083 ], [ -75.545797516883184, 6.300033014157052 ], [ -75.545830742059067, 6.29994841653936 ], [ -75.54587107761941, 6.299872733057757 ], [ -75.545939893008153, 6.299770327097166 ], [ -75.546009832632222, 6.299708357234178 ], [ -75.546089978841295, 6.299652818172627 ], [ -75.546189043123022, 6.299585562646813 ], [ -75.546243616473703, 6.2995343606605 ], [ -75.546279217238066, 6.29946980543675 ], [ -75.546312435729988, 6.299340684249206 ], [ -75.546337169436981, 6.299224687812157 ], [ -75.546404610167031, 6.298939184465924 ], [ -75.546437900667925, 6.298768874578069 ], [ -75.546483368840001, 6.298568200509445 ], [ -75.546549818169495, 6.298416822567295 ], [ -75.546606543444298, 6.298337769960122 ], [ -75.546779868370621, 6.298141234520419 ], [ -75.546894520716336, 6.298012438167576 ], [ -75.546942993553913, 6.297940433576961 ], [ -75.546966721056279, 6.297864740808786 ], [ -75.546971470569446, 6.297764565296885 ], [ -75.546966040683571, 6.297695766751715 ], [ -75.54696198861933, 6.297644356475098 ], [ -75.546934275677842, 6.297524063069725 ], [ -75.546924028293503, 6.297479612104422 ], [ -75.546895566332125, 6.297292612893257 ], [ -75.54689793873132, 6.297221374945449 ], [ -75.546907732448446, 6.297157967393415 ], [ -75.546945411915985, 6.296914161273357 ], [ -75.546961268110863, 6.296747426418638 ], [ -75.546987863784707, 6.296603765264781 ], [ -75.54698953803873, 6.296593001848684 ], [ -75.547017701923266, 6.296492252755526 ], [ -75.547042481450887, 6.296442742300385 ], [ -75.54707699109008, 6.296404804819351 ], [ -75.547133957621483, 6.296360632394864 ], [ -75.547219573079659, 6.29629944407356 ], [ -75.547301302052446, 6.296244703814689 ], [ -75.54731167482629, 6.296237791014007 ], [ -75.54751790753653, 6.296078007869097 ], [ -75.547531170705867, 6.296067732148283 ], [ -75.547653427419945, 6.295960322431304 ], [ -75.547697616159439, 6.295905726554238 ], [ -75.547750131708412, 6.295817671576081 ], [ -75.54778748688868, 6.295746810757492 ], [ -75.547798244741017, 6.295726778409501 ], [ -75.547814405541232, 6.295693503470576 ], [ -75.54783291121916, 6.29562930753158 ], [ -75.547849017807735, 6.295576023200234 ], [ -75.547852925942323, 6.295523623875704 ], [ -75.54785415723741, 6.295505594525313 ], [ -75.547861348049892, 6.295400386658619 ], [ -75.547861349070871, 6.295377249695558 ], [ -75.547861352466057, 6.295294009610285 ], [ -75.547861354490635, 6.295234390186 ], [ -75.547861355150815, 6.29522674326031 ], [ -75.547854767660752, 6.295107137881561 ], [ -75.547854240543913, 6.295097619322194 ], [ -75.547840004341026, 6.295019710646404 ], [ -75.547840007015679, 6.294956144797863 ], [ -75.547842387829647, 6.294839382440808 ], [ -75.547849278298642, 6.294805434908548 ], [ -75.547851875996969, 6.294792633657533 ], [ -75.547866263782666, 6.294759503904351 ], [ -75.547877982588375, 6.294732525151836 ], [ -75.547926540796141, 6.294651219690157 ], [ -75.547932709665616, 6.294637729255529 ], [ -75.547936295106908, 6.294624956635041 ], [ -75.547937390527593, 6.294619827722888 ], [ -75.547996278483168, 6.29461063027886 ], [ -75.548186217749119, 6.294580658588015 ], [ -75.548237588129638, 6.29454759328611 ], [ -75.548294624797791, 6.294455421574857 ], [ -75.548333364208403, 6.294380499113222 ], [ -75.548392757466729, 6.29435208513257 ], [ -75.548707936513793, 6.294469107740635 ], [ -75.548873021669706, 6.294530402700459 ], [ -75.549009875022136, 6.294522663343224 ], [ -75.549092504688929, 6.294533005970162 ], [ -75.549162871863444, 6.294499982532352 ], [ -75.549153723213522, 6.294523507711134 ], [ -75.549290807629021, 6.294472755295222 ], [ -75.549334555637699, 6.294445488099697 ], [ -75.549353918139673, 6.294469168754627 ], [ -75.549316624338019, 6.294507918195251 ], [ -75.549110445575351, 6.294634789217397 ], [ -75.549087230387457, 6.294694487606892 ], [ -75.549045160003047, 6.294740406413557 ], [ -75.549044832848395, 6.294740764228542 ], [ -75.549044808611299, 6.294740796894678 ], [ -75.549013647957295, 6.294783753912828 ], [ -75.549012090710093, 6.294785896109282 ], [ -75.549012074627029, 6.294785933256103 ], [ -75.548987145706775, 6.294839592462948 ], [ -75.548973287311284, 6.294863608068629 ], [ -75.548960706599175, 6.294885407802691 ], [ -75.548949590009329, 6.294917278439307 ], [ -75.548943393187102, 6.294935034578477 ], [ -75.548943381665865, 6.294935080744073 ], [ -75.548939032989097, 6.294948831714837 ], [ -75.5489368137182, 6.294955850268181 ], [ -75.548931697279286, 6.294972621081559 ], [ -75.548931390006416, 6.294972794362156 ], [ -75.548918106050195, 6.295129010755766 ], [ -75.548953960222022, 6.295242630753628 ], [ -75.549016709273616, 6.295377179584451 ], [ -75.549064516732059, 6.2954668800467 ], [ -75.5490987486493, 6.295528189221451 ], [ -75.549139593619657, 6.295642048797522 ], [ -75.549200863831089, 6.295694599814463 ], [ -75.549284018285078, 6.295726716027318 ], [ -75.549391973180079, 6.295745696479738 ], [ -75.549469293245565, 6.295752996376991 ], [ -75.549540776268415, 6.295747159216702 ], [ -75.549606425886353, 6.295753000833838 ], [ -75.54964727306205, 6.295774897557659 ], [ -75.549714379576855, 6.295801173831975 ], [ -75.549819416484425, 6.295837670988721 ], [ -75.549866099365843, 6.2958537294017 ], [ -75.549917160807098, 6.2958084790216 ], [ -75.550067421702721, 6.29586833144116 ], [ -75.550172459232726, 6.295896068647852 ], [ -75.550248318764588, 6.295934023762259 ], [ -75.550297921387752, 6.295894612856837 ], [ -75.550499713786252, 6.296025123905781 ], [ -75.550497159604006, 6.296033312197697 ], [ -75.55049920280797, 6.296049830125694 ], [ -75.550502905659968, 6.296061861917128 ], [ -75.550507158297748, 6.296073052917246 ], [ -75.550513357508322, 6.296081154122187 ], [ -75.550519837176068, 6.296087846267052 ], [ -75.55052215547768, 6.296089642238053 ], [ -75.550531355165575, 6.29609675867338 ], [ -75.550538129604078, 6.296107934634061 ], [ -75.550544336473067, 6.296116863959505 ], [ -75.55055447211636, 6.296127466562361 ], [ -75.550561510649899, 6.296133882031178 ], [ -75.550569389586528, 6.296142534664128 ], [ -75.55057558823755, 6.296149780588537 ], [ -75.550587106173097, 6.296157015881197 ], [ -75.550598618574398, 6.296162007215917 ], [ -75.550611799322169, 6.296167255297413 ], [ -75.550614822321123, 6.296169217794432 ], [ -75.550620797621306, 6.29617309792884 ], [ -75.550625603223864, 6.29618372839183 ], [ -75.550626219038975, 6.29619493083843 ], [ -75.550624888335292, 6.296209233929404 ], [ -75.550625242286657, 6.296223247609249 ], [ -75.550628937441957, 6.296234997355461 ], [ -75.550632902150568, 6.296243660079234 ], [ -75.550639965835231, 6.296257076799156 ], [ -75.550651234598661, 6.296269351874937 ], [ -75.550657710235583, 6.296276327924613 ], [ -75.5506667277741, 6.296287775900711 ], [ -75.55067180699362, 6.296295595975947 ], [ -75.550678293578528, 6.296305369267144 ], [ -75.550684506843808, 6.296314867238754 ], [ -75.550690144972322, 6.296323529917906 ], [ -75.550691301479461, 6.296326477065729 ], [ -75.550693550415247, 6.296332201703174 ], [ -75.550698683006118, 6.296350952125641 ], [ -75.550704347921638, 6.296362694953323 ], [ -75.55070802442647, 6.296371364509106 ], [ -75.550714269607056, 6.296387583427518 ], [ -75.550717111726058, 6.296396543662776 ], [ -75.550721939519221, 6.296409126877769 ], [ -75.550726193517804, 6.296420039402542 ], [ -75.550733231592659, 6.296427284835579 ], [ -75.550740826734085, 6.296434810529521 ], [ -75.550747026817675, 6.296442348467817 ], [ -75.550752943234528, 6.29645045285725 ], [ -75.55076083207932, 6.296459652418105 ], [ -75.550772679428263, 6.29647698311737 ], [ -75.550774126452126, 6.296479286027012 ], [ -75.550781743020778, 6.296491384569154 ], [ -75.550793706929511, 6.296510380055584 ], [ -75.550839475164182, 6.296584479912371 ], [ -75.550827199932343, 6.296593139754817 ], [ -75.550825352702176, 6.296596033779088 ], [ -75.550810173850607, 6.296619777409122 ], [ -75.550788182592981, 6.296687856306328 ], [ -75.550775173507787, 6.29672812718539 ], [ -75.550738951924814, 6.296840259374557 ], [ -75.550732979208192, 6.296858559597471 ], [ -75.550691751615261, 6.296984898932777 ], [ -75.550667730796278, 6.297058504597268 ], [ -75.55064399352041, 6.297094141962686 ], [ -75.550608386743974, 6.297123090034283 ], [ -75.550605247887702, 6.297124233700838 ], [ -75.550583155081966, 6.29713229420317 ], [ -75.550565656915381, 6.297138681349649 ], [ -75.550526394127758, 6.297141880345779 ], [ -75.550511066545752, 6.29714312699662 ], [ -75.550445402120673, 6.29713872406861 ], [ -75.550411369557693, 6.297136440319195 ], [ -75.550387628117278, 6.297136439750481 ], [ -75.550354401848793, 6.297136439437526 ], [ -75.550318795660075, 6.297143121232174 ], [ -75.550273699445142, 6.297165394571564 ], [ -75.550244425158965, 6.29719735850206 ], [ -75.550230442804562, 6.297220218398829 ], [ -75.550223851996435, 6.297238883287354 ], [ -75.550226202934951, 6.297305286341008 ], [ -75.550271293281114, 6.297505723570249 ], [ -75.550277897034618, 6.297584270543091 ], [ -75.550276910115869, 6.297592924022303 ], [ -75.550271307197164, 6.297641993605885 ], [ -75.550266872066899, 6.297659680567036 ], [ -75.55025166551448, 6.297720320804235 ], [ -75.550242824479, 6.297755573434513 ], [ -75.550234300532438, 6.297778229448095 ], [ -75.550214334877069, 6.297831290345863 ], [ -75.550204146097755, 6.297846823833732 ], [ -75.550164650203541, 6.297907034025896 ], [ -75.550157365576837, 6.297918138578549 ], [ -75.550123205729278, 6.297972886310192 ], [ -75.550093662272971, 6.298020236701023 ], [ -75.550071016945765, 6.298056530538042 ], [ -75.550043418112224, 6.298100762210481 ], [ -75.550030916857395, 6.298123839091657 ], [ -75.55000055744631, 6.298179884621663 ], [ -75.549995175459571, 6.29818981990858 ], [ -75.549969834488806, 6.298236608199217 ], [ -75.54995515887282, 6.298266645556081 ], [ -75.549865361282855, 6.298461125998974 ], [ -75.549751413883939, 6.298661563210295 ], [ -75.549627976696272, 6.298904309159441 ], [ -75.549595051905854, 6.29894961021127 ], [ -75.549547261929149, 6.299042388814727 ], [ -75.549416706023578, 6.299271772570186 ], [ -75.54932887116351, 6.29942765991997 ], [ -75.549257652469407, 6.299534560343899 ], [ -75.549245778959801, 6.299562409642586 ], [ -75.549233915287004, 6.299590238098992 ], [ -75.549193562386137, 6.29966594884725 ], [ -75.549048757808336, 6.299902022133667 ], [ -75.548995175616241, 6.300002548313179 ], [ -75.548880206215713, 6.300218255486333 ], [ -75.548744895004006, 6.300498861982563 ], [ -75.548724352671769, 6.300564688078889 ], [ -75.548716399096961, 6.300590178402241 ], [ -75.548697405289218, 6.300685942682009 ], [ -75.548693102989844, 6.300720665956603 ], [ -75.548677918091485, 6.300843143280216 ], [ -75.548661788219846, 6.300973243209974 ], [ -75.548642842373852, 6.301107514883923 ], [ -75.548621425089777, 6.301233800028198 ], [ -75.548626167240897, 6.301307298632197 ], [ -75.548678379635263, 6.301543367286297 ], [ -75.548686637438877, 6.301594059839126 ], [ -75.548686635986584, 6.301631141693637 ], [ -75.548681579798597, 6.301666540405705 ], [ -75.548664731521569, 6.301712052216595 ], [ -75.54863945931298, 6.301760933218873 ], [ -75.548619242880164, 6.301798017160028 ], [ -75.548582179392795, 6.301840155131858 ], [ -75.548546800420652, 6.301870498960653 ], [ -75.548535005493591, 6.301894095889136 ], [ -75.548531635508638, 6.301916010681833 ], [ -75.548533321868305, 6.301936236299561 ], [ -75.548543427423454, 6.301964890410961 ], [ -75.548583855762118, 6.302044118358009 ], [ -75.548605754821409, 6.302086261008715 ], [ -75.54864786954407, 6.302170540067446 ], [ -75.548673135056433, 6.30222279403111 ], [ -75.548688295397696, 6.302268308476632 ], [ -75.54869181544916, 6.302283785809662 ], [ -75.548740062661878, 6.302516596408227 ], [ -75.548746118218972, 6.302577224976713 ], [ -75.548745241015411, 6.302583181889584 ], [ -75.548744203908257, 6.302590255249261 ], [ -75.548737685292267, 6.302634628021708 ], [ -75.548712200900937, 6.302684282183915 ], [ -75.548645103864544, 6.302815015577115 ], [ -75.54860567344106, 6.302875016694863 ], [ -75.54854761307827, 6.30296336940394 ], [ -75.548538276151007, 6.302977581470927 ], [ -75.548464688437278, 6.303124565341426 ], [ -75.548419456849473, 6.30321303886354 ], [ -75.548400588562899, 6.303249943547602 ], [ -75.548341104022697, 6.303346054116237 ], [ -75.548315914444075, 6.303381522346042 ], [ -75.548315767797064, 6.303381467912646 ], [ -75.548293299181822, 6.303413104804693 ], [ -75.548265722669072, 6.303480283522493 ], [ -75.548265783393461, 6.303480321197974 ], [ -75.548252677960761, 6.303512371596852 ], [ -75.54824737177033, 6.303558375788948 ], [ -75.548252676110579, 6.303581375594945 ], [ -75.548270359513097, 6.30362914882465 ], [ -75.548327085000622, 6.303719629117005 ], [ -75.548335737436091, 6.303733438598613 ], [ -75.548399440944308, 6.30381846826246 ], [ -75.548411808818827, 6.303845018298561 ], [ -75.548420640232237, 6.303889180407366 ], [ -75.548420658617104, 6.303889244508851 ], [ -75.548417120099714, 6.30394232552223 ], [ -75.548394129109539, 6.304036101381187 ], [ -75.548389422029743, 6.304050842318454 ], [ -75.548348871938657, 6.304177802411805 ], [ -75.548346443371031, 6.304185629368391 ], [ -75.548321686136234, 6.304233398556367 ], [ -75.548296926237924, 6.304268783331349 ], [ -75.548263327093409, 6.304293554646842 ], [ -75.5482514555612, 6.304301472983909 ], [ -75.548239621854762, 6.304309365820961 ], [ -75.548232780478799, 6.304313928839147 ], [ -75.548220883725094, 6.304321863573079 ], [ -75.548180145272298, 6.304334231122073 ], [ -75.548143010071314, 6.304336000310956 ], [ -75.548100567600883, 6.304336004416003 ], [ -75.548051057710595, 6.304337767201997 ], [ -75.548010436768394, 6.304334234575935 ], [ -75.548010385212066, 6.304334223978773 ], [ -75.547975072678668, 6.304323624225326 ], [ -75.547975020183415, 6.304323606399878 ], [ -75.547943237295229, 6.304304171650201 ], [ -75.54794318926929, 6.304304143857786 ], [ -75.547921969759059, 6.304274063156373 ], [ -75.547905231263798, 6.304234384264539 ], [ -75.547880839353923, 6.304100891263713 ], [ -75.547858588299889, 6.304037203685035 ], [ -75.547798579437824, 6.303961765601797 ], [ -75.5477548007823, 6.303914809746419 ], [ -75.547751865992097, 6.303912047586696 ], [ -75.547701956487572, 6.303865090050866 ], [ -75.547680864685404, 6.303845241364541 ], [ -75.547572322176322, 6.303770143551727 ], [ -75.547565472419848, 6.303765403358669 ], [ -75.547538250190854, 6.303746564679169 ], [ -75.547538216648519, 6.30374654224051 ], [ -75.547538193085174, 6.303746527889992 ], [ -75.547534768658934, 6.303744157790946 ], [ -75.547534723343773, 6.303744129985168 ], [ -75.547523417326147, 6.303737402651861 ], [ -75.547469343085297, 6.303705224051005 ], [ -75.547469296870958, 6.303705197153752 ], [ -75.547429927683908, 6.303683392702355 ], [ -75.5473880036254, 6.303669828997186 ], [ -75.547387953827695, 6.303669808446164 ], [ -75.547367129671557, 6.303661653938193 ], [ -75.547347284165255, 6.303653882507033 ], [ -75.547306665201077, 6.303637976206252 ], [ -75.547306611789111, 6.303637955672846 ], [ -75.547262455769626, 6.303623816099164 ], [ -75.547262403283298, 6.303623800081803 ], [ -75.54722885730753, 6.303613198851062 ], [ -75.547228805720337, 6.303613181925211 ], [ -75.547212072652343, 6.303606803872025 ], [ -75.547212033723923, 6.303606788692499 ], [ -75.547191671414936, 6.303599027012243 ], [ -75.547178390528316, 6.303594596707094 ], [ -75.547160948159942, 6.30358877723911 ], [ -75.54715984218268, 6.303588410152787 ], [ -75.547126244718967, 6.303581328848234 ], [ -75.547106791758893, 6.303579559651887 ], [ -75.547080266907187, 6.303579558186054 ], [ -75.547046667965844, 6.303583095603306 ], [ -75.547036061744407, 6.303586633667144 ], [ -75.547025448303017, 6.303590173574301 ], [ -75.546998921659437, 6.303606095221813 ], [ -75.546974166150562, 6.303625555019815 ], [ -75.546928180143993, 6.30366931153161 ], [ -75.546895244171068, 6.303700749116537 ], [ -75.546895171202749, 6.303700794678411 ], [ -75.546892305675996, 6.303703520998825 ], [ -75.546829255506438, 6.303775442421456 ], [ -75.546788009632166, 6.303833808718906 ], [ -75.546786986797741, 6.303835295546618 ], [ -75.546755596783626, 6.303880974282836 ], [ -75.546714348357654, 6.303946410700872 ], [ -75.546697262923161, 6.303977066530051 ], [ -75.546680763092411, 6.304004776633245 ], [ -75.546650540793223, 6.304051070785168 ], [ -75.546627618943916, 6.304077628795906 ], [ -75.546611229587484, 6.304092614877432 ], [ -75.546581772760916, 6.304122091631428 ], [ -75.546555753789107, 6.304145397336941 ], [ -75.546526491505432, 6.304170117542275 ], [ -75.546443637550283, 6.304229326356689 ], [ -75.546365896553382, 6.304268265439287 ], [ -75.546283357972513, 6.304303603394858 ], [ -75.546142313316238, 6.304327940334662 ], [ -75.546041971994086, 6.304335471756092 ], [ -75.546022526718488, 6.304335470923279 ], [ -75.545997847493652, 6.304330768992743 ], [ -75.545978993313696, 6.304324873209462 ], [ -75.545925964928642, 6.30429834089418 ], [ -75.545890210019962, 6.304279304213298 ], [ -75.545848655671733, 6.304263375246985 ], [ -75.545837772282638, 6.304259375305549 ], [ -75.545805331215306, 6.304247451307046 ], [ -75.545772474056179, 6.304235251777895 ], [ -75.545728874778149, 6.30421874511945 ], [ -75.545685862324859, 6.304206948697013 ], [ -75.545650509491225, 6.304201053930651 ], [ -75.545603372666449, 6.304191030709426 ], [ -75.545582750580991, 6.304189850322602 ], [ -75.545563893210073, 6.304188670356021 ], [ -75.54555414687205, 6.304188812894288 ], [ -75.545523171153249, 6.304189239949897 ], [ -75.545479569446215, 6.304189829030813 ], [ -75.545436262539653, 6.304188057853765 ], [ -75.545393838941052, 6.304188056216096 ], [ -75.545346383680481, 6.304180179969835 ], [ -75.545323722872311, 6.304171546128352 ], [ -75.545293674828699, 6.304158574296762 ], [ -75.54526539133613, 6.304145013408191 ], [ -75.545201167478112, 6.304118478716847 ], [ -75.545131053616402, 6.304087230739297 ], [ -75.54509393448248, 6.30407248973199 ], [ -75.545054456824971, 6.30405716172032 ], [ -75.545022638323303, 6.304049493868463 ], [ -75.544999071762547, 6.304043008973433 ], [ -75.544933668340917, 6.304024729975734 ], [ -75.544839984403623, 6.304003501539156 ], [ -75.544777525957599, 6.303992297241276 ], [ -75.544715070965808, 6.303980504344151 ], [ -75.544667344339587, 6.303974605727665 ], [ -75.544589569034429, 6.303959863379363 ], [ -75.54454207287742, 6.303953049572301 ], [ -75.544534471712367, 6.30397006310807 ], [ -75.5445256000352, 6.30398687851897 ], [ -75.544519221567924, 6.304004661809237 ], [ -75.544524531127394, 6.304059701446808 ], [ -75.544524697887795, 6.30406035972687 ], [ -75.544525076948972, 6.304064529427321 ], [ -75.544527461578653, 6.304089737858343 ], [ -75.544527451913069, 6.304089979302205 ], [ -75.544523927756458, 6.304115146062814 ], [ -75.544515049801163, 6.304141790960147 ], [ -75.544504746953905, 6.304172712009737 ], [ -75.544502089686944, 6.304187944727142 ], [ -75.544494176102617, 6.304203522258831 ], [ -75.544494066145205, 6.304203765096489 ], [ -75.544471841746429, 6.304205687247643 ], [ -75.544446814578123, 6.304212647207213 ], [ -75.544427117943286, 6.304225031099151 ], [ -75.544408776460102, 6.304243110579669 ], [ -75.544379680858412, 6.304268875040974 ], [ -75.544354472076293, 6.304290660534251 ], [ -75.544336400836627, 6.30431561081548 ], [ -75.54431760616508, 6.304333961931917 ], [ -75.544288874483655, 6.304346526453948 ], [ -75.544285290565014, 6.304345544008782 ], [ -75.544284033795066, 6.304345199351 ], [ -75.544280148228978, 6.304347027440464 ], [ -75.54426448315904, 6.304342498397748 ], [ -75.544260017699315, 6.304341405434637 ], [ -75.544240990694945, 6.304403648487756 ], [ -75.544197111351266, 6.304392899507274 ] ] ] ] } },
{ "type": "Feature", "properties": { "comuna": "07", "barrio": "07", "codigo": "0707", "nombre_bar": "Bosques de San Pablo", "indicador_": "U", "sector": 2, "nombre_com": "ROBLEDO", "fecha_sinc": "2026-05-22", "Shape_Leng": 3011.8204364399999, "Shape_Area": 262381.93145799998 }, "geometry": { "type": "MultiPolygon", "coordinates": [ [ [ [ -75.583880975562565, 6.279633247795275 ], [ -75.583685946531205, 6.279415220078215 ], [ -75.583511444202784, 6.279245257577315 ], [ -75.583279643277933, 6.27902635339085 ], [ -75.583043561696257, 6.278804890811088 ], [ -75.582824581347495, 6.278607456379966 ], [ -75.582496974343087, 6.278265371465366 ], [ -75.582283126352905, 6.278062792387141 ], [ -75.582041913289089, 6.277839612157516 ], [ -75.581823800609001, 6.277632730468416 ], [ -75.581400308474556, 6.277256446724361 ], [ -75.581372851634043, 6.277231912459634 ], [ -75.581349768099898, 6.277211101330805 ], [ -75.581315553459589, 6.277188873257568 ], [ -75.581301666712847, 6.277180872816236 ], [ -75.581291954131558, 6.277168451615898 ], [ -75.581266357989193, 6.277148572326002 ], [ -75.581257449838148, 6.277137678672663 ], [ -75.581184212575849, 6.2770577465081 ], [ -75.580556929941082, 6.276449538745914 ], [ -75.580554888179066, 6.276447558925748 ], [ -75.580412877919528, 6.276298795138165 ], [ -75.580345452121236, 6.276248179741873 ], [ -75.580227201951701, 6.27615230151461 ], [ -75.579942300003353, 6.276033355183327 ], [ -75.579825022789265, 6.276016171594208 ], [ -75.5796197727676, 6.275985231943223 ], [ -75.579297253286853, 6.275954293269928 ], [ -75.578734665545468, 6.275932597957135 ], [ -75.578759037668888, 6.275761763251559 ], [ -75.578731406624144, 6.275641554892472 ], [ -75.578718844774812, 6.275474211083161 ], [ -75.578718842938287, 6.275361080298045 ], [ -75.578741444042976, 6.275181944883258 ], [ -75.578776612513678, 6.275040526541191 ], [ -75.578821827016526, 6.274830755145445 ], [ -75.578836894495922, 6.274795398129493 ], [ -75.578789391415498, 6.274751915120648 ], [ -75.579170986759891, 6.274312214530775 ], [ -75.579241319384764, 6.274222650330337 ], [ -75.579343182104793, 6.274074351584576 ], [ -75.579448729115299, 6.273892775251533 ], [ -75.579629685539174, 6.273645164720477 ], [ -75.579695024481254, 6.273593282023397 ], [ -75.579770424522351, 6.273548475743629 ], [ -75.579800194331668, 6.273535240656721 ], [ -75.579826214269815, 6.273518091279454 ], [ -75.579935641744854, 6.273529334162593 ], [ -75.580144911841842, 6.273550827386829 ], [ -75.580901407511504, 6.273623910173072 ], [ -75.581663288260984, 6.273635417104929 ], [ -75.581680525864613, 6.27363567928461 ], [ -75.581823317630665, 6.273645529501523 ], [ -75.581936205553006, 6.27363844449768 ], [ -75.581978487716441, 6.273635791369078 ], [ -75.582002463054565, 6.273775349320177 ], [ -75.582026336063521, 6.273966404287558 ], [ -75.582058159262303, 6.274032743499836 ], [ -75.582111201924135, 6.274176033880797 ], [ -75.582129768477444, 6.274348514403796 ], [ -75.582182912326232, 6.274473077101384 ], [ -75.582185783875744, 6.274477332918178 ], [ -75.582188837362736, 6.274482206229775 ], [ -75.582192776823234, 6.274488471074248 ], [ -75.582199336355615, 6.274498930593963 ], [ -75.582201170768769, 6.274501922194655 ], [ -75.58220568754632, 6.274509281747115 ], [ -75.582209934739453, 6.274516205957485 ], [ -75.582212889474704, 6.274521024606744 ], [ -75.582215391534362, 6.274526023592819 ], [ -75.58222341431842, 6.274542079395018 ], [ -75.582224435457306, 6.274544131145171 ], [ -75.582227895723491, 6.274551245477266 ], [ -75.582232097129207, 6.274559879532053 ], [ -75.582233470850483, 6.274562707957691 ], [ -75.582236280574904, 6.274569453016457 ], [ -75.582240997642714, 6.274580788636886 ], [ -75.582244448688101, 6.274588048571344 ], [ -75.582251035721058, 6.27460188922036 ], [ -75.582259419786467, 6.274622871389901 ], [ -75.58226207627834, 6.274629506906026 ], [ -75.582267090812707, 6.274643085894026 ], [ -75.582270135606734, 6.274651329664765 ], [ -75.582274129138028, 6.274662150814009 ], [ -75.582277237446348, 6.274671182630798 ], [ -75.582280119416893, 6.274679570953449 ], [ -75.582282567756238, 6.274686686659362 ], [ -75.582284664153363, 6.274692788817159 ], [ -75.58228479076098, 6.274693729341958 ], [ -75.582286029188381, 6.27470284089989 ], [ -75.582286978015404, 6.274709838334515 ], [ -75.582288686212195, 6.274722422866226 ], [ -75.582298217687651, 6.274750546141776 ], [ -75.582298353880148, 6.274750864610932 ], [ -75.582300476742319, 6.274755736182422 ], [ -75.58230052149888, 6.274755834506562 ], [ -75.58230057633638, 6.274755961711626 ], [ -75.582300684106414, 6.27475619624138 ], [ -75.582306755726947, 6.274770136167171 ], [ -75.582315285327908, 6.274792231444757 ], [ -75.582317174403642, 6.274800999858151 ], [ -75.582318656492092, 6.274807851817167 ], [ -75.582320806378775, 6.274817842166846 ], [ -75.582321548317466, 6.274825209486976 ], [ -75.582322595745083, 6.2748357151767 ], [ -75.582323724961682, 6.274847050410182 ], [ -75.582324755658433, 6.274857277725216 ], [ -75.582324828016013, 6.274858026852178 ], [ -75.58232482833742, 6.274863594186974 ], [ -75.582324828380195, 6.274884143968414 ], [ -75.582324883041352, 6.274886069393247 ], [ -75.582325000386859, 6.274890815244394 ], [ -75.582325272070179, 6.274901030029763 ], [ -75.58232532626495, 6.27490322758555 ], [ -75.582325326163001, 6.274905957913393 ], [ -75.582325326482817, 6.274909690866012 ], [ -75.582325324499763, 6.274918091604805 ], [ -75.582334757027482, 6.274953821406301 ], [ -75.582342277069486, 6.275013994357894 ], [ -75.582346038207888, 6.275084195845035 ], [ -75.582336017755125, 6.27516442648822 ], [ -75.58231847958524, 6.275225854957555 ], [ -75.582285907527847, 6.275297309721523 ], [ -75.582253336078566, 6.275363754061818 ], [ -75.582225777501236, 6.275451507297538 ], [ -75.582209491727838, 6.275511679248567 ], [ -75.582203229997162, 6.275560570342722 ], [ -75.582214505788428, 6.275599431832465 ], [ -75.582244574253934, 6.275634532756403 ], [ -75.582289675216202, 6.275648319923606 ], [ -75.582327261342613, 6.275657095765 ], [ -75.582386143945868, 6.275675897682373 ], [ -75.582467578813421, 6.275721024585699 ], [ -75.582513934509976, 6.275752362805351 ], [ -75.582554025554117, 6.275788717033316 ], [ -75.582576577277621, 6.275835099978247 ], [ -75.582584095113177, 6.275883990883826 ], [ -75.58258409708219, 6.275944163839306 ], [ -75.582576582385286, 6.275999321873035 ], [ -75.5825703188696, 6.276040690104359 ], [ -75.582579088489908, 6.276070778069943 ], [ -75.582606652266151, 6.276092087790885 ], [ -75.582645490422621, 6.276110891818751 ], [ -75.582694350517286, 6.276128439442793 ], [ -75.58272441805272, 6.2761334542907 ], [ -75.582783300050707, 6.276134705203438 ], [ -75.582820884081727, 6.276138466061796 ], [ -75.582892297308135, 6.276198638305388 ], [ -75.582931137875079, 6.276258809443063 ], [ -75.582957447703293, 6.276310205920615 ], [ -75.582976241128321, 6.276346559410211 ], [ -75.582998792371583, 6.276366616367573 ], [ -75.583021342856938, 6.276385419366154 ], [ -75.583033873554555, 6.276418012944781 ], [ -75.583036378900118, 6.276465651092803 ], [ -75.583033875759526, 6.276515795661857 ], [ -75.58303638168411, 6.27655841796333 ], [ -75.583055175101208, 6.2765872503913 ], [ -75.583077728229057, 6.276622350339616 ], [ -75.583114060111754, 6.276648675978214 ], [ -75.583146633863947, 6.276686283205836 ], [ -75.583169187968167, 6.276736425245102 ], [ -75.583203014870179, 6.276797851532918 ], [ -75.583235590331995, 6.276875573727431 ], [ -75.583265660034229, 6.276916942522535 ], [ -75.583300739306992, 6.276962071070103 ], [ -75.583353360088353, 6.277009706833389 ], [ -75.583418509411544, 6.277069877303663 ], [ -75.583476140693733, 6.277121274603116 ], [ -75.58352779494281, 6.277163453553592 ], [ -75.583573827283359, 6.277187261298041 ], [ -75.583628977145068, 6.277200832320294 ], [ -75.58365435255736, 6.277222112967902 ], [ -75.583655779812716, 6.277222601357946 ], [ -75.583660006327321, 6.277224038774301 ], [ -75.583663730990054, 6.277226311326811 ], [ -75.583670913952304, 6.277230708573335 ], [ -75.583678077834278, 6.277235084215983 ], [ -75.583679189553848, 6.277236996282961 ], [ -75.583682315223541, 6.277242391775637 ], [ -75.583686307508671, 6.277249281955846 ], [ -75.583687111216676, 6.277250662135753 ], [ -75.583689119185706, 6.277254215205095 ], [ -75.58368960508632, 6.277255092476888 ], [ -75.583696455734881, 6.277267222159017 ], [ -75.583698162924847, 6.277270244209615 ], [ -75.583703423962348, 6.277283224342904 ], [ -75.583705689631117, 6.277288832923793 ], [ -75.583709817031362, 6.27730406800693 ], [ -75.583712211690226, 6.277312931546097 ], [ -75.583713198135968, 6.277317106241692 ], [ -75.583715626756174, 6.277327360089481 ], [ -75.583716731261205, 6.277332023309932 ], [ -75.583716902564163, 6.27733304859595 ], [ -75.583719747821675, 6.277350105403272 ], [ -75.583720933537663, 6.277352914856974 ], [ -75.58372440950788, 6.277361188116923 ], [ -75.583724608823729, 6.277361664487565 ], [ -75.583727410929072, 6.277368320961584 ], [ -75.583727774817845, 6.277369190698904 ], [ -75.583731666498892, 6.277378582062449 ], [ -75.583734637375358, 6.277385750316906 ], [ -75.583736310650835, 6.277389773352072 ], [ -75.583737953495756, 6.277394221455425 ], [ -75.583739773038047, 6.277399139712496 ], [ -75.583742988262856, 6.277407854546797 ], [ -75.583744842659726, 6.277412878409186 ], [ -75.583745057936895, 6.277414026433066 ], [ -75.583746456092172, 6.277421439321445 ], [ -75.583747714217552, 6.277428122403816 ], [ -75.583748871120264, 6.277434249976264 ], [ -75.583749862845238, 6.277439495077246 ], [ -75.58375040405268, 6.277442243523113 ], [ -75.583751886141243, 6.277449820539692 ], [ -75.583752753715856, 6.277454258005337 ], [ -75.583753107865519, 6.277456084308245 ], [ -75.583754880838384, 6.277465117266916 ], [ -75.583758394441787, 6.277488717222572 ], [ -75.583758819557872, 6.277494857448765 ], [ -75.583754455428263, 6.27754283415547 ], [ -75.583764619721009, 6.277560915311184 ], [ -75.583777043259204, 6.27758238555943 ], [ -75.583789466639473, 6.277595945100707 ], [ -75.583798501229836, 6.277611765302245 ], [ -75.583812054316596, 6.277627585795005 ], [ -75.583828994547872, 6.277649056341033 ], [ -75.583838593843183, 6.277671656166519 ], [ -75.583840853270758, 6.277696518080258 ], [ -75.583836902057016, 6.277722508214172 ], [ -75.583834077682297, 6.277742849512039 ], [ -75.583831257677474, 6.277768840389084 ], [ -75.583833516190083, 6.277786920797457 ], [ -75.583835775611263, 6.277811780902899 ], [ -75.583844810365704, 6.277828732105601 ], [ -75.583859492255471, 6.277846811742696 ], [ -75.583872479598043, 6.277861502210965 ], [ -75.583892244386064, 6.277877322764161 ], [ -75.583912572356567, 6.277888621939731 ], [ -75.583935722763414, 6.277892011840227 ], [ -75.583957180735354, 6.27790105156038 ], [ -75.583980333402309, 6.277907830845836 ], [ -75.58400009561268, 6.277911220296704 ], [ -75.584022119328253, 6.277914609427943 ], [ -75.584047528377113, 6.277916868917346 ], [ -75.584066726626688, 6.277912347732842 ], [ -75.584083665775623, 6.27790556665347 ], [ -75.584103430385753, 6.277899917090728 ], [ -75.584123193017689, 6.277886355928231 ], [ -75.584140697591323, 6.277864884362756 ], [ -75.58415650702517, 6.27784906353514 ], [ -75.584174011007761, 6.277836631873677 ], [ -75.584191516805333, 6.277824202011166 ], [ -75.584208456532309, 6.277808380121616 ], [ -75.584222571417655, 6.277795948922988 ], [ -75.584240640242626, 6.277777868488589 ], [ -75.584257579521974, 6.277765436902628 ], [ -75.584275085769235, 6.277756396434459 ], [ -75.584293154156683, 6.277748486002608 ], [ -75.584313481944676, 6.277745094759041 ], [ -75.584336069127275, 6.277739443908471 ], [ -75.58435413735927, 6.277730403375351 ], [ -75.584371641500454, 6.277725882413384 ], [ -75.584390276844687, 6.277721361288721 ], [ -75.584411167513693, 6.277711191179799 ], [ -75.584431495439176, 6.27770215033377 ], [ -75.584450130644427, 6.277703279710314 ], [ -75.58447328133866, 6.27770892888421 ], [ -75.584493610041804, 6.277712318232524 ], [ -75.584518454664433, 6.277710057376162 ], [ -75.584538782924312, 6.277716837025801 ], [ -75.584556289071003, 6.277733787050694 ], [ -75.584569275979334, 6.277751867798021 ], [ -75.584583957272301, 6.277765427911283 ], [ -75.584602027812934, 6.277780117657425 ], [ -75.584618967742401, 6.277792546457798 ], [ -75.584634778880769, 6.277802717015814 ], [ -75.584650026374206, 6.277814016841075 ], [ -75.584657932805641, 6.27783209736385 ], [ -75.584655108461348, 6.27785243774914 ], [ -75.584670919412403, 6.277847917907188 ], [ -75.584677131268194, 6.277855827760608 ], [ -75.584685037527194, 6.277865997581698 ], [ -75.58469858989163, 6.277882948141562 ], [ -75.584708754503652, 6.277896507956418 ], [ -75.584727388118807, 6.277919108327016 ], [ -75.584729647126011, 6.277940579016698 ], [ -75.584738119319496, 6.277959789554049 ], [ -75.584756189430465, 6.277977869592859 ], [ -75.584775387709655, 6.277986909585249 ], [ -75.584796280679413, 6.27799368914186 ], [ -75.584814914392553, 6.277997078708376 ], [ -75.584842582975938, 6.277998207743318 ], [ -75.584861218032401, 6.277998207001205 ], [ -75.584875435567142, 6.277996146888248 ], [ -75.584892409574806, 6.277993688020135 ], [ -75.584899500330977, 6.277992761569477 ], [ -75.584908048499457, 6.277992025912712 ], [ -75.584934279782686, 6.277988983385306 ], [ -75.584938543674554, 6.277987373853184 ], [ -75.584944484964353, 6.277985126794985 ], [ -75.584946449147679, 6.277984381170763 ], [ -75.58495884441011, 6.27797868390334 ], [ -75.584965022226726, 6.277975848024565 ], [ -75.584983090527345, 6.277974332127944 ], [ -75.584991381241295, 6.277975071392174 ], [ -75.584993989934816, 6.277975302606563 ], [ -75.584997197931642, 6.277975588721455 ], [ -75.58500567754308, 6.277976340613442 ], [ -75.585017342441503, 6.277980833221632 ], [ -75.585025256035706, 6.277983881560244 ], [ -75.585028709431285, 6.277985743178001 ], [ -75.585034780964506, 6.277989017595639 ], [ -75.585041259215672, 6.277992502462742 ], [ -75.585044828535388, 6.277994419560597 ], [ -75.585057993701355, 6.27800101307031 ], [ -75.585063901022011, 6.278003967350391 ], [ -75.585066891893163, 6.278005295133354 ], [ -75.585079612435649, 6.278010954212096 ], [ -75.585081971270512, 6.278012002140374 ], [ -75.585089624081704, 6.278014019306801 ], [ -75.585099493352885, 6.278016612270877 ], [ -75.585101045812749, 6.278017022286085 ], [ -75.585110075363403, 6.278017712693956 ], [ -75.585125618422424, 6.278019328343085 ], [ -75.585140965449853, 6.278020584232331 ], [ -75.585151902454115, 6.278021300474938 ], [ -75.585169650730691, 6.278021945999222 ], [ -75.585186434671613, 6.278022351281566 ], [ -75.585188310819703, 6.278022441461252 ], [ -75.585190389399926, 6.278022540585683 ], [ -75.585199652231736, 6.278021801393278 ], [ -75.585215484643001, 6.278020533403638 ], [ -75.585236068180592, 6.27801752147636 ], [ -75.585291029806413, 6.278016185828776 ], [ -75.585335491954964, 6.278006855741723 ], [ -75.585362743092702, 6.278005419224591 ], [ -75.585387126716611, 6.278010442058125 ], [ -75.585422984742166, 6.27802694425234 ], [ -75.585449810849454, 6.278047402118613 ], [ -75.585466426514401, 6.278080352376961 ], [ -75.585470146653506, 6.278085367910718 ], [ -75.585471947359167, 6.278091591738109 ], [ -75.585474285796153, 6.278099674408386 ], [ -75.585474495313321, 6.278100386691952 ], [ -75.585476302799691, 6.278102308875036 ], [ -75.585477928685663, 6.27810404933127 ], [ -75.585479417429966, 6.278105645812449 ], [ -75.585483944380073, 6.278110472023114 ], [ -75.585489544082947, 6.278116452867197 ], [ -75.585511368645214, 6.278122146506971 ], [ -75.585519018585842, 6.278126694198652 ], [ -75.585542624971353, 6.278133869859611 ], [ -75.585565036569832, 6.278141343440766 ], [ -75.585583861566931, 6.278145229274195 ], [ -75.585611052535725, 6.278152105145804 ], [ -75.585633463931401, 6.278155692990573 ], [ -75.58565288607069, 6.2781634064551 ], [ -75.585688745084354, 6.278179190779352 ], [ -75.585706673873162, 6.2781942599785 ], [ -75.585734642548999, 6.278209328382867 ], [ -75.585761032059352, 6.278232671491078 ], [ -75.585793726744157, 6.278261592346293 ], [ -75.585800800782721, 6.278267530639853 ], [ -75.585804371796939, 6.278270522672612 ], [ -75.585809288304489, 6.278274644483822 ], [ -75.585810613115584, 6.278275794254272 ], [ -75.585816299727838, 6.27828071056172 ], [ -75.585823688674481, 6.278287112899364 ], [ -75.585827863561391, 6.278290719433772 ], [ -75.585837890540589, 6.278305310542004 ], [ -75.585838906177955, 6.278306791829211 ], [ -75.585848103847724, 6.278319393540459 ], [ -75.58585245577946, 6.278325370599624 ], [ -75.585861376937004, 6.278333571714669 ], [ -75.585868650735151, 6.278340258501156 ], [ -75.585871034185715, 6.278342449059213 ], [ -75.585882262722038, 6.278352438792342 ], [ -75.585884586847484, 6.278354508496882 ], [ -75.585899144322198, 6.278372079659945 ], [ -75.585902322721196, 6.278375704679243 ], [ -75.585905013153919, 6.27837876706049 ], [ -75.585912370279274, 6.278387142254182 ], [ -75.585913696866911, 6.278388651838938 ], [ -75.585915913365412, 6.278391065625285 ], [ -75.585920666137838, 6.278396245112498 ], [ -75.585924070812766, 6.278399950380365 ], [ -75.585930767504522, 6.278407234901636 ], [ -75.585935787303583, 6.278412147269589 ], [ -75.58594041751266, 6.278416658343559 ], [ -75.585942094422791, 6.278418301808696 ], [ -75.585943510771159, 6.278419691611203 ], [ -75.585945402827321, 6.278421540143058 ], [ -75.585950661384047, 6.278426681870977 ], [ -75.585952350952127, 6.278428327081644 ], [ -75.585973429464588, 6.278437364954719 ], [ -75.585993503550768, 6.278441884682486 ], [ -75.585994517356013, 6.278442079473381 ], [ -75.586004968854695, 6.278444012272014 ], [ -75.586012813133351, 6.278445463425013 ], [ -75.586020608614305, 6.278446913010883 ], [ -75.586022288510321, 6.278447147905438 ], [ -75.586042195867236, 6.27844992267812 ], [ -75.586043632461539, 6.278449922810415 ], [ -75.58605754483159, 6.278449922758771 ], [ -75.586061267324226, 6.278449922441919 ], [ -75.586062323825814, 6.278450164033771 ], [ -75.586069570166558, 6.278451836928343 ], [ -75.586074647411465, 6.278453011546976 ], [ -75.586080845377623, 6.278454441905228 ], [ -75.58608584214376, 6.278456884440526 ], [ -75.586093737143827, 6.278460740192032 ], [ -75.586095337499358, 6.278461517926944 ], [ -75.586101077910186, 6.278464336499741 ], [ -75.586102432802477, 6.278464990684936 ], [ -75.586104700730289, 6.278467755902576 ], [ -75.586104947248046, 6.27847083849813 ], [ -75.586105775626493, 6.278481241259019 ], [ -75.586107183661383, 6.278482960186722 ], [ -75.586108435276245, 6.278487035917879 ], [ -75.586110866170372, 6.278494993360629 ], [ -75.586122440718157, 6.27847532396281 ], [ -75.586123883451222, 6.278480045165845 ], [ -75.586125757199397, 6.278486970191587 ], [ -75.586127409103739, 6.278493065465066 ], [ -75.586128969915222, 6.278498827583589 ], [ -75.586130407475949, 6.278504148216558 ], [ -75.586133272641717, 6.278518446531789 ], [ -75.58613432401259, 6.278523688610486 ], [ -75.586134819815243, 6.278526753700381 ], [ -75.586135181908418, 6.278529088955215 ], [ -75.586135821082834, 6.278533193931565 ], [ -75.586136073332312, 6.278534875176044 ], [ -75.586135899181542, 6.278548465250312 ], [ -75.586147133824312, 6.278563716684118 ], [ -75.586147751878983, 6.278569034134896 ], [ -75.586148861529651, 6.278579309837968 ], [ -75.586149386032844, 6.278584162150366 ], [ -75.586149757305591, 6.278587624746446 ], [ -75.586151822855626, 6.278594967412388 ], [ -75.5861533797883, 6.278600492680981 ], [ -75.586155276029118, 6.278607215081379 ], [ -75.586156083631536, 6.278609931463653 ], [ -75.586157363418991, 6.278614223130024 ], [ -75.586156786751047, 6.278627172393377 ], [ -75.58616304517308, 6.278653659907564 ], [ -75.586164162479079, 6.278656701131501 ], [ -75.586172327111811, 6.278680033931938 ], [ -75.586173020681798, 6.278681064770165 ], [ -75.586176411355254, 6.278708836689748 ], [ -75.586180278493444, 6.278737952427829 ], [ -75.586180333852795, 6.278738368030556 ], [ -75.586182312611896, 6.278743503363777 ], [ -75.586183107953076, 6.278745566157257 ], [ -75.586183676315244, 6.27874722323711 ], [ -75.586184109009537, 6.278748485904957 ], [ -75.586185472177917, 6.278752463443404 ], [ -75.586185481386963, 6.278752498656964 ], [ -75.586189125455348, 6.278763149681781 ], [ -75.586190341714556, 6.278770678264964 ], [ -75.586191173789757, 6.278775789431498 ], [ -75.586192142744949, 6.278781723537483 ], [ -75.586192072192404, 6.278783354844911 ], [ -75.586191862305498, 6.278787875373751 ], [ -75.586191510867224, 6.278795568111732 ], [ -75.58619114147379, 6.27880383322049 ], [ -75.586190056275498, 6.278807295783088 ], [ -75.586187287185211, 6.278816119721556 ], [ -75.586185866563952, 6.278820636290238 ], [ -75.586185619176746, 6.278821404172162 ], [ -75.586180324304777, 6.278830137530576 ], [ -75.586170587684876, 6.278838677673855 ], [ -75.586169332377324, 6.278840991992828 ], [ -75.586169006454782, 6.278841591200151 ], [ -75.586161690412581, 6.278852337988592 ], [ -75.586154290989171, 6.27886010444039 ], [ -75.586150361393365, 6.278863359563512 ], [ -75.586144929197118, 6.27887429141716 ], [ -75.586142205943588, 6.27888050414869 ], [ -75.586140845750521, 6.278883168864724 ], [ -75.586138314002639, 6.278888092336954 ], [ -75.586137009259502, 6.278890641960856 ], [ -75.586133487701275, 6.278929330448418 ], [ -75.586130762532221, 6.278945403980592 ], [ -75.586130870487253, 6.278952995903475 ], [ -75.586131337852578, 6.278954875885994 ], [ -75.586132340933489, 6.278956741467483 ], [ -75.58613345501233, 6.278963521074375 ], [ -75.586133633669391, 6.278964204579147 ], [ -75.586133919355703, 6.278977599811465 ], [ -75.586135250036122, 6.27898359812738 ], [ -75.586136070905326, 6.278989367519078 ], [ -75.586138654306907, 6.279005155339921 ], [ -75.586140067522081, 6.279012132365454 ], [ -75.586140016029134, 6.279013231980215 ], [ -75.586139307007315, 6.279017123929248 ], [ -75.586138153774939, 6.279023459991803 ], [ -75.586137826491793, 6.279030555014344 ], [ -75.586137550773017, 6.279036564887097 ], [ -75.586136006084175, 6.279042121760304 ], [ -75.586134352179997, 6.279048067023322 ], [ -75.586130540422204, 6.279054327627524 ], [ -75.586130359219752, 6.27905495866634 ], [ -75.586126709287271, 6.279059408504231 ], [ -75.586118858885797, 6.279068980823941 ], [ -75.586116876304899, 6.279074967491193 ], [ -75.586112696440352, 6.279082799396345 ], [ -75.586110241492989, 6.279086076161152 ], [ -75.586107838659572, 6.27908874512718 ], [ -75.586105238502938, 6.279092989070347 ], [ -75.586105213673662, 6.27909308412139 ], [ -75.586103947976355, 6.279097869340208 ], [ -75.586101361723507, 6.279106576653396 ], [ -75.586099887410796, 6.279109368504817 ], [ -75.586099501815895, 6.279111789726656 ], [ -75.586098498411999, 6.279116813229867 ], [ -75.586096083305719, 6.279122852663646 ], [ -75.586095669709408, 6.279125458456022 ], [ -75.586095199229135, 6.279128437914276 ], [ -75.586095056067393, 6.279135493151529 ], [ -75.586094983316528, 6.279139058295215 ], [ -75.586095134111488, 6.279146725949181 ], [ -75.586095316082648, 6.279155584121193 ], [ -75.586095462392748, 6.279162709349816 ], [ -75.586095488596783, 6.279164173828506 ], [ -75.586092693400317, 6.279177043650999 ], [ -75.586091762101603, 6.279182946466894 ], [ -75.586091338154347, 6.279185651759176 ], [ -75.586090895777517, 6.279188101288143 ], [ -75.586090355011976, 6.279191119065163 ], [ -75.586090612794322, 6.279201058141155 ], [ -75.586093626927905, 6.279215697460716 ], [ -75.586093207395976, 6.279223506257976 ], [ -75.586092968285229, 6.27922796364606 ], [ -75.586092685502436, 6.279231993620577 ], [ -75.586082457983196, 6.279260607653588 ], [ -75.586082073417487, 6.279269459585378 ], [ -75.586081508106631, 6.279290930643399 ], [ -75.58608715614136, 6.279311271627241 ], [ -75.586102403478094, 6.279333871464873 ], [ -75.586121037796389, 6.279354211538324 ], [ -75.586135155377875, 6.279367771647153 ], [ -75.586149271470077, 6.279383591960387 ], [ -75.586166778945355, 6.279402802077799 ], [ -75.586175813264617, 6.279428793086496 ], [ -75.586176943543649, 6.279448002795736 ], [ -75.586177508541837, 6.279469473689008 ], [ -75.586182025854768, 6.279493205131256 ], [ -75.586182592497849, 6.279513545013307 ], [ -75.586182593542745, 6.279533885883281 ], [ -75.586188804475498, 6.279554225888623 ], [ -75.586200098185444, 6.279577956376984 ], [ -75.586220993078797, 6.27959151642628 ], [ -75.586243579901463, 6.279596036360337 ], [ -75.586268425676693, 6.27960168516911 ], [ -75.586294401281961, 6.279603944423061 ], [ -75.586314728080495, 6.27960620357628 ], [ -75.586338445472606, 6.279606202945858 ], [ -75.586364419269984, 6.279608462205096 ], [ -75.586384182117186, 6.27960959223671 ], [ -75.586410722256744, 6.279610720403 ], [ -75.58642992130747, 6.279611850508056 ], [ -75.586450813282241, 6.279617499869357 ], [ -75.586471707382941, 6.27962540941634 ], [ -75.58648977665365, 6.27963670875928 ], [ -75.586508411266891, 6.27965252931662 ], [ -75.586524787982341, 6.279668349283607 ], [ -75.586533822693056, 6.27968416848401 ], [ -75.586542292873517, 6.279701119669749 ], [ -75.586548506109096, 6.279724849948428 ], [ -75.586551328807786, 6.279738409831053 ], [ -75.586552458954813, 6.279756491243803 ], [ -75.58655867155359, 6.279775701130973 ], [ -75.586563753745693, 6.279800561675182 ], [ -75.586564320308526, 6.27982655294745 ], [ -75.586563191809716, 6.279845762969233 ], [ -75.586566580493354, 6.27986836445708 ], [ -75.586577874544986, 6.279894354218567 ], [ -75.586579437844108, 6.279897689771995 ], [ -75.58614757166923, 6.280231864324238 ], [ -75.58644477550925, 6.28059238893187 ], [ -75.586560498454645, 6.280639753650139 ], [ -75.58673368436763, 6.280762094180566 ], [ -75.586843345229909, 6.280839557540032 ], [ -75.586843332705982, 6.280839582916216 ], [ -75.586827753559177, 6.280868904198178 ], [ -75.58677819175692, 6.280962183531213 ], [ -75.586589737201464, 6.28129130066529 ], [ -75.586255028877488, 6.28149926404023 ], [ -75.585820026034554, 6.281843091017913 ], [ -75.585809238722476, 6.281837025548947 ], [ -75.585651633863705, 6.281748381429223 ], [ -75.585126427374092, 6.281533789946628 ], [ -75.584983585630326, 6.281460395814983 ], [ -75.584810801761805, 6.281336794167148 ], [ -75.58470302249404, 6.281225194692315 ], [ -75.584581552738484, 6.281020896070645 ], [ -75.584405337781774, 6.280690830960471 ], [ -75.584249651600274, 6.280366351844855 ], [ -75.58413203728081, 6.28009422425998 ], [ -75.584100125332071, 6.280029307095135 ], [ -75.584054931116455, 6.279937367475824 ], [ -75.584005434644183, 6.279836696693414 ], [ -75.583913638291833, 6.279686630642002 ], [ -75.583880975562565, 6.279633247795275 ] ] ] ] } },
{ "type": "Feature", "properties": { "comuna": "14", "barrio": "19", "codigo": "1419", "nombre_bar": "Manila", "indicador_": "U", "sector": 5, "nombre_com": "EL POBLADO", "fecha_sinc": "2026-05-22", "Shape_Leng": 2570.45590343, "Shape_Area": 279951.74793100002 }, "geometry": { "type": "MultiPolygon", "coordinates": [ [ [ [ -75.569951991121187, 6.214689578518045 ], [ -75.569977208121131, 6.213193408453845 ], [ -75.569983774805323, 6.212997938918835 ], [ -75.569983756088874, 6.212847236784073 ], [ -75.569983476064252, 6.212828631927651 ], [ -75.569989464881175, 6.212448206921512 ], [ -75.570006500502828, 6.212083736980497 ], [ -75.570067402736797, 6.211669637057113 ], [ -75.570111024474301, 6.211519494910287 ], [ -75.570163537338999, 6.211338770226737 ], [ -75.570183428576172, 6.211285691940907 ], [ -75.570206690183355, 6.211223624160423 ], [ -75.570242028433881, 6.211129314717998 ], [ -75.57045809011133, 6.210603746552988 ], [ -75.570744219252646, 6.210702122296087 ], [ -75.571138659929545, 6.210852524285938 ], [ -75.571591756746031, 6.211025290850684 ], [ -75.571943974857604, 6.211158008119713 ], [ -75.572495908191243, 6.211365976511741 ], [ -75.572534543745888, 6.211380531557508 ], [ -75.572816193289043, 6.211492484471623 ], [ -75.573093857446821, 6.211602846395379 ], [ -75.57383636489989, 6.211891622505829 ], [ -75.573904757689249, 6.21193288131291 ], [ -75.574315255173047, 6.212205631965598 ], [ -75.574679021746675, 6.212455437898009 ], [ -75.574735201108737, 6.212508152058175 ], [ -75.574736095963218, 6.212512337248249 ], [ -75.574774280945775, 6.212515030810031 ], [ -75.574828013497338, 6.212531068040684 ], [ -75.574879305988532, 6.212560863818607 ], [ -75.574977005353901, 6.212634206831103 ], [ -75.575285978780471, 6.212819961211659 ], [ -75.575537223870597, 6.212966626235071 ], [ -75.575632861329936, 6.212983606487007 ], [ -75.575681457207963, 6.212992233404861 ], [ -75.575958289392972, 6.212959635669269 ], [ -75.575893148271248, 6.212701221144868 ], [ -75.576386710256855, 6.212829166593522 ], [ -75.576548509320915, 6.212999178300844 ], [ -75.576661771355077, 6.213136806110476 ], [ -75.578120200538706, 6.213375069165933 ], [ -75.578082355601381, 6.213663144726069 ], [ -75.578026382641681, 6.214089199093505 ], [ -75.577860124370972, 6.215152732213849 ], [ -75.577857235818684, 6.215171211369821 ], [ -75.577831213509882, 6.215364594062801 ], [ -75.577735900926371, 6.215347432013838 ], [ -75.577626681923533, 6.215329868554491 ], [ -75.577613123794578, 6.215326596797275 ], [ -75.577589438226255, 6.215320881869408 ], [ -75.577570599748512, 6.21531633488506 ], [ -75.577532958069568, 6.215307249782712 ], [ -75.577527670061301, 6.215306071330835 ], [ -75.577525144073334, 6.215305506843706 ], [ -75.577450164416035, 6.215282173714456 ], [ -75.577426895658334, 6.215185999228859 ], [ -75.577329261183593, 6.215010190179796 ], [ -75.576242001640594, 6.214851463683296 ], [ -75.576242708092053, 6.214846819556944 ], [ -75.576225783664611, 6.21486355625845 ], [ -75.576135514336755, 6.214952823815298 ], [ -75.57613074377366, 6.214957541093655 ], [ -75.576076451103901, 6.214951024177349 ], [ -75.57603701021668, 6.214946287338992 ], [ -75.576009629826657, 6.214943385775748 ], [ -75.575627974975944, 6.21490299516983 ], [ -75.575532626282069, 6.214845551181178 ], [ -75.575360189212333, 6.21478998089182 ], [ -75.574981704783241, 6.214709553009565 ], [ -75.574769813088835, 6.214674458846952 ], [ -75.574600300498147, 6.21466422310733 ], [ -75.574448323379656, 6.214709560327978 ], [ -75.573989027373813, 6.214851873406627 ], [ -75.57372254254274, 6.214982792344272 ], [ -75.573499666179572, 6.215050677267934 ], [ -75.573281633684445, 6.215108865677351 ], [ -75.573034530243106, 6.215128262728808 ], [ -75.572947318691746, 6.215123413777107 ], [ -75.572923487695064, 6.215153017602783 ], [ -75.572915720429549, 6.215149739215756 ], [ -75.572869378548972, 6.215140790125299 ], [ -75.572737993276917, 6.215093718200121 ], [ -75.572317107125087, 6.214991710683741 ], [ -75.571655855391612, 6.214831449243427 ], [ -75.571560297523945, 6.214804554608968 ], [ -75.571467133887623, 6.214786620504291 ], [ -75.571354855857209, 6.214773177782013 ], [ -75.571127921398158, 6.214764211166874 ], [ -75.571048895854602, 6.214764048635146 ], [ -75.570981993415515, 6.21477525845004 ], [ -75.570953571956181, 6.214783834594341 ], [ -75.570592643812361, 6.214801221070029 ], [ -75.5704485147497, 6.214793354000069 ], [ -75.570047575237965, 6.214733039942382 ], [ -75.569951991121187, 6.214689578518045 ] ] ] ] } },
{ "type": "Feature", "properties": { "comuna": "14", "barrio": "22", "codigo": "1422", "nombre_bar": "La Aguacatala", "indicador_": "U", "sector": 5, "nombre_com": "EL POBLADO", "fecha_sinc": "2026-05-22", "Shape_Leng": 3891.28635029, "Shape_Area": 668170.59232399997 }, "geometry": { "type": "MultiPolygon", "coordinates": [ [ [ [ -75.573070991223275, 6.200198869082418 ], [ -75.573213127358841, 6.199953179229746 ], [ -75.573278428803789, 6.19984136871454 ], [ -75.57344519120214, 6.199555810934934 ], [ -75.573603271601129, 6.199245609168625 ], [ -75.573648717221246, 6.199162093691952 ], [ -75.574004741456079, 6.198505194683764 ], [ -75.574076318381501, 6.198344005791014 ], [ -75.574204255362346, 6.198078969699898 ], [ -75.574373996242088, 6.197769363257385 ], [ -75.574397301627315, 6.197712328563648 ], [ -75.574440208337094, 6.197607351519482 ], [ -75.574499185561223, 6.197459758998911 ], [ -75.574526112985737, 6.197392372068031 ], [ -75.574575667649938, 6.197246225764939 ], [ -75.574714466888821, 6.19671620897323 ], [ -75.574738512272148, 6.196624937359253 ], [ -75.574791102269046, 6.196425336526823 ], [ -75.574795862585546, 6.19640194631071 ], [ -75.574816122557522, 6.196302433332067 ], [ -75.574865569511559, 6.196165571687188 ], [ -75.574912270946996, 6.196064075081256 ], [ -75.574996611962561, 6.195891819724591 ], [ -75.575045672564045, 6.195831768673924 ], [ -75.575111603975557, 6.195751070354226 ], [ -75.575184284183749, 6.195673277539285 ], [ -75.57526034429138, 6.195576003267499 ], [ -75.57554555591777, 6.19532422574689 ], [ -75.575870533838668, 6.1950349577012 ], [ -75.575901336210009, 6.195024480639163 ], [ -75.575983131416862, 6.194922685168815 ], [ -75.576082703198352, 6.194809689365321 ], [ -75.576138283828683, 6.194729266441945 ], [ -75.576222038589762, 6.194622299105369 ], [ -75.576316931541641, 6.194489353820114 ], [ -75.576353169707687, 6.194314682371258 ], [ -75.576386508965612, 6.194147653710944 ], [ -75.576401494317267, 6.194072627462358 ], [ -75.576408980156614, 6.193903818608963 ], [ -75.576401487831163, 6.193704995377218 ], [ -75.576398991166158, 6.193665013355366 ], [ -75.576386497858365, 6.193464902583837 ], [ -75.57634902403997, 6.193127274763778 ], [ -75.576319048729985, 6.192932203304337 ], [ -75.576314852018811, 6.192597386438144 ], [ -75.576333186031874, 6.192399006396704 ], [ -75.576448098144624, 6.192648935797169 ], [ -75.576534198430622, 6.192834870894382 ], [ -75.5766882725448, 6.193020803880879 ], [ -75.576815154502441, 6.193134177518982 ], [ -75.576969226055184, 6.193243015169516 ], [ -75.577145955351412, 6.193365457649627 ], [ -75.577304557937566, 6.193506041861384 ], [ -75.577404253502849, 6.193664763517762 ], [ -75.577464009611035, 6.19380109425561 ], [ -75.577559377729358, 6.193953220762009 ], [ -75.577766781288588, 6.194177214547157 ], [ -75.578351347158559, 6.194413025947672 ], [ -75.578645892011707, 6.194485578569725 ], [ -75.578739409530201, 6.194475851431358 ], [ -75.578894979794981, 6.194405785695149 ], [ -75.579190562029183, 6.194222841770531 ], [ -75.579322795496012, 6.194133315107218 ], [ -75.579447252356644, 6.194113850441101 ], [ -75.579622271432783, 6.194137201382754 ], [ -75.579785622494782, 6.194215044039886 ], [ -75.579836185586657, 6.194261749917898 ], [ -75.579871191014149, 6.194347381861012 ], [ -75.579902305599973, 6.194433011934949 ], [ -75.579925643988517, 6.194514750684146 ], [ -75.579960649633193, 6.194588703627233 ], [ -75.580046214182218, 6.194693794965104 ], [ -75.580143449995845, 6.19482613014968 ], [ -75.581411090646213, 6.195192370183423 ], [ -75.581526464131244, 6.195225703428756 ], [ -75.581337149423845, 6.195757492975854 ], [ -75.581056175241585, 6.196503412121892 ], [ -75.580802670793801, 6.197172803373012 ], [ -75.580710618006776, 6.197439441414807 ], [ -75.580607655313415, 6.197719146006327 ], [ -75.580519402152888, 6.197984130095612 ], [ -75.580438503543064, 6.198227033173308 ], [ -75.58037231411069, 6.198444173243342 ], [ -75.580306125591434, 6.198679713267314 ], [ -75.58023993614988, 6.198915253309963 ], [ -75.580173747124846, 6.199180237620307 ], [ -75.580114915949039, 6.199430500149345 ], [ -75.580063435494239, 6.199702844442156 ], [ -75.580019313469478, 6.199967827106507 ], [ -75.579975190435746, 6.200254892982448 ], [ -75.579886940620412, 6.200773816804043 ], [ -75.579859881529657, 6.201044677948484 ], [ -75.579828114647697, 6.201362666702877 ], [ -75.579761930063171, 6.20182638543797 ], [ -75.579710453144088, 6.20220177932701 ], [ -75.579585435488141, 6.20300040767407 ], [ -75.579469525371238, 6.203954345342439 ], [ -75.57946823288772, 6.203964986401478 ], [ -75.57935680557712, 6.203948103948753 ], [ -75.579218449491208, 6.203933370582792 ], [ -75.579197092334908, 6.203933369756922 ], [ -75.579139393842581, 6.203934013387509 ], [ -75.578981439219305, 6.20393612453319 ], [ -75.578698026084368, 6.203906199274186 ], [ -75.578381771591054, 6.203814924263597 ], [ -75.578114104860674, 6.203737672579509 ], [ -75.577283797979504, 6.203384930667983 ], [ -75.577228976070387, 6.203996375075596 ], [ -75.575740690790155, 6.203322241936323 ], [ -75.575879439106956, 6.203016913570069 ], [ -75.575734766893618, 6.202948144483406 ], [ -75.575562938879571, 6.203070083880651 ], [ -75.575507517941432, 6.20310517352852 ], [ -75.574311221859233, 6.202541120981958 ], [ -75.574393266079014, 6.202363869572016 ], [ -75.574426234337579, 6.202209531314329 ], [ -75.574631055319983, 6.201840230377821 ], [ -75.574838120452227, 6.201663801459932 ], [ -75.574959209207378, 6.201704486209938 ], [ -75.575112546053234, 6.201530729675241 ], [ -75.575119713862136, 6.201527252957188 ], [ -75.575120798389847, 6.2015269746491 ], [ -75.575121874725738, 6.201526683723589 ], [ -75.575122951855278, 6.201526370192008 ], [ -75.575124019841397, 6.201526034102691 ], [ -75.57512508415256, 6.201525685373953 ], [ -75.575126136636513, 6.201525319525071 ], [ -75.575127186283055, 6.20152492747135 ], [ -75.575128231351286, 6.201524522782672 ], [ -75.575129264583509, 6.201524099165675 ], [ -75.575130292303314, 6.201523656589597 ], [ -75.575131313616126, 6.201523196866993 ], [ -75.575132324908466, 6.20152272001543 ], [ -75.575133329785018, 6.201522224209196 ], [ -75.575134321031996, 6.201521712195626 ], [ -75.575135307669925, 6.201521181218606 ], [ -75.57513628158604, 6.201520634933875 ], [ -75.575137246389446, 6.201520072419894 ], [ -75.575138211078709, 6.201519486400161 ], [ -75.575139152227635, 6.201518889645822 ], [ -75.575140089697243, 6.201518279348013 ], [ -75.575141011712944, 6.201517649235387 ], [ -75.575141925523695, 6.201517003793199 ], [ -75.575142827494048, 6.201516338518563 ], [ -75.575143714045637, 6.201515660661654 ], [ -75.575144594194597, 6.201514966562304 ], [ -75.575145463450426, 6.201514261666835 ], [ -75.575146318151383, 6.201513536048132 ], [ -75.575147153824418, 6.201512798768716 ], [ -75.575147983099257, 6.201512046150981 ], [ -75.575148799674238, 6.201511282745845 ], [ -75.575149600790894, 6.201510498621889 ], [ -75.575150390106714, 6.201509702802115 ], [ -75.575151161280431, 6.201508891701051 ], [ -75.575151919754276, 6.201508069812698 ], [ -75.575152661011387, 6.20150723715894 ], [ -75.575153392265591, 6.201506390992548 ], [ -75.575154111696932, 6.201505528610002 ], [ -75.575154811210211, 6.201504657283415 ], [ -75.575155495295917, 6.201503771566449 ], [ -75.575156162169279, 6.201502875988148 ], [ -75.575156819943103, 6.201501966892802 ], [ -75.575157457785679, 6.201501046141165 ], [ -75.575158079310484, 6.201500113715734 ], [ -75.575158680921618, 6.201499173250366 ], [ -75.575159269824084, 6.201498220189507 ], [ -75.575159842421954, 6.201497258167021 ], [ -75.575160396917298, 6.201496288999882 ], [ -75.575160936862119, 6.201495300013526 ], [ -75.575161456038146, 6.201494312936338 ], [ -75.575161957988684, 6.201493313285648 ], [ -75.575162445450147, 6.201492306472693 ], [ -75.57516291569047, 6.201491287990312 ], [ -75.575163184647209, 6.201490677326639 ], [ -75.575163366938057, 6.201490265079845 ], [ -75.57516379735101, 6.20148923051755 ], [ -75.575164208766822, 6.201488190623043 ], [ -75.575164606605725, 6.201487145370042 ], [ -75.575164985443109, 6.201486093880812 ], [ -75.575165343450251, 6.20148503164378 ], [ -75.575165688796986, 6.201483966756072 ], [ -75.57516600881425, 6.201482894758783 ], [ -75.575166311632302, 6.201481815612428 ], [ -75.575166597273125, 6.201480733837329 ], [ -75.575166863017827, 6.201479647638537 ], [ -75.575167112479875, 6.201478556998438 ], [ -75.575167334810047, 6.201477460161643 ], [ -75.575167543576512, 6.201476360678566 ], [ -75.575167736963664, 6.201475256749768 ], [ -75.575167903232099, 6.201474149336534 ], [ -75.575168056866517, 6.201473044696941 ], [ -75.575168188754162, 6.201471926601798 ], [ -75.57516829899599, 6.201470815844631 ], [ -75.575168387530567, 6.201469699768415 ], [ -75.57516846340917, 6.20146858194556 ], [ -75.575168515804492, 6.201467465141043 ], [ -75.575168521320492, 6.201467298761863 ], [ -75.575223249520107, 6.201405279769745 ], [ -75.575229668059222, 6.201395775517578 ], [ -75.574896709791332, 6.201239990646755 ], [ -75.57461161285336, 6.201076458950851 ], [ -75.574411720353211, 6.200963169038006 ], [ -75.573496689758599, 6.200444553484718 ], [ -75.573070991223275, 6.200198869082418 ] ] ] ] } },
{ "type": "Feature", "properties": { "comuna": "14", "barrio": "03", "codigo": "1403", "nombre_bar": "Villa Carlota", "indicador_": "U", "sector": 5, "nombre_com": "EL POBLADO", "fecha_sinc": "2026-05-22", "Shape_Leng": 3979.50163312, "Shape_Area": 940073.94991299999 }, "geometry": { "type": "MultiPolygon", "coordinates": [ [ [ [ -75.569220600312704, 6.22297937075939 ], [ -75.569241260368642, 6.22270285477608 ], [ -75.569241982309734, 6.222693209116041 ], [ -75.569297774131201, 6.22227503167814 ], [ -75.569348976596132, 6.221891252002579 ], [ -75.569407495923954, 6.221517869060074 ], [ -75.569423042478547, 6.221114698390889 ], [ -75.569424215992882, 6.220515462058222 ], [ -75.569451550336368, 6.220129124290333 ], [ -75.569457676014977, 6.220042563802378 ], [ -75.569468804184027, 6.21992145891914 ], [ -75.5695086512019, 6.219690407764769 ], [ -75.569537811484736, 6.21955826478453 ], [ -75.569636928825588, 6.21906242222093 ], [ -75.569640668038744, 6.219036187160415 ], [ -75.569814492410913, 6.218279250944217 ], [ -75.569880057259454, 6.217807364734115 ], [ -75.569882116141542, 6.217793225565947 ], [ -75.569929911245282, 6.217089147387052 ], [ -75.569934663107119, 6.216978820511967 ], [ -75.569947109494308, 6.216689756071736 ], [ -75.569947913985786, 6.21667106095793 ], [ -75.569950162954754, 6.216484378500239 ], [ -75.569941460038905, 6.215344703275584 ], [ -75.569932849400132, 6.214812553998584 ], [ -75.569942107825284, 6.214753050451434 ], [ -75.569951991121187, 6.214689578518045 ], [ -75.570047575237965, 6.214733039942382 ], [ -75.5704485147497, 6.214793354000069 ], [ -75.570592643812361, 6.214801221070029 ], [ -75.570953571956181, 6.214783834594341 ], [ -75.570981993415515, 6.21477525845004 ], [ -75.571048895854602, 6.214764048635146 ], [ -75.571127921398158, 6.214764211166874 ], [ -75.571354855857209, 6.214773177782013 ], [ -75.571467133887623, 6.214786620504291 ], [ -75.571560297523945, 6.214804554608968 ], [ -75.571655855391612, 6.214831449243427 ], [ -75.572317107125087, 6.214991710683741 ], [ -75.572737993276917, 6.215093718200121 ], [ -75.572869378548972, 6.215140790125299 ], [ -75.572915720429549, 6.215149739215756 ], [ -75.572923487695064, 6.215153017602783 ], [ -75.572947318691746, 6.215123413777107 ], [ -75.573034530243106, 6.215128262728808 ], [ -75.573281633684445, 6.215108865677351 ], [ -75.573499666179572, 6.215050677267934 ], [ -75.57372254254274, 6.214982792344272 ], [ -75.573989027373813, 6.214851873406627 ], [ -75.574448323379656, 6.214709560327978 ], [ -75.574600300498147, 6.21466422310733 ], [ -75.574769813088835, 6.214674458846952 ], [ -75.574981704783241, 6.214709553009565 ], [ -75.575360189212333, 6.21478998089182 ], [ -75.575532626282069, 6.214845551181178 ], [ -75.575627974975944, 6.21490299516983 ], [ -75.576009629826657, 6.214943385775748 ], [ -75.57603701021668, 6.214946287338992 ], [ -75.576076451103901, 6.214951024177349 ], [ -75.57613074377366, 6.214957541093655 ], [ -75.576135514336755, 6.214952823815298 ], [ -75.576225783664611, 6.21486355625845 ], [ -75.576242708092053, 6.214846819556944 ], [ -75.576242001640594, 6.214851463683296 ], [ -75.577329261183593, 6.215010190179796 ], [ -75.577426895658334, 6.215185999228859 ], [ -75.577450164416035, 6.215282173714456 ], [ -75.577525144073334, 6.215305506843706 ], [ -75.577527670061301, 6.215306071330835 ], [ -75.577532958069568, 6.215307249782712 ], [ -75.577570599748512, 6.21531633488506 ], [ -75.577589438226255, 6.215320881869408 ], [ -75.577613123794578, 6.215326596797275 ], [ -75.577626681923533, 6.215329868554491 ], [ -75.577735900926371, 6.215347432013838 ], [ -75.577831213509882, 6.215364594062801 ], [ -75.577710152015783, 6.216264264498911 ], [ -75.577627986555029, 6.216844243726761 ], [ -75.577622319188848, 6.21688425371006 ], [ -75.57757042275621, 6.217250589729066 ], [ -75.577430692545832, 6.218365724886766 ], [ -75.577349792933788, 6.218880968205396 ], [ -75.57724683587108, 6.21970535873545 ], [ -75.577099745858902, 6.220629117788432 ], [ -75.576930596135568, 6.221858341895059 ], [ -75.576805570398463, 6.222745298465921 ], [ -75.576673191192114, 6.223650656684447 ], [ -75.576504038533798, 6.224832035245931 ], [ -75.576464934302081, 6.225112178643088 ], [ -75.576364303495325, 6.225833082124012 ], [ -75.57635027364816, 6.22593044852396 ], [ -75.576249252773792, 6.225916047901407 ], [ -75.576056084362492, 6.225898510688558 ], [ -75.575818235662993, 6.225862810537055 ], [ -75.575780033818944, 6.225855560023239 ], [ -75.575757733580332, 6.225851326564265 ], [ -75.575699154877427, 6.225840206581624 ], [ -75.575688062175502, 6.225838099967008 ], [ -75.575676949580867, 6.22583598983287 ], [ -75.575200327972183, 6.225745506422751 ], [ -75.575205255774804, 6.225780635127865 ], [ -75.575222369375737, 6.225844363043867 ], [ -75.575239877717678, 6.225909559982211 ], [ -75.57518226132882, 6.225964276372234 ], [ -75.575182094466285, 6.225963776321857 ], [ -75.575160957170141, 6.225900647565013 ], [ -75.575148103382929, 6.225903116084432 ], [ -75.575146747502828, 6.225925024240545 ], [ -75.575144349014522, 6.225915968846683 ], [ -75.575141649580033, 6.225905780290983 ], [ -75.575124370394121, 6.225880183100343 ], [ -75.574993767393508, 6.225768464075217 ], [ -75.574877411377798, 6.225668932191291 ], [ -75.574299201164791, 6.225625352311289 ], [ -75.574039200100799, 6.225595574443068 ], [ -75.574000264514154, 6.225591261130779 ], [ -75.572992868255582, 6.225521049582444 ], [ -75.572554344944322, 6.225458711860112 ], [ -75.572528343219858, 6.225455015242218 ], [ -75.57209783650552, 6.225225177864046 ], [ -75.571523828107388, 6.224897280996432 ], [ -75.571408566091307, 6.224807637941197 ], [ -75.571344443617718, 6.22466667354933 ], [ -75.571347494964428, 6.224372473817002 ], [ -75.571344584920936, 6.224188820112273 ], [ -75.571264914327614, 6.224143452259105 ], [ -75.569220600312704, 6.22297937075939 ] ] ] ] } },
{ "type": "Feature", "properties": { "comuna": "14", "barrio": "23", "codigo": "1423", "nombre_bar": "Santa María de los Ángeles", "indicador_": "U", "sector": 5, "nombre_com": "EL POBLADO", "fecha_sinc": "2026-05-22", "Shape_Leng": 3275.0853204599998, "Shape_Area": 546242.17611 }, "geometry": { "type": "MultiPolygon", "coordinates": [ [ [ [ -75.579451316170619, 6.183760226779486 ], [ -75.579499570251429, 6.183687052543289 ], [ -75.579524976269553, 6.183709020502627 ], [ -75.579639970382544, 6.183834769167957 ], [ -75.579672650025159, 6.183870285681642 ], [ -75.579750845063799, 6.183955267876906 ], [ -75.579835391234312, 6.184072201245114 ], [ -75.579839914317404, 6.184081133342374 ], [ -75.579905536914723, 6.184210727212822 ], [ -75.579950580847935, 6.184385548488502 ], [ -75.579978386168278, 6.184542526376455 ], [ -75.579980397381192, 6.18471337529786 ], [ -75.579983033055143, 6.18485577502223 ], [ -75.580016792733701, 6.185092127119503 ], [ -75.58006155465128, 6.185287722887939 ], [ -75.580075099510765, 6.185346906343478 ], [ -75.580121950146861, 6.185566535197841 ], [ -75.580152277402078, 6.185708699076153 ], [ -75.580196180899833, 6.18588205302389 ], [ -75.580237833698277, 6.186051027653013 ], [ -75.580276577589046, 6.18620377992889 ], [ -75.580328861408233, 6.186414111792294 ], [ -75.580343434680742, 6.186480612406409 ], [ -75.580345327588887, 6.186489249881571 ], [ -75.580367051237332, 6.186588376737671 ], [ -75.580419539786135, 6.186719687767646 ], [ -75.58049352773098, 6.186831865079029 ], [ -75.580622389141212, 6.186953606635941 ], [ -75.580775867547686, 6.187088054715115 ], [ -75.580813895652952, 6.187121938478688 ], [ -75.580832022793217, 6.187135383600268 ], [ -75.580852515332637, 6.187150583803151 ], [ -75.580907787507783, 6.187194833133303 ], [ -75.580967854758597, 6.187245969062437 ], [ -75.581007591018604, 6.18728782756917 ], [ -75.581040112736318, 6.187321627780008 ], [ -75.581043223365597, 6.187324861936924 ], [ -75.581056898674873, 6.187341830214153 ], [ -75.581075750944095, 6.18735912410265 ], [ -75.581361218305219, 6.187620989198134 ], [ -75.581509190973421, 6.187740350095846 ], [ -75.581587955239996, 6.187800032594078 ], [ -75.581640442020216, 6.187835820451139 ], [ -75.581677154754288, 6.187853298655143 ], [ -75.581690572753843, 6.187859687650007 ], [ -75.581828988685487, 6.1878954996052 ], [ -75.582008525479907, 6.187980716783918 ], [ -75.582100833516165, 6.188004409484939 ], [ -75.582353925580662, 6.188075596193509 ], [ -75.582402842790628, 6.188089352504352 ], [ -75.582741398772143, 6.188187151643967 ], [ -75.582744304962787, 6.188173220032889 ], [ -75.58288300981819, 6.188214196178372 ], [ -75.582897111823883, 6.188255010221537 ], [ -75.582903989409687, 6.188254321289821 ], [ -75.582905554435968, 6.18825905107273 ], [ -75.582915460723939, 6.188288980474159 ], [ -75.582925874535718, 6.188317945459688 ], [ -75.582934051111636, 6.188338626363543 ], [ -75.582949278354761, 6.188377134032508 ], [ -75.58296772776896, 6.188423793511176 ], [ -75.58299817956248, 6.188500808854733 ], [ -75.583020880994923, 6.188558222503284 ], [ -75.583106882835011, 6.188783630461955 ], [ -75.58312849105468, 6.188840264672187 ], [ -75.583191887642755, 6.189007216075487 ], [ -75.583260108261413, 6.189124354279273 ], [ -75.583214512938156, 6.189218464415261 ], [ -75.583162029720782, 6.189339956614106 ], [ -75.583063804985642, 6.1896823610299 ], [ -75.583044610697044, 6.189760334048422 ], [ -75.582922678961282, 6.190372819658498 ], [ -75.582782114259913, 6.190872298785255 ], [ -75.582653408747007, 6.191494954112568 ], [ -75.582555154792814, 6.191979310889884 ], [ -75.582525266606751, 6.192126649426315 ], [ -75.582371720097228, 6.19280467625933 ], [ -75.582362687225014, 6.192831797561101 ], [ -75.582271797571579, 6.193090578547825 ], [ -75.582115420864554, 6.19352225725964 ], [ -75.582160586572698, 6.193531296060803 ], [ -75.581962658065933, 6.194003658436054 ], [ -75.581758449591177, 6.194574050596482 ], [ -75.581643290619411, 6.194897534975109 ], [ -75.581526464131244, 6.195225703428756 ], [ -75.581411090646213, 6.195192370183423 ], [ -75.580143449995845, 6.19482613014968 ], [ -75.580046214182218, 6.194693794965104 ], [ -75.579960649633193, 6.194588703627233 ], [ -75.579925643988517, 6.194514750684146 ], [ -75.579902305599973, 6.194433011934949 ], [ -75.579871191014149, 6.194347381861012 ], [ -75.579836185586657, 6.194261749917898 ], [ -75.579785622494782, 6.194215044039886 ], [ -75.579622271432783, 6.194137201382754 ], [ -75.579447252356644, 6.194113850441101 ], [ -75.579322795496012, 6.194133315107218 ], [ -75.579190562029183, 6.194222841770531 ], [ -75.578894979794981, 6.194405785695149 ], [ -75.578739409530201, 6.194475851431358 ], [ -75.578645892011707, 6.194485578569725 ], [ -75.578351347158559, 6.194413025947672 ], [ -75.577766781288588, 6.194177214547157 ], [ -75.577559377729358, 6.193953220762009 ], [ -75.577464009611035, 6.19380109425561 ], [ -75.577404253502849, 6.193664763517762 ], [ -75.577304557937566, 6.193506041861384 ], [ -75.577145955351412, 6.193365457649627 ], [ -75.576969226055184, 6.193243015169516 ], [ -75.576815154502441, 6.193134177518982 ], [ -75.5766882725448, 6.193020803880879 ], [ -75.576534198430622, 6.192834870894382 ], [ -75.576448098144624, 6.192648935797169 ], [ -75.576333186031874, 6.192399006396704 ], [ -75.576333574916333, 6.192394811346047 ], [ -75.576374789715842, 6.192180980501543 ], [ -75.576498422358654, 6.191832501269913 ], [ -75.576569610167937, 6.191644922433603 ], [ -75.576659549443704, 6.191387145914606 ], [ -75.576712003301466, 6.191233343516602 ], [ -75.576970509932508, 6.190336748736335 ], [ -75.577142735770877, 6.189801667706009 ], [ -75.577364973294408, 6.189206853070019 ], [ -75.577458634435189, 6.18897802290363 ], [ -75.577522186798006, 6.188739440133165 ], [ -75.577645815143811, 6.188232990945608 ], [ -75.577773001296052, 6.18766812229785 ], [ -75.57783012322632, 6.187473655038632 ], [ -75.577870409232759, 6.187435531113889 ], [ -75.578106435111039, 6.186842808867711 ], [ -75.578204557713491, 6.186595183818376 ], [ -75.578298225458241, 6.18636072223211 ], [ -75.578547356336259, 6.185726729143362 ], [ -75.578602741097029, 6.185593046767967 ], [ -75.578667322007604, 6.185437923616121 ], [ -75.578749120900028, 6.185228937245885 ], [ -75.578837378340168, 6.185002715654758 ], [ -75.578914875299844, 6.184808810479621 ], [ -75.578985913313204, 6.184619215725239 ], [ -75.579054797865368, 6.184453319413577 ], [ -75.579097849576272, 6.184343441008961 ], [ -75.579149513805319, 6.184229253492592 ], [ -75.579181804627666, 6.184168926998599 ], [ -75.579352126652992, 6.183910643104677 ], [ -75.579451316170619, 6.183760226779486 ] ] ] ] } },
{ "type": "Feature", "properties": { "comuna": "07", "barrio": "05", "codigo": "0705", "nombre_bar": "Facultad de Minas U. Nacional", "indicador_": "U", "sector": 2, "nombre_com": "ROBLEDO", "fecha_sinc": "2026-05-22", "Shape_Leng": 2636.4088421500001, "Shape_Area": 301256.40106800001 }, "geometry": { "type": "MultiPolygon", "coordinates": [ [ [ [ -75.591166703774988, 6.276360311152748 ], [ -75.591304384179736, 6.276128762075655 ], [ -75.591387087762627, 6.275998634965498 ], [ -75.591399515743788, 6.275957013989606 ], [ -75.591401902100159, 6.275886153393452 ], [ -75.591306280107261, 6.275823488857416 ], [ -75.591254776876667, 6.27579433966635 ], [ -75.591207269524475, 6.275764206038477 ], [ -75.591190728309925, 6.27575548312876 ], [ -75.591025140297305, 6.275692072737261 ], [ -75.590949332758726, 6.275656360877612 ], [ -75.590927275185209, 6.275647549538873 ], [ -75.590922543321668, 6.275640567276075 ], [ -75.590869856952622, 6.275604925389395 ], [ -75.590868520629598, 6.275607660504548 ], [ -75.590821790647141, 6.275698773121221 ], [ -75.590803198397026, 6.275728235857963 ], [ -75.590763068306686, 6.275765564879009 ], [ -75.590719032544825, 6.275793066034109 ], [ -75.590668143471717, 6.275822541253538 ], [ -75.590612355417406, 6.275841203556488 ], [ -75.590584950787928, 6.275851021841439 ], [ -75.590539924383137, 6.275858888645332 ], [ -75.59047141613425, 6.275878534239281 ], [ -75.590400954816445, 6.275899160469583 ], [ -75.590333422783758, 6.275930594893384 ], [ -75.59027641560526, 6.27596547600332 ], [ -75.590227474438677, 6.275994949693698 ], [ -75.590124544123853, 6.27603816580321 ], [ -75.589962212909796, 6.27607489434821 ], [ -75.589759348790707, 6.276114824935421 ], [ -75.589363953523062, 6.276222418885204 ], [ -75.589125396341956, 6.276298269436773 ], [ -75.589048557168482, 6.276328448818571 ], [ -75.589044556051434, 6.276330020910886 ], [ -75.588918025359689, 6.276340604295338 ], [ -75.588610495212265, 6.276354728192392 ], [ -75.588388188721297, 6.276374136999435 ], [ -75.588158655224319, 6.2763939620722 ], [ -75.588061325124997, 6.276402364883237 ], [ -75.58793742522424, 6.276418415556802 ], [ -75.587897889270792, 6.276423533746124 ], [ -75.587880199435759, 6.276424275764742 ], [ -75.587686134898547, 6.276432363016302 ], [ -75.587508640406867, 6.27644824641849 ], [ -75.587371566397309, 6.276458828234556 ], [ -75.587236245798195, 6.276451782669117 ], [ -75.587072817583731, 6.276435912966038 ], [ -75.586820640353935, 6.27639359545017 ], [ -75.58659920826841, 6.276344215078194 ], [ -75.586526414722996, 6.276320939476506 ], [ -75.586439283283823, 6.276293080515153 ], [ -75.586249490673296, 6.27623312229469 ], [ -75.586070105630469, 6.276166383504396 ], [ -75.586018093608274, 6.276123653318635 ], [ -75.585967641676874, 6.276073174689402 ], [ -75.585882506503893, 6.275994300297134 ], [ -75.585864475135281, 6.275971055991349 ], [ -75.585887546179563, 6.27593000078039 ], [ -75.585887602595491, 6.275929898340681 ], [ -75.585896273505398, 6.275914676915792 ], [ -75.585935417130116, 6.275845966978533 ], [ -75.585939586585738, 6.27582155974409 ], [ -75.585943916808205, 6.275796225034204 ], [ -75.585953914534542, 6.275737697983344 ], [ -75.585955068494954, 6.275730957795533 ], [ -75.585954959020825, 6.275730927597661 ], [ -75.585972211191248, 6.275629394722823 ], [ -75.585959789875133, 6.275530911437881 ], [ -75.585959700573227, 6.275530208505269 ], [ -75.585959031994662, 6.275524902150114 ], [ -75.585961780343396, 6.275509308573879 ], [ -75.585976500283962, 6.27544995718311 ], [ -75.586014073490873, 6.275298455815792 ], [ -75.586081101646897, 6.275028195556016 ], [ -75.586087630283927, 6.274956379411437 ], [ -75.5860810421878, 6.274905714806365 ], [ -75.586073670047384, 6.274849047370826 ], [ -75.586073388779468, 6.274845878154161 ], [ -75.586073370935225, 6.274845740822256 ], [ -75.586072926254644, 6.274840765158348 ], [ -75.586071452696658, 6.274827043993443 ], [ -75.586070748141736, 6.274820488378584 ], [ -75.586068264939939, 6.274804117824143 ], [ -75.586067492743396, 6.274800517074459 ], [ -75.586067467769368, 6.274800399667514 ], [ -75.586064911672267, 6.274788482967613 ], [ -75.586053019197749, 6.274744070955932 ], [ -75.586047751388534, 6.274719461720006 ], [ -75.586042655045617, 6.274696826146057 ], [ -75.586037009951056, 6.274672843491993 ], [ -75.586036740632935, 6.274671730092532 ], [ -75.58603206499248, 6.274652506243436 ], [ -75.586005237258931, 6.274571235455314 ], [ -75.585950186997579, 6.27440360355379 ], [ -75.585881642578784, 6.274194885486073 ], [ -75.585872220475935, 6.274164236715385 ], [ -75.585809775354889, 6.273990242208587 ], [ -75.585736822816727, 6.273786274179703 ], [ -75.58565856984346, 6.273576519057806 ], [ -75.585650282798625, 6.273554523942387 ], [ -75.585596466906054, 6.273370003030391 ], [ -75.585588956419528, 6.273344248530183 ], [ -75.585532044981107, 6.273149610855881 ], [ -75.585508873163889, 6.273070371474084 ], [ -75.585506463501844, 6.273062125507026 ], [ -75.585506217260061, 6.273061110537185 ], [ -75.585459171030905, 6.272866227937201 ], [ -75.585464216408923, 6.272865166048506 ], [ -75.585493422595121, 6.272691693495554 ], [ -75.585968506676878, 6.272608609901657 ], [ -75.586117885427356, 6.272599812410451 ], [ -75.586328773140096, 6.272626183571481 ], [ -75.586592385942609, 6.272714099781577 ], [ -75.587462310630414, 6.27307456279327 ], [ -75.587725923649955, 6.273162479163791 ], [ -75.587936811319352, 6.273162470361546 ], [ -75.5883234364575, 6.273144871961963 ], [ -75.588912160886025, 6.273021751990934 ], [ -75.58964147045856, 6.272784324566549 ], [ -75.590335630727267, 6.272529312375573 ], [ -75.59043228641363, 6.272485347325184 ], [ -75.590913048590195, 6.272359217413569 ], [ -75.590959397669806, 6.27238138931285 ], [ -75.591012628310693, 6.272404205218339 ], [ -75.591220428964135, 6.272493280027352 ], [ -75.591362149285217, 6.272566470720497 ], [ -75.591622666425366, 6.272694047605736 ], [ -75.591820665018005, 6.272794438084501 ], [ -75.592029738884321, 6.272888810358967 ], [ -75.592142656046974, 6.272939785538423 ], [ -75.592200713280874, 6.272965709103117 ], [ -75.592615761491786, 6.273151017612964 ], [ -75.59298465521951, 6.273339237514284 ], [ -75.593050969950397, 6.273368513050881 ], [ -75.593140965787995, 6.27340825259094 ], [ -75.593195156029722, 6.273435442775944 ], [ -75.593265971604779, 6.273469928767741 ], [ -75.593341529643482, 6.273501302037057 ], [ -75.593449901206725, 6.273539991274349 ], [ -75.593497840042289, 6.273559859543263 ], [ -75.5935311873274, 6.273568229738545 ], [ -75.59357599950971, 6.273578675855311 ], [ -75.593649723228978, 6.273599593495001 ], [ -75.593696613921736, 6.273612139412553 ], [ -75.593704608687247, 6.273613530960614 ], [ -75.593698195469187, 6.273640896499961 ], [ -75.593684925068445, 6.273680582371038 ], [ -75.593632831880015, 6.273712577020347 ], [ -75.593636755601125, 6.27372787802301 ], [ -75.593608685975568, 6.273747694231681 ], [ -75.593561350922613, 6.273773903645898 ], [ -75.593533104250554, 6.273788798046222 ], [ -75.593386859811133, 6.273879848452646 ], [ -75.593357288980357, 6.273903954689771 ], [ -75.593303278095732, 6.273946643170754 ], [ -75.593282738190922, 6.273965715995804 ], [ -75.593225614613189, 6.27402043865408 ], [ -75.59315230104373, 6.274105651843373 ], [ -75.593318727617714, 6.274318057075889 ], [ -75.593362403050392, 6.274368639765775 ], [ -75.593461963846224, 6.274468876730189 ], [ -75.593476145464393, 6.274483159560654 ], [ -75.593623957928287, 6.274637060149459 ], [ -75.593493067045131, 6.27477549307487 ], [ -75.593446049753808, 6.274825221335824 ], [ -75.593441951200575, 6.274829554072817 ], [ -75.593438274203166, 6.274833444437406 ], [ -75.593414793867922, 6.27485827904494 ], [ -75.593351783244728, 6.274924921296433 ], [ -75.593348284800527, 6.274928742970873 ], [ -75.593247420739928, 6.275039196122754 ], [ -75.593200578343414, 6.275090499315427 ], [ -75.593074655723271, 6.275218358874779 ], [ -75.593032211843848, 6.275262046956748 ], [ -75.592994822232868, 6.275295518371785 ], [ -75.592960530391494, 6.275330014127555 ], [ -75.592956477282286, 6.275333489576229 ], [ -75.592923937301506, 6.275361403128645 ], [ -75.592886311964321, 6.275395443467932 ], [ -75.592879106541147, 6.275403124915703 ], [ -75.592877964172288, 6.275404335705394 ], [ -75.592851566423789, 6.275432471069734 ], [ -75.592827040569603, 6.275452352906489 ], [ -75.592823437372374, 6.275455273736907 ], [ -75.592814390683472, 6.275462607195082 ], [ -75.592790839519211, 6.275479527879705 ], [ -75.592774695201797, 6.275491129369778 ], [ -75.592750656689944, 6.275506152102762 ], [ -75.59273142623617, 6.275518169382921 ], [ -75.592727391184766, 6.275521277687293 ], [ -75.592708661433946, 6.275535701845869 ], [ -75.592692298007449, 6.275548307038784 ], [ -75.59266221268669, 6.275572904035227 ], [ -75.592656851266412, 6.27557728732552 ], [ -75.592618189457824, 6.275609843781129 ], [ -75.592603422938666, 6.275622349752249 ], [ -75.592581935356378, 6.275640545806707 ], [ -75.592584726835781, 6.275644308301026 ], [ -75.592586384074139, 6.275646541294233 ], [ -75.592573508860127, 6.275657639294331 ], [ -75.592564539625997, 6.275665472320673 ], [ -75.592559550315102, 6.275669828453584 ], [ -75.592545809872036, 6.275681907139463 ], [ -75.592531056718869, 6.275693280238207 ], [ -75.592517873577478, 6.275706056821599 ], [ -75.592506963639238, 6.275713531500997 ], [ -75.592523389367614, 6.275748771444524 ], [ -75.592541069365822, 6.275790991863823 ], [ -75.592559700405317, 6.275831496157476 ], [ -75.592566426801469, 6.275845331348103 ], [ -75.592580251934152, 6.275873751170521 ], [ -75.592591560449037, 6.27589753470482 ], [ -75.592606027453684, 6.275927857135544 ], [ -75.59261723163705, 6.275951188243637 ], [ -75.592627568202019, 6.27599364573151 ], [ -75.592639038838385, 6.276036684345581 ], [ -75.592643677026615, 6.276052852444303 ], [ -75.592620414127268, 6.276059742805994 ], [ -75.592603216153748, 6.276064374582257 ], [ -75.592502358947428, 6.276088977672299 ], [ -75.592476555074455, 6.276101652227702 ], [ -75.592468575686723, 6.276105570229927 ], [ -75.592461192976373, 6.276109195972865 ], [ -75.592454805291993, 6.276112326778924 ], [ -75.592408829500329, 6.276141589757955 ], [ -75.592408921586838, 6.276144497710522 ], [ -75.592403594963855, 6.276145871163978 ], [ -75.592362782208866, 6.276156399644742 ], [ -75.592315123232211, 6.276163939708055 ], [ -75.592315266739234, 6.276168840891224 ], [ -75.592311531085741, 6.276169826752932 ], [ -75.592269851490101, 6.276180828736021 ], [ -75.592223078634646, 6.276189238644187 ], [ -75.592223015755039, 6.276187120708043 ], [ -75.592174694687245, 6.276193968805824 ], [ -75.59212769156062, 6.276203135653649 ], [ -75.592127956362916, 6.276214293339956 ], [ -75.592128008682053, 6.276216468285285 ], [ -75.592121936741052, 6.276211099219918 ], [ -75.592117302225191, 6.276206996877471 ], [ -75.592083032292607, 6.276215805030071 ], [ -75.592054699916517, 6.276223089340593 ], [ -75.592048654082561, 6.276224642647515 ], [ -75.59203544891453, 6.276228038654988 ], [ -75.592035467644806, 6.276229085481144 ], [ -75.592030390207015, 6.276230239815418 ], [ -75.592015845564276, 6.276233540295378 ], [ -75.592003016560199, 6.276236449855125 ], [ -75.591988533300309, 6.276239739181586 ], [ -75.591941651569499, 6.276250253390459 ], [ -75.591934291191848, 6.276251089041772 ], [ -75.591893199133878, 6.276255754140526 ], [ -75.591847843714532, 6.276263403906445 ], [ -75.591834886368133, 6.276265757187963 ], [ -75.591825761869487, 6.276267411624964 ], [ -75.591796854705805, 6.276272657368499 ], [ -75.591797109891502, 6.276280410358083 ], [ -75.591787878574365, 6.276287321616976 ], [ -75.591772957246391, 6.27629849483576 ], [ -75.591753844688398, 6.27631280515569 ], [ -75.591739045320423, 6.276324158585189 ], [ -75.591664340077671, 6.276360090302048 ], [ -75.591645815333976, 6.276377432690346 ], [ -75.591624899241779, 6.276388795612077 ], [ -75.591603384563697, 6.27639860377536 ], [ -75.591558564751097, 6.276404944481889 ], [ -75.591455775914085, 6.276435447936041 ], [ -75.591278884638086, 6.276509607204732 ], [ -75.591155752320645, 6.276559303605016 ], [ -75.591153028632831, 6.276511509567845 ], [ -75.591152520043181, 6.276502573489535 ], [ -75.59115251148053, 6.276492253508104 ], [ -75.591152409706908, 6.276406070285955 ], [ -75.591166585483975, 6.276360690546085 ], [ -75.591166703774988, 6.276360311152748 ] ] ] ] } },
{ "type": "Feature", "properties": { "comuna": "07", "barrio": "06", "codigo": "0706", "nombre_bar": "La Pilarica", "indicador_": "U", "sector": 2, "nombre_com": "ROBLEDO", "fecha_sinc": "2026-05-22", "Shape_Leng": 3198.3138155800002, "Shape_Area": 305300.30278000003 }, "geometry": { "type": "MultiPolygon", "coordinates": [ [ [ [ -75.585793726744157, 6.278261592346293 ], [ -75.585761032059352, 6.278232671491078 ], [ -75.585734642548999, 6.278209328382867 ], [ -75.585706673873162, 6.2781942599785 ], [ -75.585688745084354, 6.278179190779352 ], [ -75.58565288607069, 6.2781634064551 ], [ -75.585633463931401, 6.278155692990573 ], [ -75.585611052535725, 6.278152105145804 ], [ -75.585583861566931, 6.278145229274195 ], [ -75.585565036569832, 6.278141343440766 ], [ -75.585542624971353, 6.278133869859611 ], [ -75.585519018585842, 6.278126694198652 ], [ -75.585511368645214, 6.278122146506971 ], [ -75.585489544082947, 6.278116452867197 ], [ -75.585483944380073, 6.278110472023114 ], [ -75.585479417429966, 6.278105645812449 ], [ -75.585477928685663, 6.27810404933127 ], [ -75.585476302799691, 6.278102308875036 ], [ -75.585474495313321, 6.278100386691952 ], [ -75.585474285796153, 6.278099674408386 ], [ -75.585471947359167, 6.278091591738109 ], [ -75.585470146653506, 6.278085367910718 ], [ -75.585466426514401, 6.278080352376961 ], [ -75.585449810849454, 6.278047402118613 ], [ -75.585422984742166, 6.27802694425234 ], [ -75.585387126716611, 6.278010442058125 ], [ -75.585362743092702, 6.278005419224591 ], [ -75.585335491954964, 6.278006855741723 ], [ -75.585291029806413, 6.278016185828776 ], [ -75.585236068180592, 6.27801752147636 ], [ -75.585215484643001, 6.278020533403638 ], [ -75.585199652231736, 6.278021801393278 ], [ -75.585190389399926, 6.278022540585683 ], [ -75.585188310819703, 6.278022441461252 ], [ -75.585186434671613, 6.278022351281566 ], [ -75.585169650730691, 6.278021945999222 ], [ -75.585151902454115, 6.278021300474938 ], [ -75.585140965449853, 6.278020584232331 ], [ -75.585125618422424, 6.278019328343085 ], [ -75.585110075363403, 6.278017712693956 ], [ -75.585101045812749, 6.278017022286085 ], [ -75.585099493352885, 6.278016612270877 ], [ -75.585089624081704, 6.278014019306801 ], [ -75.585081971270512, 6.278012002140374 ], [ -75.585079612435649, 6.278010954212096 ], [ -75.585066891893163, 6.278005295133354 ], [ -75.585063901022011, 6.278003967350391 ], [ -75.585057993701355, 6.27800101307031 ], [ -75.585044828535388, 6.277994419560597 ], [ -75.585041259215672, 6.277992502462742 ], [ -75.585034780964506, 6.277989017595639 ], [ -75.585028709431285, 6.277985743178001 ], [ -75.585025256035706, 6.277983881560244 ], [ -75.585017342441503, 6.277980833221632 ], [ -75.58500567754308, 6.277976340613442 ], [ -75.584997197931642, 6.277975588721455 ], [ -75.584993989934816, 6.277975302606563 ], [ -75.584991381241295, 6.277975071392174 ], [ -75.584983090527345, 6.277974332127944 ], [ -75.584965022226726, 6.277975848024565 ], [ -75.58495884441011, 6.27797868390334 ], [ -75.584946449147679, 6.277984381170763 ], [ -75.584944484964353, 6.277985126794985 ], [ -75.584938543674554, 6.277987373853184 ], [ -75.584934279782686, 6.277988983385306 ], [ -75.584908048499457, 6.277992025912712 ], [ -75.584899500330977, 6.277992761569477 ], [ -75.584892409574806, 6.277993688020135 ], [ -75.584875435567142, 6.277996146888248 ], [ -75.584861218032401, 6.277998207001205 ], [ -75.584842582975938, 6.277998207743318 ], [ -75.584814914392553, 6.277997078708376 ], [ -75.584796280679413, 6.27799368914186 ], [ -75.584775387709655, 6.277986909585249 ], [ -75.584756189430465, 6.277977869592859 ], [ -75.584738119319496, 6.277959789554049 ], [ -75.584729647126011, 6.277940579016698 ], [ -75.584727388118807, 6.277919108327016 ], [ -75.584708754503652, 6.277896507956418 ], [ -75.58469858989163, 6.277882948141562 ], [ -75.584685037527194, 6.277865997581698 ], [ -75.584677131268194, 6.277855827760608 ], [ -75.584670919412403, 6.277847917907188 ], [ -75.584655108461348, 6.27785243774914 ], [ -75.584657932805641, 6.27783209736385 ], [ -75.584650026374206, 6.277814016841075 ], [ -75.584634778880769, 6.277802717015814 ], [ -75.584618967742401, 6.277792546457798 ], [ -75.584602027812934, 6.277780117657425 ], [ -75.584583957272301, 6.277765427911283 ], [ -75.584569275979334, 6.277751867798021 ], [ -75.584556289071003, 6.277733787050694 ], [ -75.584538782924312, 6.277716837025801 ], [ -75.584518454664433, 6.277710057376162 ], [ -75.584493610041804, 6.277712318232524 ], [ -75.58447328133866, 6.27770892888421 ], [ -75.584450130644427, 6.277703279710314 ], [ -75.584431495439176, 6.27770215033377 ], [ -75.584411167513693, 6.277711191179799 ], [ -75.584390276844687, 6.277721361288721 ], [ -75.584371641500454, 6.277725882413384 ], [ -75.58435413735927, 6.277730403375351 ], [ -75.584336069127275, 6.277739443908471 ], [ -75.584313481944676, 6.277745094759041 ], [ -75.584293154156683, 6.277748486002608 ], [ -75.584275085769235, 6.277756396434459 ], [ -75.584257579521974, 6.277765436902628 ], [ -75.584240640242626, 6.277777868488589 ], [ -75.584222571417655, 6.277795948922988 ], [ -75.584208456532309, 6.277808380121616 ], [ -75.584191516805333, 6.277824202011166 ], [ -75.584174011007761, 6.277836631873677 ], [ -75.58415650702517, 6.27784906353514 ], [ -75.584140697591323, 6.277864884362756 ], [ -75.584123193017689, 6.277886355928231 ], [ -75.584103430385753, 6.277899917090728 ], [ -75.584083665775623, 6.27790556665347 ], [ -75.584066726626688, 6.277912347732842 ], [ -75.584047528377113, 6.277916868917346 ], [ -75.584022119328253, 6.277914609427943 ], [ -75.58400009561268, 6.277911220296704 ], [ -75.583980333402309, 6.277907830845836 ], [ -75.583957180735354, 6.27790105156038 ], [ -75.583935722763414, 6.277892011840227 ], [ -75.583912572356567, 6.277888621939731 ], [ -75.583892244386064, 6.277877322764161 ], [ -75.583872479598043, 6.277861502210965 ], [ -75.583859492255471, 6.277846811742696 ], [ -75.583844810365704, 6.277828732105601 ], [ -75.583835775611263, 6.277811780902899 ], [ -75.583833516190083, 6.277786920797457 ], [ -75.583831257677474, 6.277768840389084 ], [ -75.583834077682297, 6.277742849512039 ], [ -75.583836902057016, 6.277722508214172 ], [ -75.583840853270758, 6.277696518080258 ], [ -75.583838593843183, 6.277671656166519 ], [ -75.583828994547872, 6.277649056341033 ], [ -75.583812054316596, 6.277627585795005 ], [ -75.583798501229836, 6.277611765302245 ], [ -75.583789466639473, 6.277595945100707 ], [ -75.583777043259204, 6.27758238555943 ], [ -75.583764619721009, 6.277560915311184 ], [ -75.583754455428263, 6.27754283415547 ], [ -75.583758819557872, 6.277494857448765 ], [ -75.583758394441787, 6.277488717222572 ], [ -75.583754880838384, 6.277465117266916 ], [ -75.583753107865519, 6.277456084308245 ], [ -75.583752753715856, 6.277454258005337 ], [ -75.583751886141243, 6.277449820539692 ], [ -75.58375040405268, 6.277442243523113 ], [ -75.583749862845238, 6.277439495077246 ], [ -75.583748871120264, 6.277434249976264 ], [ -75.583747714217552, 6.277428122403816 ], [ -75.583746456092172, 6.277421439321445 ], [ -75.583745057936895, 6.277414026433066 ], [ -75.583744842659726, 6.277412878409186 ], [ -75.583742988262856, 6.277407854546797 ], [ -75.583739773038047, 6.277399139712496 ], [ -75.583737953495756, 6.277394221455425 ], [ -75.583736310650835, 6.277389773352072 ], [ -75.583734637375358, 6.277385750316906 ], [ -75.583731666498892, 6.277378582062449 ], [ -75.583727774817845, 6.277369190698904 ], [ -75.583727410929072, 6.277368320961584 ], [ -75.583724608823729, 6.277361664487565 ], [ -75.58372440950788, 6.277361188116923 ], [ -75.583720933537663, 6.277352914856974 ], [ -75.583719747821675, 6.277350105403272 ], [ -75.583716902564163, 6.27733304859595 ], [ -75.583716731261205, 6.277332023309932 ], [ -75.583715626756174, 6.277327360089481 ], [ -75.583713198135968, 6.277317106241692 ], [ -75.583712211690226, 6.277312931546097 ], [ -75.583709817031362, 6.27730406800693 ], [ -75.583705689631117, 6.277288832923793 ], [ -75.583703423962348, 6.277283224342904 ], [ -75.583698162924847, 6.277270244209615 ], [ -75.583696455734881, 6.277267222159017 ], [ -75.58368960508632, 6.277255092476888 ], [ -75.583689119185706, 6.277254215205095 ], [ -75.583687111216676, 6.277250662135753 ], [ -75.583686307508671, 6.277249281955846 ], [ -75.583682315223541, 6.277242391775637 ], [ -75.583679189553848, 6.277236996282961 ], [ -75.583678077834278, 6.277235084215983 ], [ -75.583670913952304, 6.277230708573335 ], [ -75.583663730990054, 6.277226311326811 ], [ -75.583660006327321, 6.277224038774301 ], [ -75.583655779812716, 6.277222601357946 ], [ -75.58365435255736, 6.277222112967902 ], [ -75.583628977145068, 6.277200832320294 ], [ -75.583573827283359, 6.277187261298041 ], [ -75.58352779494281, 6.277163453553592 ], [ -75.583476140693733, 6.277121274603116 ], [ -75.583418509411544, 6.277069877303663 ], [ -75.583353360088353, 6.277009706833389 ], [ -75.583300739306992, 6.276962071070103 ], [ -75.583265660034229, 6.276916942522535 ], [ -75.583235590331995, 6.276875573727431 ], [ -75.583203014870179, 6.276797851532918 ], [ -75.583169187968167, 6.276736425245102 ], [ -75.583146633863947, 6.276686283205836 ], [ -75.583114060111754, 6.276648675978214 ], [ -75.583077728229057, 6.276622350339616 ], [ -75.583055175101208, 6.2765872503913 ], [ -75.58303638168411, 6.27655841796333 ], [ -75.583033875759526, 6.276515795661857 ], [ -75.583036378900118, 6.276465651092803 ], [ -75.583033873554555, 6.276418012944781 ], [ -75.583021342856938, 6.276385419366154 ], [ -75.582998792371583, 6.276366616367573 ], [ -75.582976241128321, 6.276346559410211 ], [ -75.582957447703293, 6.276310205920615 ], [ -75.582931137875079, 6.276258809443063 ], [ -75.582892297308135, 6.276198638305388 ], [ -75.582820884081727, 6.276138466061796 ], [ -75.582783300050707, 6.276134705203438 ], [ -75.58272441805272, 6.2761334542907 ], [ -75.582694350517286, 6.276128439442793 ], [ -75.582645490422621, 6.276110891818751 ], [ -75.582606652266151, 6.276092087790885 ], [ -75.582579088489908, 6.276070778069943 ], [ -75.5825703188696, 6.276040690104359 ], [ -75.582576582385286, 6.275999321873035 ], [ -75.58258409708219, 6.275944163839306 ], [ -75.582584095113177, 6.275883990883826 ], [ -75.582576577277621, 6.275835099978247 ], [ -75.582554025554117, 6.275788717033316 ], [ -75.582513934509976, 6.275752362805351 ], [ -75.582467578813421, 6.275721024585699 ], [ -75.582386143945868, 6.275675897682373 ], [ -75.582327261342613, 6.275657095765 ], [ -75.582289675216202, 6.275648319923606 ], [ -75.582244574253934, 6.275634532756403 ], [ -75.582214505788428, 6.275599431832465 ], [ -75.582203229997162, 6.275560570342722 ], [ -75.582209491727838, 6.275511679248567 ], [ -75.582225777501236, 6.275451507297538 ], [ -75.582253336078566, 6.275363754061818 ], [ -75.582285907527847, 6.275297309721523 ], [ -75.58231847958524, 6.275225854957555 ], [ -75.582336017755125, 6.27516442648822 ], [ -75.582346038207888, 6.275084195845035 ], [ -75.582342277069486, 6.275013994357894 ], [ -75.582334757027482, 6.274953821406301 ], [ -75.582325324499763, 6.274918091604805 ], [ -75.582325326482817, 6.274909690866012 ], [ -75.582325326163001, 6.274905957913393 ], [ -75.58232532626495, 6.27490322758555 ], [ -75.582325272070179, 6.274901030029763 ], [ -75.582325000386859, 6.274890815244394 ], [ -75.582324883041352, 6.274886069393247 ], [ -75.582324828380195, 6.274884143968414 ], [ -75.58232482833742, 6.274863594186974 ], [ -75.582324828016013, 6.274858026852178 ], [ -75.582324755658433, 6.274857277725216 ], [ -75.582323724961682, 6.274847050410182 ], [ -75.582322595745083, 6.2748357151767 ], [ -75.582321548317466, 6.274825209486976 ], [ -75.582320806378775, 6.274817842166846 ], [ -75.582318656492092, 6.274807851817167 ], [ -75.582317174403642, 6.274800999858151 ], [ -75.582315285327908, 6.274792231444757 ], [ -75.582306755726947, 6.274770136167171 ], [ -75.582300684106414, 6.27475619624138 ], [ -75.58230057633638, 6.274755961711626 ], [ -75.58230052149888, 6.274755834506562 ], [ -75.582300476742319, 6.274755736182422 ], [ -75.582298353880148, 6.274750864610932 ], [ -75.582298217687651, 6.274750546141776 ], [ -75.582288686212195, 6.274722422866226 ], [ -75.582286978015404, 6.274709838334515 ], [ -75.582286029188381, 6.27470284089989 ], [ -75.58228479076098, 6.274693729341958 ], [ -75.582284664153363, 6.274692788817159 ], [ -75.582282567756238, 6.274686686659362 ], [ -75.582280119416893, 6.274679570953449 ], [ -75.582277237446348, 6.274671182630798 ], [ -75.582274129138028, 6.274662150814009 ], [ -75.582270135606734, 6.274651329664765 ], [ -75.582267090812707, 6.274643085894026 ], [ -75.58226207627834, 6.274629506906026 ], [ -75.582259419786467, 6.274622871389901 ], [ -75.582251035721058, 6.27460188922036 ], [ -75.582244448688101, 6.274588048571344 ], [ -75.582240997642714, 6.274580788636886 ], [ -75.582236280574904, 6.274569453016457 ], [ -75.582233470850483, 6.274562707957691 ], [ -75.582232097129207, 6.274559879532053 ], [ -75.582227895723491, 6.274551245477266 ], [ -75.582224435457306, 6.274544131145171 ], [ -75.58222341431842, 6.274542079395018 ], [ -75.582215391534362, 6.274526023592819 ], [ -75.582212889474704, 6.274521024606744 ], [ -75.582209934739453, 6.274516205957485 ], [ -75.58220568754632, 6.274509281747115 ], [ -75.582201170768769, 6.274501922194655 ], [ -75.582199336355615, 6.274498930593963 ], [ -75.582192776823234, 6.274488471074248 ], [ -75.582188837362736, 6.274482206229775 ], [ -75.582185783875744, 6.274477332918178 ], [ -75.582182912326232, 6.274473077101384 ], [ -75.582129768477444, 6.274348514403796 ], [ -75.582111201924135, 6.274176033880797 ], [ -75.582058159262303, 6.274032743499836 ], [ -75.582026336063521, 6.273966404287558 ], [ -75.582002463054565, 6.273775349320177 ], [ -75.581978487716441, 6.273635791369078 ], [ -75.582017571526265, 6.27363333844124 ], [ -75.582032451359808, 6.273632398053163 ], [ -75.582215664153395, 6.273620912306316 ], [ -75.582240139050512, 6.273619374009432 ], [ -75.582404053077042, 6.273610148646697 ], [ -75.582630884692534, 6.273597387153631 ], [ -75.582630884972545, 6.273597260580821 ], [ -75.583184226138542, 6.273558162627201 ], [ -75.583323865363894, 6.273530966076476 ], [ -75.583551029211492, 6.273466122976608 ], [ -75.583650878850847, 6.273429252816758 ], [ -75.583771941330866, 6.27338454627521 ], [ -75.583991290048658, 6.273282573927652 ], [ -75.584374746818725, 6.273113146442978 ], [ -75.584443866399383, 6.27308293540859 ], [ -75.584788979998834, 6.272932092284449 ], [ -75.584809086736598, 6.272923303022221 ], [ -75.584891601742541, 6.272887240622313 ], [ -75.585145419244242, 6.272785002897709 ], [ -75.585190939780318, 6.272766667660056 ], [ -75.585208378111062, 6.272759644571125 ], [ -75.585404795781741, 6.272708397238918 ], [ -75.585428972186321, 6.27270296551135 ], [ -75.585493422595121, 6.272691693495554 ], [ -75.585464216408923, 6.272865166048506 ], [ -75.585459171030905, 6.272866227937201 ], [ -75.585506217260061, 6.273061110537185 ], [ -75.585506463501844, 6.273062125507026 ], [ -75.585508873163889, 6.273070371474084 ], [ -75.585532044981107, 6.273149610855881 ], [ -75.585588956419528, 6.273344248530183 ], [ -75.585596466906054, 6.273370003030391 ], [ -75.585650282798625, 6.273554523942387 ], [ -75.58565856984346, 6.273576519057806 ], [ -75.585736822816727, 6.273786274179703 ], [ -75.585809775354889, 6.273990242208587 ], [ -75.585872220475935, 6.274164236715385 ], [ -75.585881642578784, 6.274194885486073 ], [ -75.585950186997579, 6.27440360355379 ], [ -75.586005237258931, 6.274571235455314 ], [ -75.58603206499248, 6.274652506243436 ], [ -75.586036740632935, 6.274671730092532 ], [ -75.586037009951056, 6.274672843491993 ], [ -75.586042655045617, 6.274696826146057 ], [ -75.586047751388534, 6.274719461720006 ], [ -75.586053019197749, 6.274744070955932 ], [ -75.586064911672267, 6.274788482967613 ], [ -75.586067467769368, 6.274800399667514 ], [ -75.586067492743396, 6.274800517074459 ], [ -75.586068264939939, 6.274804117824143 ], [ -75.586070748141736, 6.274820488378584 ], [ -75.586071452696658, 6.274827043993443 ], [ -75.586072926254644, 6.274840765158348 ], [ -75.586073370935225, 6.274845740822256 ], [ -75.586073388779468, 6.274845878154161 ], [ -75.586073670047384, 6.274849047370826 ], [ -75.5860810421878, 6.274905714806365 ], [ -75.586087630283927, 6.274956379411437 ], [ -75.586081101646897, 6.275028195556016 ], [ -75.586014073490873, 6.275298455815792 ], [ -75.585976500283962, 6.27544995718311 ], [ -75.585961780343396, 6.275509308573879 ], [ -75.585959031994662, 6.275524902150114 ], [ -75.585959700573227, 6.275530208505269 ], [ -75.585959789875133, 6.275530911437881 ], [ -75.585972211191248, 6.275629394722823 ], [ -75.585954959020825, 6.275730927597661 ], [ -75.585955068494954, 6.275730957795533 ], [ -75.585953914534542, 6.275737697983344 ], [ -75.585943916808205, 6.275796225034204 ], [ -75.585939586585738, 6.27582155974409 ], [ -75.585935417130116, 6.275845966978533 ], [ -75.585896273505398, 6.275914676915792 ], [ -75.585887602595491, 6.275929898340681 ], [ -75.585887546179563, 6.27593000078039 ], [ -75.585864475135281, 6.275971055991349 ], [ -75.585882506503893, 6.275994300297134 ], [ -75.585967641676874, 6.276073174689402 ], [ -75.586018093608274, 6.276123653318635 ], [ -75.586070105630469, 6.276166383504396 ], [ -75.586249490673296, 6.27623312229469 ], [ -75.586439283283823, 6.276293080515153 ], [ -75.586526414722996, 6.276320939476506 ], [ -75.58659920826841, 6.276344215078194 ], [ -75.586820640353935, 6.27639359545017 ], [ -75.587072817583731, 6.276435912966038 ], [ -75.587236245798195, 6.276451782669117 ], [ -75.587371566397309, 6.276458828234556 ], [ -75.587508640406867, 6.27644824641849 ], [ -75.587686134898547, 6.276432363016302 ], [ -75.587880199435759, 6.276424275764742 ], [ -75.587897889270792, 6.276423533746124 ], [ -75.58793742522424, 6.276418415556802 ], [ -75.588061325124997, 6.276402364883237 ], [ -75.588158655224319, 6.2763939620722 ], [ -75.588388188721297, 6.276374136999435 ], [ -75.588610495212265, 6.276354728192392 ], [ -75.588918025359689, 6.276340604295338 ], [ -75.589044556051434, 6.276330020910886 ], [ -75.589048557168482, 6.276328448818571 ], [ -75.589125396341956, 6.276298269436773 ], [ -75.589363953523062, 6.276222418885204 ], [ -75.589759348790707, 6.276114824935421 ], [ -75.589962212909796, 6.27607489434821 ], [ -75.590124544123853, 6.27603816580321 ], [ -75.590227474438677, 6.275994949693698 ], [ -75.590119001904895, 6.276120415361595 ], [ -75.589881755492002, 6.276452845681026 ], [ -75.589698364514319, 6.27672183988197 ], [ -75.589638958794964, 6.276866684845363 ], [ -75.589496904844552, 6.277270178359982 ], [ -75.589429260653617, 6.277446800825158 ], [ -75.589326575999308, 6.277541629454165 ], [ -75.589243766051695, 6.277614180922267 ], [ -75.589004502044006, 6.27784898640476 ], [ -75.588755328527981, 6.278114970983139 ], [ -75.588744133408881, 6.278130034053289 ], [ -75.588737986126873, 6.278138310555487 ], [ -75.5887379349181, 6.278138369573877 ], [ -75.588495364325411, 6.278408253300973 ], [ -75.588495317607268, 6.278408306872675 ], [ -75.588485038985908, 6.27842051394821 ], [ -75.588477863805338, 6.278429036020112 ], [ -75.58846852386273, 6.278440130956941 ], [ -75.58846442981131, 6.278442463840905 ], [ -75.588460639603142, 6.278444666842684 ], [ -75.588448126771382, 6.278452340173279 ], [ -75.588438444956225, 6.278457514189398 ], [ -75.588427450081937, 6.278463369143044 ], [ -75.588418131445053, 6.2784690847129 ], [ -75.588407848226566, 6.278472498752654 ], [ -75.588394722349975, 6.278476056137956 ], [ -75.588387011966788, 6.278477199063881 ], [ -75.588379406845959, 6.27848227420635 ], [ -75.588343241478469, 6.278495194279411 ], [ -75.588175332418174, 6.278523632703891 ], [ -75.588004993669543, 6.278554430085704 ], [ -75.587823489244414, 6.278632970949064 ], [ -75.587728708926576, 6.278703478649602 ], [ -75.587677532008669, 6.278811051251513 ], [ -75.587515064803469, 6.279450993723233 ], [ -75.587439243811559, 6.27961369506885 ], [ -75.587321501491445, 6.279822710851705 ], [ -75.58732149350287, 6.279822739821737 ], [ -75.587171090366738, 6.280134121402738 ], [ -75.587171078755219, 6.280134148582559 ], [ -75.58707609712512, 6.280368276512729 ], [ -75.58707608551363, 6.2803683036925 ], [ -75.586937253371772, 6.280662816751425 ], [ -75.586937239944334, 6.28066284213203 ], [ -75.586843345229909, 6.280839557540032 ], [ -75.58673368436763, 6.280762094180566 ], [ -75.586560498454645, 6.280639753650139 ], [ -75.58644477550925, 6.28059238893187 ], [ -75.58614757166923, 6.280231864324238 ], [ -75.586579437844108, 6.279897689771995 ], [ -75.586577874544986, 6.279894354218567 ], [ -75.586566580493354, 6.27986836445708 ], [ -75.586563191809716, 6.279845762969233 ], [ -75.586564320308526, 6.27982655294745 ], [ -75.586563753745693, 6.279800561675182 ], [ -75.58655867155359, 6.279775701130973 ], [ -75.586552458954813, 6.279756491243803 ], [ -75.586551328807786, 6.279738409831053 ], [ -75.586548506109096, 6.279724849948428 ], [ -75.586542292873517, 6.279701119669749 ], [ -75.586533822693056, 6.27968416848401 ], [ -75.586524787982341, 6.279668349283607 ], [ -75.586508411266891, 6.27965252931662 ], [ -75.58648977665365, 6.27963670875928 ], [ -75.586471707382941, 6.27962540941634 ], [ -75.586450813282241, 6.279617499869357 ], [ -75.58642992130747, 6.279611850508056 ], [ -75.586410722256744, 6.279610720403 ], [ -75.586384182117186, 6.27960959223671 ], [ -75.586364419269984, 6.279608462205096 ], [ -75.586338445472606, 6.279606202945858 ], [ -75.586314728080495, 6.27960620357628 ], [ -75.586294401281961, 6.279603944423061 ], [ -75.586268425676693, 6.27960168516911 ], [ -75.586243579901463, 6.279596036360337 ], [ -75.586220993078797, 6.27959151642628 ], [ -75.586200098185444, 6.279577956376984 ], [ -75.586188804475498, 6.279554225888623 ], [ -75.586182593542745, 6.279533885883281 ], [ -75.586182592497849, 6.279513545013307 ], [ -75.586182025854768, 6.279493205131256 ], [ -75.586177508541837, 6.279469473689008 ], [ -75.586176943543649, 6.279448002795736 ], [ -75.586175813264617, 6.279428793086496 ], [ -75.586166778945355, 6.279402802077799 ], [ -75.586149271470077, 6.279383591960387 ], [ -75.586135155377875, 6.279367771647153 ], [ -75.586121037796389, 6.279354211538324 ], [ -75.586102403478094, 6.279333871464873 ], [ -75.58608715614136, 6.279311271627241 ], [ -75.586081508106631, 6.279290930643399 ], [ -75.586082073417487, 6.279269459585378 ], [ -75.586082457983196, 6.279260607653588 ], [ -75.586092685502436, 6.279231993620577 ], [ -75.586092968285229, 6.27922796364606 ], [ -75.586093207395976, 6.279223506257976 ], [ -75.586093626927905, 6.279215697460716 ], [ -75.586090612794322, 6.279201058141155 ], [ -75.586090355011976, 6.279191119065163 ], [ -75.586090895777517, 6.279188101288143 ], [ -75.586091338154347, 6.279185651759176 ], [ -75.586091762101603, 6.279182946466894 ], [ -75.586092693400317, 6.279177043650999 ], [ -75.586095488596783, 6.279164173828506 ], [ -75.586095462392748, 6.279162709349816 ], [ -75.586095316082648, 6.279155584121193 ], [ -75.586095134111488, 6.279146725949181 ], [ -75.586094983316528, 6.279139058295215 ], [ -75.586095056067393, 6.279135493151529 ], [ -75.586095199229135, 6.279128437914276 ], [ -75.586095669709408, 6.279125458456022 ], [ -75.586096083305719, 6.279122852663646 ], [ -75.586098498411999, 6.279116813229867 ], [ -75.586099501815895, 6.279111789726656 ], [ -75.586099887410796, 6.279109368504817 ], [ -75.586101361723507, 6.279106576653396 ], [ -75.586103947976355, 6.279097869340208 ], [ -75.586105213673662, 6.27909308412139 ], [ -75.586105238502938, 6.279092989070347 ], [ -75.586107838659572, 6.27908874512718 ], [ -75.586110241492989, 6.279086076161152 ], [ -75.586112696440352, 6.279082799396345 ], [ -75.586116876304899, 6.279074967491193 ], [ -75.586118858885797, 6.279068980823941 ], [ -75.586126709287271, 6.279059408504231 ], [ -75.586130359219752, 6.27905495866634 ], [ -75.586130540422204, 6.279054327627524 ], [ -75.586134352179997, 6.279048067023322 ], [ -75.586136006084175, 6.279042121760304 ], [ -75.586137550773017, 6.279036564887097 ], [ -75.586137826491793, 6.279030555014344 ], [ -75.586138153774939, 6.279023459991803 ], [ -75.586139307007315, 6.279017123929248 ], [ -75.586140016029134, 6.279013231980215 ], [ -75.586140067522081, 6.279012132365454 ], [ -75.586138654306907, 6.279005155339921 ], [ -75.586136070905326, 6.278989367519078 ], [ -75.586135250036122, 6.27898359812738 ], [ -75.586133919355703, 6.278977599811465 ], [ -75.586133633669391, 6.278964204579147 ], [ -75.58613345501233, 6.278963521074375 ], [ -75.586132340933489, 6.278956741467483 ], [ -75.586131337852578, 6.278954875885994 ], [ -75.586130870487253, 6.278952995903475 ], [ -75.586130762532221, 6.278945403980592 ], [ -75.586133487701275, 6.278929330448418 ], [ -75.586137009259502, 6.278890641960856 ], [ -75.586138314002639, 6.278888092336954 ], [ -75.586140845750521, 6.278883168864724 ], [ -75.586142205943588, 6.27888050414869 ], [ -75.586144929197118, 6.27887429141716 ], [ -75.586150361393365, 6.278863359563512 ], [ -75.586154290989171, 6.27886010444039 ], [ -75.586161690412581, 6.278852337988592 ], [ -75.586169006454782, 6.278841591200151 ], [ -75.586169332377324, 6.278840991992828 ], [ -75.586170587684876, 6.278838677673855 ], [ -75.586180324304777, 6.278830137530576 ], [ -75.586185619176746, 6.278821404172162 ], [ -75.586185866563952, 6.278820636290238 ], [ -75.586187287185211, 6.278816119721556 ], [ -75.586190056275498, 6.278807295783088 ], [ -75.58619114147379, 6.27880383322049 ], [ -75.586191510867224, 6.278795568111732 ], [ -75.586191862305498, 6.278787875373751 ], [ -75.586192072192404, 6.278783354844911 ], [ -75.586192142744949, 6.278781723537483 ], [ -75.586191173789757, 6.278775789431498 ], [ -75.586190341714556, 6.278770678264964 ], [ -75.586189125455348, 6.278763149681781 ], [ -75.586185481386963, 6.278752498656964 ], [ -75.586185472177917, 6.278752463443404 ], [ -75.586184109009537, 6.278748485904957 ], [ -75.586183676315244, 6.27874722323711 ], [ -75.586183107953076, 6.278745566157257 ], [ -75.586182312611896, 6.278743503363777 ], [ -75.586180333852795, 6.278738368030556 ], [ -75.586180278493444, 6.278737952427829 ], [ -75.586176411355254, 6.278708836689748 ], [ -75.586173020681798, 6.278681064770165 ], [ -75.586172327111811, 6.278680033931938 ], [ -75.586164162479079, 6.278656701131501 ], [ -75.58616304517308, 6.278653659907564 ], [ -75.586156786751047, 6.278627172393377 ], [ -75.586157363418991, 6.278614223130024 ], [ -75.586156083631536, 6.278609931463653 ], [ -75.586155276029118, 6.278607215081379 ], [ -75.5861533797883, 6.278600492680981 ], [ -75.586151822855626, 6.278594967412388 ], [ -75.586149757305591, 6.278587624746446 ], [ -75.586149386032844, 6.278584162150366 ], [ -75.586148861529651, 6.278579309837968 ], [ -75.586147751878983, 6.278569034134896 ], [ -75.586147133824312, 6.278563716684118 ], [ -75.586135899181542, 6.278548465250312 ], [ -75.586136073332312, 6.278534875176044 ], [ -75.586135821082834, 6.278533193931565 ], [ -75.586135181908418, 6.278529088955215 ], [ -75.586134819815243, 6.278526753700381 ], [ -75.58613432401259, 6.278523688610486 ], [ -75.586133272641717, 6.278518446531789 ], [ -75.586130407475949, 6.278504148216558 ], [ -75.586128969915222, 6.278498827583589 ], [ -75.586127409103739, 6.278493065465066 ], [ -75.586125757199397, 6.278486970191587 ], [ -75.586123883451222, 6.278480045165845 ], [ -75.586122440718157, 6.27847532396281 ], [ -75.586110866170372, 6.278494993360629 ], [ -75.586108435276245, 6.278487035917879 ], [ -75.586107183661383, 6.278482960186722 ], [ -75.586105775626493, 6.278481241259019 ], [ -75.586104947248046, 6.27847083849813 ], [ -75.586104700730289, 6.278467755902576 ], [ -75.586102432802477, 6.278464990684936 ], [ -75.586101077910186, 6.278464336499741 ], [ -75.586095337499358, 6.278461517926944 ], [ -75.586093737143827, 6.278460740192032 ], [ -75.58608584214376, 6.278456884440526 ], [ -75.586080845377623, 6.278454441905228 ], [ -75.586074647411465, 6.278453011546976 ], [ -75.586069570166558, 6.278451836928343 ], [ -75.586062323825814, 6.278450164033771 ], [ -75.586061267324226, 6.278449922441919 ], [ -75.58605754483159, 6.278449922758771 ], [ -75.586043632461539, 6.278449922810415 ], [ -75.586042195867236, 6.27844992267812 ], [ -75.586022288510321, 6.278447147905438 ], [ -75.586020608614305, 6.278446913010883 ], [ -75.586012813133351, 6.278445463425013 ], [ -75.586004968854695, 6.278444012272014 ], [ -75.585994517356013, 6.278442079473381 ], [ -75.585993503550768, 6.278441884682486 ], [ -75.585973429464588, 6.278437364954719 ], [ -75.585952350952127, 6.278428327081644 ], [ -75.585950661384047, 6.278426681870977 ], [ -75.585945402827321, 6.278421540143058 ], [ -75.585943510771159, 6.278419691611203 ], [ -75.585942094422791, 6.278418301808696 ], [ -75.58594041751266, 6.278416658343559 ], [ -75.585935787303583, 6.278412147269589 ], [ -75.585930767504522, 6.278407234901636 ], [ -75.585924070812766, 6.278399950380365 ], [ -75.585920666137838, 6.278396245112498 ], [ -75.585915913365412, 6.278391065625285 ], [ -75.585913696866911, 6.278388651838938 ], [ -75.585912370279274, 6.278387142254182 ], [ -75.585905013153919, 6.27837876706049 ], [ -75.585902322721196, 6.278375704679243 ], [ -75.585899144322198, 6.278372079659945 ], [ -75.585884586847484, 6.278354508496882 ], [ -75.585882262722038, 6.278352438792342 ], [ -75.585871034185715, 6.278342449059213 ], [ -75.585868650735151, 6.278340258501156 ], [ -75.585861376937004, 6.278333571714669 ], [ -75.58585245577946, 6.278325370599624 ], [ -75.585848103847724, 6.278319393540459 ], [ -75.585838906177955, 6.278306791829211 ], [ -75.585837890540589, 6.278305310542004 ], [ -75.585827863561391, 6.278290719433772 ], [ -75.585823688674481, 6.278287112899364 ], [ -75.585816299727838, 6.27828071056172 ], [ -75.585810613115584, 6.278275794254272 ], [ -75.585809288304489, 6.278274644483822 ], [ -75.585804371796939, 6.278270522672612 ], [ -75.585800800782721, 6.278267530639853 ], [ -75.585793726744157, 6.278261592346293 ] ] ] ] } },
{ "type": "Feature", "properties": { "comuna": "01", "barrio": "07", "codigo": "0107", "nombre_bar": "San Pablo", "indicador_": "U", "sector": 1, "nombre_com": "POPULAR", "fecha_sinc": "2026-05-22", "Shape_Leng": 2653.2270930700001, "Shape_Area": 213276.18838499999 }, "geometry": { "type": "MultiPolygon", "coordinates": [ [ [ [ -75.545881778914691, 6.29080632653629 ], [ -75.545875851265336, 6.290805718942542 ], [ -75.545875166487647, 6.29080574488354 ], [ -75.545872046199293, 6.290805874916518 ], [ -75.545869467024886, 6.290805979708932 ], [ -75.545868516666303, 6.290806019602088 ], [ -75.545865301523236, 6.290806153713885 ], [ -75.545862292349014, 6.290806278684637 ], [ -75.545860034144638, 6.290807167581047 ], [ -75.54585692727953, 6.290808384284868 ], [ -75.545852923098693, 6.290809957060651 ], [ -75.54583990139848, 6.290817299504769 ], [ -75.545834159023201, 6.290815401751093 ], [ -75.54583050725941, 6.290814196296713 ], [ -75.545822153618047, 6.29080952391132 ], [ -75.545820404063818, 6.290808545155622 ], [ -75.545813790020176, 6.290804847957844 ], [ -75.545812510277827, 6.290804788196668 ], [ -75.545811289274766, 6.290804729957337 ], [ -75.545809494401183, 6.290804650104694 ], [ -75.545809094928245, 6.290804630353528 ], [ -75.545803357752945, 6.290804357253998 ], [ -75.545802228221433, 6.290804713553749 ], [ -75.545786686364735, 6.290809621769162 ], [ -75.5457792234414, 6.290811774663847 ], [ -75.545772094380979, 6.290813833712035 ], [ -75.545769030627227, 6.290814069249341 ], [ -75.545761217714769, 6.2908146742108 ], [ -75.545758019394242, 6.290814923061567 ], [ -75.545755847039871, 6.290814329707961 ], [ -75.545751380176327, 6.290813107431955 ], [ -75.545747901345223, 6.290812159708459 ], [ -75.545742876245512, 6.290810786455502 ], [ -75.545742553010513, 6.290810650606915 ], [ -75.545733136759566, 6.290806717534518 ], [ -75.5457289750847, 6.290804522759766 ], [ -75.545723949957917, 6.290801844880444 ], [ -75.54571833688918, 6.290798853429708 ], [ -75.545716788008221, 6.290797520189555 ], [ -75.545714582336487, 6.290795651303334 ], [ -75.545711023733261, 6.290792609152757 ], [ -75.545707413154403, 6.290790583471615 ], [ -75.545706179122163, 6.290789890612514 ], [ -75.545703849665585, 6.29078857925947 ], [ -75.545702708050342, 6.290787938388088 ], [ -75.545702483354702, 6.290787812908382 ], [ -75.54569900685722, 6.290785859806278 ], [ -75.545696439049422, 6.290784587587529 ], [ -75.545693412911689, 6.290783084343444 ], [ -75.545683339040963, 6.29077807406769 ], [ -75.545673418507619, 6.29077393641152 ], [ -75.545665061779971, 6.290770300144324 ], [ -75.545653911416636, 6.290765219170273 ], [ -75.545652528642748, 6.290764597556397 ], [ -75.545651889480411, 6.29076434209745 ], [ -75.545642746186985, 6.290760796458255 ], [ -75.545640521045385, 6.290759939362118 ], [ -75.545625893935508, 6.290752668409695 ], [ -75.545621950163493, 6.290750131723242 ], [ -75.545617015664192, 6.290746952525468 ], [ -75.545607621097361, 6.290741348554589 ], [ -75.545606570837265, 6.290740727127915 ], [ -75.545601439612796, 6.290737414176903 ], [ -75.545597690723966, 6.290735004019294 ], [ -75.545597221714416, 6.290734806497827 ], [ -75.54559084360622, 6.290732058362586 ], [ -75.545585048653706, 6.290729568671633 ], [ -75.545582026213026, 6.290728267928548 ], [ -75.545579284832641, 6.290728276770612 ], [ -75.545574299026555, 6.290728292936362 ], [ -75.545573494861856, 6.290728295047979 ], [ -75.545569510180229, 6.290728305429721 ], [ -75.545566357167033, 6.290728209593505 ], [ -75.54555338475781, 6.290727860552791 ], [ -75.545552296721212, 6.29072783150017 ], [ -75.545537157386079, 6.290723178622758 ], [ -75.545534787774642, 6.290721599848726 ], [ -75.545531862506962, 6.29071965761978 ], [ -75.54553039673273, 6.290718691041155 ], [ -75.545529473916702, 6.290718078034107 ], [ -75.545528465907665, 6.290717412100054 ], [ -75.545527896645396, 6.29071703786216 ], [ -75.545519916748319, 6.290711739814629 ], [ -75.54550946499225, 6.29070446206758 ], [ -75.545499537301836, 6.290697183574025 ], [ -75.545496717633554, 6.290695402665211 ], [ -75.545489737740439, 6.290690982151236 ], [ -75.545488042876244, 6.290689915429046 ], [ -75.545485854836329, 6.290689255246503 ], [ -75.545480572955768, 6.290687661735617 ], [ -75.545476036728218, 6.290686296945688 ], [ -75.545470539753438, 6.290685622151711 ], [ -75.54546703997481, 6.290685197101818 ], [ -75.545463724603195, 6.290684788331073 ], [ -75.545460925091504, 6.290685477344219 ], [ -75.54545358697726, 6.290687283352749 ], [ -75.545451012268003, 6.29068793420176 ], [ -75.545449239652271, 6.290688528703068 ], [ -75.545442808647053, 6.29069069102881 ], [ -75.545438505660499, 6.290692135066519 ], [ -75.545437259109079, 6.29069239700465 ], [ -75.545432081668551, 6.290693510784843 ], [ -75.545428603822529, 6.290694250117691 ], [ -75.545421539887386, 6.290694838765455 ], [ -75.545415566105248, 6.290695334401248 ], [ -75.545406388477886, 6.290695686529796 ], [ -75.545404036930549, 6.29069577664861 ], [ -75.545402399061317, 6.290695837973958 ], [ -75.545401498388784, 6.290695875815853 ], [ -75.545401023198409, 6.290695893501716 ], [ -75.545387937066266, 6.290698540317716 ], [ -75.545377512447502, 6.290699620905182 ], [ -75.545367230864372, 6.290700386166069 ], [ -75.545366847879677, 6.290700412443583 ], [ -75.54536291063846, 6.290700701961577 ], [ -75.545360580810822, 6.290700242277239 ], [ -75.545359849124679, 6.290700098473969 ], [ -75.545352473444694, 6.290698642645831 ], [ -75.545352138595717, 6.290698533976788 ], [ -75.5453482745081, 6.290697331361321 ], [ -75.545345363293663, 6.290696419744638 ], [ -75.545342555237525, 6.290695539268886 ], [ -75.545340270946284, 6.290694781911259 ], [ -75.54533667891846, 6.290693596955929 ], [ -75.545331596290069, 6.290691913869709 ], [ -75.545330942084433, 6.290691723579319 ], [ -75.545326590721459, 6.290690469092166 ], [ -75.545320419717498, 6.29068868733807 ], [ -75.545319073308889, 6.29068829699727 ], [ -75.545310194999317, 6.290686470575213 ], [ -75.5453090789144, 6.290686248179792 ], [ -75.545306539125207, 6.290685719902252 ], [ -75.545306188056415, 6.290685620353264 ], [ -75.545304888729035, 6.290685249673298 ], [ -75.545300411768793, 6.290683994893933 ], [ -75.54529823751966, 6.290683383465056 ], [ -75.545296736424234, 6.290682956809671 ], [ -75.545295581879856, 6.290682629725284 ], [ -75.545277849885366, 6.290679023773613 ], [ -75.545268451444826, 6.290678006349347 ], [ -75.54526052298074, 6.290678261976402 ], [ -75.545250725326213, 6.290678577343265 ], [ -75.54524799697522, 6.290679035461236 ], [ -75.545238211312537, 6.290680700601493 ], [ -75.545234037756941, 6.290680890914269 ], [ -75.545232412581171, 6.290680961218244 ], [ -75.54522622003131, 6.290681249973485 ], [ -75.545223944992941, 6.290680908459436 ], [ -75.545222098552273, 6.290680629952283 ], [ -75.54522134352797, 6.290680517906287 ], [ -75.545212652058936, 6.290679207721144 ], [ -75.545210375051994, 6.290678647422713 ], [ -75.545209695643891, 6.290678477145294 ], [ -75.545199812260449, 6.290676030881414 ], [ -75.54519916181863, 6.290675871312089 ], [ -75.5451983883097, 6.290675674370091 ], [ -75.545198044539674, 6.290675589251181 ], [ -75.54519777019749, 6.290675473958414 ], [ -75.545189821326346, 6.290672094268593 ], [ -75.545187076022543, 6.290670925979954 ], [ -75.545180144546848, 6.290666613717492 ], [ -75.545179125854006, 6.290665980382458 ], [ -75.545174543552136, 6.290663132174069 ], [ -75.54516987421168, 6.290659480638506 ], [ -75.545167224809546, 6.290657409583226 ], [ -75.545163348762031, 6.290653564318863 ], [ -75.545161938680849, 6.290652158975362 ], [ -75.545159895791457, 6.29065013288188 ], [ -75.54515258930941, 6.290642845221234 ], [ -75.545150862363613, 6.290641127696746 ], [ -75.545148397243779, 6.290638676018149 ], [ -75.54513973478862, 6.290631074911533 ], [ -75.545139508841871, 6.290630878013199 ], [ -75.545136073999743, 6.290627458240996 ], [ -75.545113118797573, 6.290613707434542 ], [ -75.545100606543841, 6.290608024617973 ], [ -75.545094341294472, 6.290605629430958 ], [ -75.545041663579411, 6.290743239038785 ], [ -75.544992777561376, 6.290965194240917 ], [ -75.544383699960449, 6.290935071847058 ], [ -75.544071638495893, 6.290957629886044 ], [ -75.544032878767652, 6.290732138876834 ], [ -75.544000260828909, 6.290594709701882 ], [ -75.543948933992084, 6.29043692343684 ], [ -75.543822265144129, 6.290487368545673 ], [ -75.543747071908811, 6.290417141118151 ], [ -75.543546569880718, 6.290066012639589 ], [ -75.543461354368461, 6.289950641173379 ], [ -75.543315982069615, 6.289880410007996 ], [ -75.54316504409158, 6.289701542873396 ], [ -75.543208911114874, 6.289710964369729 ], [ -75.543304053914397, 6.289729147439338 ], [ -75.543347393718022, 6.289738849954674 ], [ -75.543403300947844, 6.289757038711029 ], [ -75.543482384004747, 6.289781776977417 ], [ -75.543566052902278, 6.289797089265277 ], [ -75.543641592465349, 6.289803311441394 ], [ -75.543718567769659, 6.289806185029412 ], [ -75.543792196341627, 6.289803317543957 ], [ -75.543858174822631, 6.289796263313863 ], [ -75.543901862631714, 6.28978481880018 ], [ -75.543990776047991, 6.289754673135298 ], [ -75.544010633692935, 6.289747235058554 ], [ -75.544064420975843, 6.289720626464956 ], [ -75.544118807949786, 6.289672789203144 ], [ -75.544147195934841, 6.289639302907228 ], [ -75.544162138250627, 6.289616280248672 ], [ -75.544196356345992, 6.289566327064049 ], [ -75.544235055948462, 6.289460805467277 ], [ -75.544275702528466, 6.289248820203565 ], [ -75.54428825463286, 6.28920456898281 ], [ -75.544302897639497, 6.289174072621122 ], [ -75.544325011099858, 6.289136100873063 ], [ -75.544376411505127, 6.289050888783762 ], [ -75.544478611863553, 6.288919932742966 ], [ -75.544528517420702, 6.288811997764593 ], [ -75.544551828368171, 6.288723196673771 ], [ -75.544563188281558, 6.288617951118089 ], [ -75.544549746604929, 6.28848788745791 ], [ -75.544518075495702, 6.288405362870133 ], [ -75.54446249980235, 6.288301310360938 ], [ -75.544436803377295, 6.288246892494848 ], [ -75.544372101650708, 6.288025609862305 ], [ -75.544334671683799, 6.287869413120429 ], [ -75.544259641627107, 6.287650018782419 ], [ -75.5442116461236, 6.287490234418724 ], [ -75.544208969401765, 6.287481240728463 ], [ -75.544200937946371, 6.287451578983365 ], [ -75.544190421319797, 6.287406419365414 ], [ -75.544184685623534, 6.28738173350056 ], [ -75.544145131224369, 6.287158394418801 ], [ -75.544124337982097, 6.287051831700001 ], [ -75.544104620309, 6.286953880794345 ], [ -75.544089205720454, 6.2868437296944 ], [ -75.544084189834052, 6.286741114336511 ], [ -75.544084549897761, 6.286717792922841 ], [ -75.544091005898949, 6.28666038588685 ], [ -75.544097102423379, 6.286638499392666 ], [ -75.544145638157801, 6.286442838327431 ], [ -75.544170623846213, 6.286322883491364 ], [ -75.544172632051556, 6.286177296945485 ], [ -75.544167409071648, 6.285990639423571 ], [ -75.544166333879559, 6.285974852601816 ], [ -75.544167410627992, 6.285955836679503 ], [ -75.544166336838501, 6.28590094084745 ], [ -75.544164688506058, 6.285886396347737 ], [ -75.544226698911402, 6.285887880995658 ], [ -75.544302654676343, 6.285889700074695 ], [ -75.544302836910944, 6.285893358112566 ], [ -75.544305834442426, 6.285953652947258 ], [ -75.544760669080404, 6.285956768188137 ], [ -75.544805551363822, 6.285577513363878 ], [ -75.544956846108178, 6.285618784239803 ], [ -75.544994047874809, 6.285618131147688 ], [ -75.545022113465023, 6.285603112875617 ], [ -75.545095865594462, 6.28556132120841 ], [ -75.545139595181737, 6.285542383295414 ], [ -75.545232272060005, 6.285530632454607 ], [ -75.545304720422976, 6.285494063816689 ], [ -75.545419168006646, 6.285418492681698 ], [ -75.545459607631798, 6.285350127862461 ], [ -75.545468815977856, 6.285334562208814 ], [ -75.545598922464336, 6.285260911970735 ], [ -75.545663191674223, 6.28522451423762 ], [ -75.545689654459437, 6.285209528162552 ], [ -75.545742216514384, 6.285184327849344 ], [ -75.545771826624033, 6.285170133810412 ], [ -75.545824895286017, 6.285170136622583 ], [ -75.546039427915105, 6.28516922186232 ], [ -75.546119338306696, 6.285137603858447 ], [ -75.546150393054035, 6.285138983237528 ], [ -75.546181353811036, 6.285140358551992 ], [ -75.546184551720188, 6.285139846619443 ], [ -75.54619527883024, 6.285140976936083 ], [ -75.546254846093134, 6.285112058224401 ], [ -75.546312719694953, 6.285076560438335 ], [ -75.546359547743862, 6.28504783849052 ], [ -75.546456310770637, 6.284989201401596 ], [ -75.546612343994937, 6.284894648327326 ], [ -75.546656632563199, 6.284852836427905 ], [ -75.546665667665707, 6.284846056816392 ], [ -75.546676961580289, 6.284838146916211 ], [ -75.546685996682228, 6.284831367304569 ], [ -75.54669616130262, 6.284825716843327 ], [ -75.546706888842593, 6.284820067255852 ], [ -75.54671592319626, 6.284815547913487 ], [ -75.546719877083845, 6.284814418407312 ], [ -75.546730041781402, 6.284809898078223 ], [ -75.546740206561196, 6.284806508785653 ], [ -75.546760535134126, 6.284798599167874 ], [ -75.5467701334575, 6.284796339151204 ], [ -75.546785380895088, 6.284795209771172 ], [ -75.546795545000492, 6.284795209975557 ], [ -75.546805709110217, 6.284795211083868 ], [ -75.546815306764159, 6.284796341468324 ], [ -75.546827166175049, 6.284799731947724 ], [ -75.546836201070121, 6.284803122626989 ], [ -75.546845235965307, 6.284806513306112 ], [ -75.546855963299194, 6.284811034008632 ], [ -75.546872903718921, 6.284818944672518 ], [ -75.546880245350522, 6.284822335464035 ], [ -75.546883067234162, 6.284823465409136 ], [ -75.546913558679748, 6.284837026708907 ], [ -75.54692541793878, 6.284838157824715 ], [ -75.546937841012294, 6.284839288001264 ], [ -75.546949135387223, 6.284838157987022 ], [ -75.546957039620267, 6.284837028217228 ], [ -75.546969463129827, 6.284831378498621 ], [ -75.546979627827938, 6.284826859069524 ], [ -75.546993743775644, 6.284822339373687 ], [ -75.547004474177825, 6.284818950032808 ], [ -75.547008991961462, 6.284818950622014 ], [ -75.547069975685758, 6.284818952726868 ], [ -75.547080139868228, 6.28482008305779 ], [ -75.547102727201363, 6.284823473693431 ], [ -75.547118537940591, 6.284827994029897 ], [ -75.547127572757162, 6.284830254570989 ], [ -75.547137737018502, 6.284832515032869 ], [ -75.547148463370576, 6.284835905600386 ], [ -75.547168792130449, 6.284843816919451 ], [ -75.547182344059763, 6.284849467543889 ], [ -75.547190815136844, 6.284852858250925 ], [ -75.547199850857226, 6.284855118786041 ], [ -75.547211142756481, 6.28485737917581 ], [ -75.547218482894195, 6.284865289594681 ], [ -75.547226954050757, 6.28486981043306 ], [ -75.547234859577145, 6.284874330411188 ], [ -75.547243893649238, 6.284878851218323 ], [ -75.547253491698783, 6.284885632254198 ], [ -75.547270377963272, 6.284912674952118 ], [ -75.547282288296714, 6.284966996171984 ], [ -75.547286239512331, 6.284979426455778 ], [ -75.547289626829851, 6.284990726642662 ], [ -75.547292451077723, 6.284999767500421 ], [ -75.547296401628941, 6.285015588184451 ], [ -75.547302613116202, 6.285034799096594 ], [ -75.547307130783466, 6.285046099199127 ], [ -75.54731051818635, 6.285058530421672 ], [ -75.547313906249968, 6.285067570339518 ], [ -75.547320681244258, 6.285082261591443 ], [ -75.547324632144253, 6.285090171346022 ], [ -75.547330279182788, 6.285100342140369 ], [ -75.547335362243317, 6.285108252705953 ], [ -75.547341572197865, 6.285118423468957 ], [ -75.547348347539796, 6.285125203791522 ], [ -75.547356253155357, 6.285130854801877 ], [ -75.547365287228558, 6.285135374700584 ], [ -75.547376580945084, 6.285137635979278 ], [ -75.547385052767211, 6.285138765508321 ], [ -75.547396909239652, 6.28513876649149 ], [ -75.547409897863332, 6.28513876647725 ], [ -75.547421191260369, 6.28513650722714 ], [ -75.547436436891473, 6.285135377833416 ], [ -75.547446037179341, 6.285135378058084 ], [ -75.547456765025274, 6.285134248079467 ], [ -75.547469188026568, 6.285134249012252 ], [ -75.547482176733809, 6.285135380032245 ], [ -75.54749290375581, 6.2851353801892 ], [ -75.54750306786228, 6.285135380377189 ], [ -75.547516056489243, 6.285135381264427 ], [ -75.547531302118969, 6.285134251868033 ], [ -75.547547112546695, 6.285134251658881 ], [ -75.547562923801991, 6.285133122217137 ], [ -75.54757350045135, 6.285132115931563 ], [ -75.547574783806652, 6.285131993046908 ], [ -75.547583252681022, 6.28512973309449 ], [ -75.547592287928808, 6.285125213733497 ], [ -75.547606406185423, 6.285115044252043 ], [ -75.547614310999563, 6.285109393939697 ], [ -75.54762797383718, 6.285096249457521 ], [ -75.547662311687034, 6.285063212426254 ], [ -75.547673575098869, 6.285054052279168 ], [ -75.547691673964252, 6.285039334729604 ], [ -75.547699177757551, 6.28503483096917 ], [ -75.547708614919912, 6.285029164146381 ], [ -75.547724425587916, 6.285032555232277 ], [ -75.547735155132401, 6.285042725657254 ], [ -75.547742493793592, 6.285055156599947 ], [ -75.547747576858001, 6.285063067159194 ], [ -75.547765646134991, 6.285087929688122 ], [ -75.547772984632246, 6.28509809946243 ], [ -75.547778631435946, 6.285104879853478 ], [ -75.547785406942253, 6.285113920431392 ], [ -75.547793312054878, 6.285125221191689 ], [ -75.547799524807743, 6.285136522063954 ], [ -75.547808558462407, 6.285147822747393 ], [ -75.547823803564242, 6.285164773648575 ], [ -75.547827756944173, 6.285169293892173 ], [ -75.547829450369434, 6.285171554038559 ], [ -75.547835662058787, 6.285180594651067 ], [ -75.547867283380384, 6.285199806453477 ], [ -75.547906244292989, 6.285219018639366 ], [ -75.547925441395847, 6.285233709897328 ], [ -75.547931653671355, 6.285238230881445 ], [ -75.547957062625699, 6.285264222106571 ], [ -75.548002235223876, 6.285304905437274 ], [ -75.548035551790633, 6.285326377360285 ], [ -75.548040631831014, 6.285329768305498 ], [ -75.548059830585274, 6.285342199283737 ], [ -75.548077900070112, 6.285344460059891 ], [ -75.548120436333235, 6.285342510479719 ], [ -75.548155579075086, 6.285318536770722 ], [ -75.548179542908699, 6.285257799678979 ], [ -75.548196706305703, 6.285206285068162 ], [ -75.548202134267527, 6.285202078926907 ], [ -75.548221334526701, 6.285185130086094 ], [ -75.548260861742918, 6.285176090710323 ], [ -75.548298695525915, 6.28517722263539 ], [ -75.548331447379766, 6.285173833493138 ], [ -75.548377751012509, 6.285173835575565 ], [ -75.548413889465991, 6.285184006864411 ], [ -75.548453416503818, 6.28519756920086 ], [ -75.548462450662399, 6.285203219207321 ], [ -75.5485048005811, 6.285206611962498 ], [ -75.548538680396703, 6.285207743257414 ], [ -75.54855764459532, 6.28520837588272 ], [ -75.548564906436837, 6.285332119691625 ], [ -75.548457348401186, 6.285475245020426 ], [ -75.54846218553871, 6.285500374543982 ], [ -75.548481304917686, 6.285653463849201 ], [ -75.548514816824365, 6.285655854538208 ], [ -75.54846158702523, 6.286074505012103 ], [ -75.548438947715255, 6.286259696578804 ], [ -75.548430597559246, 6.286318241037129 ], [ -75.548317134018774, 6.2871134856221 ], [ -75.548301653398369, 6.287222013962233 ], [ -75.548246737850192, 6.287730095082887 ], [ -75.548231755760412, 6.287793313575129 ], [ -75.548210251647802, 6.287831652161998 ], [ -75.548179353171349, 6.287828433259548 ], [ -75.548068062261947, 6.287810944554597 ], [ -75.547928744946219, 6.287789052985311 ], [ -75.547642821102968, 6.28774411998124 ], [ -75.547614776468819, 6.287739499324108 ], [ -75.547500576931284, 6.287720700150317 ], [ -75.547445681768579, 6.287716015112681 ], [ -75.547413237129931, 6.287725379810353 ], [ -75.547394200278902, 6.287746217334179 ], [ -75.547383285585155, 6.287758158637065 ], [ -75.547365810667827, 6.287776889211677 ], [ -75.546672063758422, 6.287713642140216 ], [ -75.546623221849572, 6.287710322544021 ], [ -75.546622155077955, 6.287718557823606 ], [ -75.546607168927991, 6.287856712317891 ], [ -75.546597919215088, 6.288043249227997 ], [ -75.546597186410651, 6.288058093705618 ], [ -75.546562231665064, 6.288238400950342 ], [ -75.546520104547213, 6.288391819778294 ], [ -75.546512902723535, 6.288420127194098 ], [ -75.546496076077929, 6.288478671446687 ], [ -75.546460094564097, 6.288603052072298 ], [ -75.546453842938163, 6.288622565135046 ], [ -75.546439175028496, 6.288677238333376 ], [ -75.546389626380389, 6.288822751682871 ], [ -75.546384843663148, 6.28883979389643 ], [ -75.546336147042112, 6.289007017024897 ], [ -75.546334729002865, 6.2890121420841 ], [ -75.546298873042559, 6.289153965041632 ], [ -75.546263820082942, 6.289292579031803 ], [ -75.546242404235514, 6.289377295141679 ], [ -75.546211906447681, 6.289485351638586 ], [ -75.546157116266414, 6.289694912166527 ], [ -75.546136984362221, 6.289794657318614 ], [ -75.546124984155966, 6.289864444135933 ], [ -75.546103988521764, 6.289979793861822 ], [ -75.546056657376795, 6.290181398980917 ], [ -75.546109455784901, 6.290197797044199 ], [ -75.546131997617408, 6.290577758199693 ], [ -75.546173352830536, 6.290630427825744 ], [ -75.546282387043078, 6.290574003455381 ], [ -75.546639575434284, 6.290321964522395 ], [ -75.546613236504328, 6.290795974829913 ], [ -75.5466665812923, 6.291066260345558 ], [ -75.546660329899055, 6.291066896583055 ], [ -75.54639891765774, 6.291108210608274 ], [ -75.546365085284279, 6.290957729752913 ], [ -75.54622597782857, 6.290908817789252 ], [ -75.54610566623613, 6.290871192320819 ], [ -75.545989114735718, 6.290852378316292 ], [ -75.545925748992602, 6.29082762178241 ], [ -75.545922251967099, 6.290824422019099 ], [ -75.545917090381124, 6.290819698813787 ], [ -75.545904557701036, 6.29081242037319 ], [ -75.545901497824786, 6.290811410937349 ], [ -75.545895162667406, 6.290809318978983 ], [ -75.545886867623338, 6.290807031342844 ], [ -75.545885768331587, 6.290806732017914 ], [ -75.545884586798451, 6.290806614819435 ], [ -75.545881778914691, 6.29080632653629 ] ] ] ] } },
{ "type": "Feature", "properties": { "comuna": "01", "barrio": "08", "codigo": "0108", "nombre_bar": "El Compromiso", "indicador_": "U", "sector": 1, "nombre_com": "POPULAR", "fecha_sinc": "2026-05-22", "Shape_Leng": 1760.9776065900001, "Shape_Area": 88193.06479 }, "geometry": { "type": "MultiPolygon", "coordinates": [ [ [ [ -75.5429018774675, 6.289779230398622 ], [ -75.542879858471323, 6.289764373692575 ], [ -75.542868617773934, 6.289754645959589 ], [ -75.542857521754243, 6.289744940124496 ], [ -75.542842827549876, 6.28973278178095 ], [ -75.542842785824092, 6.289732748532026 ], [ -75.542841786865409, 6.28973189901244 ], [ -75.542833465487746, 6.289724564707758 ], [ -75.54282593116973, 6.289719656815906 ], [ -75.542821936229615, 6.289716628513503 ], [ -75.542818159546812, 6.289714631640856 ], [ -75.542812559772585, 6.289711583123814 ], [ -75.542806852250138, 6.289708302775261 ], [ -75.542797090490765, 6.289706709340614 ], [ -75.542784480606002, 6.289703241087625 ], [ -75.54277206640009, 6.289704151385324 ], [ -75.54275913486488, 6.289709421102251 ], [ -75.542743207964151, 6.289716726988571 ], [ -75.542730731108634, 6.289723149942837 ], [ -75.54271951875586, 6.289729471809683 ], [ -75.542705083323085, 6.289736340078733 ], [ -75.542693659497232, 6.289741167578457 ], [ -75.542681514190178, 6.289748507492763 ], [ -75.542666742861755, 6.289754680328274 ], [ -75.542652901953389, 6.289760057538779 ], [ -75.54264807600255, 6.289762102619463 ], [ -75.542640200495654, 6.28976544547613 ], [ -75.542636069389843, 6.289767119201845 ], [ -75.54263208346039, 6.289768731645499 ], [ -75.542629503274057, 6.289769557903994 ], [ -75.542623023407572, 6.289770780159587 ], [ -75.542610709002318, 6.289773075967533 ], [ -75.542600688649657, 6.289774234992159 ], [ -75.542587353420942, 6.289774901139777 ], [ -75.542585952635875, 6.289775034533944 ], [ -75.54257780182202, 6.289775833663041 ], [ -75.54256949121114, 6.289775731269041 ], [ -75.54255573863044, 6.289775488105531 ], [ -75.542540805833355, 6.289775212714215 ], [ -75.542531706976689, 6.289776156594438 ], [ -75.542520115118975, 6.289775230254781 ], [ -75.542508171746476, 6.289774298393087 ], [ -75.542504153437022, 6.289773339707236 ], [ -75.542490951251366, 6.289771820877146 ], [ -75.542482900643591, 6.289771858257096 ], [ -75.542471426166131, 6.289770357235613 ], [ -75.542460994268552, 6.289767712865498 ], [ -75.542449644146103, 6.28976484151278 ], [ -75.542438777319916, 6.28975897339771 ], [ -75.542431229273916, 6.289755330414419 ], [ -75.542423108786963, 6.289751216464159 ], [ -75.54241280873805, 6.289746512794387 ], [ -75.542401825763875, 6.289742030338872 ], [ -75.542388767663098, 6.289737066148329 ], [ -75.542377682767793, 6.289730390819287 ], [ -75.542368085552951, 6.289724542741436 ], [ -75.542357690478553, 6.28972110890208 ], [ -75.542345295351026, 6.289715908222909 ], [ -75.542334025777535, 6.289716595048877 ], [ -75.542322896410028, 6.289714525467179 ], [ -75.54230980594977, 6.289713127238517 ], [ -75.542293966268758, 6.28971124061017 ], [ -75.542279971352897, 6.289707987030167 ], [ -75.542269464675158, 6.28970166962327 ], [ -75.542264447014617, 6.289697364266103 ], [ -75.542254166688565, 6.289690583757186 ], [ -75.542242301723363, 6.289682175426957 ], [ -75.542228915652501, 6.289674799759752 ], [ -75.542219013627061, 6.289664798779337 ], [ -75.542208987112545, 6.28965595476028 ], [ -75.542202958950668, 6.28964991210171 ], [ -75.542197976141651, 6.28964273873906 ], [ -75.542186030320863, 6.289629964856235 ], [ -75.54217557738427, 6.28961685822766 ], [ -75.542169001433464, 6.289608166481681 ], [ -75.542163039029148, 6.289583494328783 ], [ -75.542162089082524, 6.289574511200974 ], [ -75.542156408649376, 6.289567323150496 ], [ -75.542140895332082, 6.289555434573284 ], [ -75.542127977028443, 6.289548743748143 ], [ -75.542109319839795, 6.289540498661301 ], [ -75.542099407785059, 6.289537541641859 ], [ -75.542086417070152, 6.289533055386465 ], [ -75.542084576136645, 6.289532422428212 ], [ -75.542070597466022, 6.289527676980482 ], [ -75.542063249613591, 6.289525995836799 ], [ -75.542056395420929, 6.289523263523508 ], [ -75.542051352841341, 6.289521266475581 ], [ -75.542040978807293, 6.289523461510457 ], [ -75.542033507808711, 6.289524514992551 ], [ -75.542030577841686, 6.289524205580546 ], [ -75.542025802484915, 6.289524205313796 ], [ -75.542020868773747, 6.289523600064247 ], [ -75.542015728079235, 6.289523352945232 ], [ -75.542011444201535, 6.289523154094721 ], [ -75.542010016499859, 6.289522954905856 ], [ -75.542003069903586, 6.289522032164459 ], [ -75.541997522731918, 6.289520882009861 ], [ -75.541983257962798, 6.289514346006698 ], [ -75.541971546759157, 6.28951284612341 ], [ -75.541963570540716, 6.289509040666386 ], [ -75.541958498754326, 6.289506611595165 ], [ -75.541948998553806, 6.289503061280304 ], [ -75.541941454423892, 6.28950022292547 ], [ -75.541841995293737, 6.289474421753843 ], [ -75.541772494101792, 6.28942243732792 ], [ -75.541720454454151, 6.289357642576635 ], [ -75.541684025873053, 6.289335075147232 ], [ -75.541629143282179, 6.289301073723987 ], [ -75.541561747771823, 6.289222754945944 ], [ -75.54147711704789, 6.28909615645798 ], [ -75.541505229067624, 6.289053066330401 ], [ -75.54154032828886, 6.289012934811556 ], [ -75.541591726552426, 6.288987224103742 ], [ -75.541790047023937, 6.288966061344697 ], [ -75.541824833119165, 6.289005222658306 ], [ -75.541903101830172, 6.289020453970194 ], [ -75.5420857318922, 6.289011761884452 ], [ -75.542392291092469, 6.288955214228637 ], [ -75.542546656647019, 6.288931291507134 ], [ -75.542601010154883, 6.288935644239613 ], [ -75.542740153381843, 6.288992214243996 ], [ -75.542827522296946, 6.289006788124671 ], [ -75.542870601334144, 6.289013975841621 ], [ -75.543042362176308, 6.288983527425755 ], [ -75.543179336243028, 6.288933496257217 ], [ -75.543266306431931, 6.288835605412445 ], [ -75.543294577546348, 6.288713781987879 ], [ -75.543266317096297, 6.288628936977799 ], [ -75.543166309634302, 6.288561491824777 ], [ -75.542996732351156, 6.288411378159475 ], [ -75.542890201646202, 6.288333055697312 ], [ -75.542783672417627, 6.288250384429074 ], [ -75.54274446119004, 6.288220062499602 ], [ -75.542592354361574, 6.288102440440341 ], [ -75.542440172496782, 6.287910993635996 ], [ -75.542381478271608, 6.287776111301173 ], [ -75.542431487964308, 6.287658638436086 ], [ -75.542468457491196, 6.287525937829233 ], [ -75.542505424013569, 6.287373656948625 ], [ -75.542488036597049, 6.287280111101483 ], [ -75.54245325306718, 6.287177863762063 ], [ -75.542420642722391, 6.287147404773158 ], [ -75.542309766428559, 6.287060379444988 ], [ -75.542203237490284, 6.286971180243709 ], [ -75.542096711800014, 6.286805840505772 ], [ -75.54201845171319, 6.286638325359641 ], [ -75.54187931136174, 6.286536072011973 ], [ -75.541724949489463, 6.286470801111047 ], [ -75.5416235775308, 6.286449894774623 ], [ -75.541575176237231, 6.286439447212424 ], [ -75.541495463036313, 6.28634922951267 ], [ -75.541415752591078, 6.286177348043092 ], [ -75.541410043186616, 6.286116371891024 ], [ -75.541421639918667, 6.286113852701771 ], [ -75.541444110081031, 6.286133091383996 ], [ -75.541470289430237, 6.286155505342984 ], [ -75.541491948180038, 6.286173810405661 ], [ -75.54150789984827, 6.286177381818673 ], [ -75.54162287865185, 6.286273655525203 ], [ -75.541625302820734, 6.286274195242454 ], [ -75.541634337674964, 6.286276454973926 ], [ -75.541645065745072, 6.286277586278257 ], [ -75.541660312524769, 6.286278716400196 ], [ -75.541670476699196, 6.286278716692787 ], [ -75.541685158619913, 6.286277587478504 ], [ -75.541703228966639, 6.28627758819516 ], [ -75.541720731812092, 6.28627645972591 ], [ -75.541737672637183, 6.286275330373101 ], [ -75.54175292018671, 6.286274201118299 ], [ -75.541766471750137, 6.286273071974868 ], [ -75.541776636758556, 6.286271942124217 ], [ -75.541785105780988, 6.286270812385228 ], [ -75.541799787631291, 6.28626855303109 ], [ -75.541813904823769, 6.28626742384776 ], [ -75.541818852251126, 6.286266953154345 ], [ -75.541863654956174, 6.286289370531243 ], [ -75.541920470894411, 6.286302006675497 ], [ -75.541953944607997, 6.286286641255227 ], [ -75.541969188955036, 6.286292292831645 ], [ -75.541984999831087, 6.28629794346004 ], [ -75.541996859361973, 6.28630246418452 ], [ -75.542001375507084, 6.286304725093908 ], [ -75.542014362683403, 6.286309245757465 ], [ -75.542027914655264, 6.286314896522582 ], [ -75.542034689770119, 6.286318286525598 ], [ -75.542038078200889, 6.286319417358505 ], [ -75.542044291161758, 6.286320547109631 ], [ -75.542056713270341, 6.286319418027669 ], [ -75.542064053742266, 6.28631828834901 ], [ -75.542075346809668, 6.286323939251255 ], [ -75.542084380968134, 6.28632958938783 ], [ -75.542096240361047, 6.286331849836326 ], [ -75.542105275080729, 6.28633185018945 ], [ -75.542112051799208, 6.28633185067689 ], [ -75.542127863237212, 6.286331851517007 ], [ -75.542147061294358, 6.286332982293356 ], [ -75.542159484309934, 6.286331854108656 ], [ -75.542171341686824, 6.286330724154674 ], [ -75.542182635245396, 6.286329595134918 ], [ -75.542188281464107, 6.286327334518394 ], [ -75.542207481539336, 6.286317164819068 ], [ -75.542220470664901, 6.286309254866823 ], [ -75.542230069700395, 6.286302476172754 ], [ -75.542238541151434, 6.286296825867784 ], [ -75.542247009965649, 6.28629230661639 ], [ -75.542253223694217, 6.286291176991865 ], [ -75.542267904144481, 6.286295697548196 ], [ -75.542276373511669, 6.286300218483383 ], [ -75.542292183484065, 6.286305869105463 ], [ -75.542306864838224, 6.286310389655964 ], [ -75.542320983277932, 6.2863149111362 ], [ -75.542330581189788, 6.286319431100653 ], [ -75.542347520549384, 6.286323952418373 ], [ -75.542363897753759, 6.286326213484686 ], [ -75.542376320967747, 6.286328473895749 ], [ -75.54238648520753, 6.286329604310271 ], [ -75.542388744181721, 6.286330734306492 ], [ -75.542402859561079, 6.286329605115857 ], [ -75.54241302373066, 6.286329605393588 ], [ -75.542424317356662, 6.286329606505099 ], [ -75.54243899850529, 6.286330737546543 ], [ -75.542449728374322, 6.286331867920302 ], [ -75.542459892683908, 6.286334128469547 ], [ -75.542471186445553, 6.286336388948336 ], [ -75.542482480071186, 6.286336390058511 ], [ -75.542491514577591, 6.286332999996339 ], [ -75.542501678606087, 6.286330739999978 ], [ -75.542511842638802, 6.286328480907511 ], [ -75.542524266333857, 6.286323960493394 ], [ -75.542531606039262, 6.286325091085243 ], [ -75.542544605375795, 6.286327093730308 ], [ -75.542553628765162, 6.286328481938397 ], [ -75.542568874572581, 6.286328483708848 ], [ -75.542580733892692, 6.286329614009388 ], [ -75.542591461120651, 6.286331874529434 ], [ -75.542596543799633, 6.286334135388512 ], [ -75.542610096535, 6.286337525859139 ], [ -75.542620260914674, 6.286340916540997 ], [ -75.542629858690802, 6.286343177130644 ], [ -75.54264228176271, 6.286343177262654 ], [ -75.542654141016499, 6.286343178329339 ], [ -75.542672774129599, 6.286340918712949 ], [ -75.542687455967851, 6.286338659334642 ], [ -75.542697056100991, 6.286335269229674 ], [ -75.542706091512443, 6.28633188006403 ], [ -75.542716820197882, 6.286328490796576 ], [ -75.542720773142165, 6.286326231181054 ], [ -75.542724161356148, 6.286323970696784 ], [ -75.54273488989972, 6.286318321157078 ], [ -75.542743924265338, 6.286312671723463 ], [ -75.542749571245437, 6.286308151729712 ], [ -75.542759172068429, 6.286301371211691 ], [ -75.542765383566149, 6.286293461678645 ], [ -75.542772726039289, 6.286281031522178 ], [ -75.542778372739988, 6.286271991888625 ], [ -75.542786843136, 6.286264081309826 ], [ -75.542795877575202, 6.286259562915921 ], [ -75.542803219635132, 6.286255042811269 ], [ -75.542810560649713, 6.286248262439119 ], [ -75.542817335963932, 6.286240351970885 ], [ -75.542823549267197, 6.286232442428985 ], [ -75.542834277599169, 6.286223403384797 ], [ -75.542842748967885, 6.28621662293724 ], [ -75.542850089082222, 6.28620984347345 ], [ -75.542858560521381, 6.286204193161648 ], [ -75.542868158984788, 6.286203063335519 ], [ -75.54287211297266, 6.286203063986807 ], [ -75.542874935768566, 6.286204193949603 ], [ -75.542887923844404, 6.286208714584998 ], [ -75.542896392236671, 6.286212105377122 ], [ -75.542909381413963, 6.286205325548798 ], [ -75.542919546058883, 6.286198545902406 ], [ -75.542929710703518, 6.286191766255883 ], [ -75.542943826549248, 6.286183856233396 ], [ -75.542953427513226, 6.286179336889422 ], [ -75.54296472161252, 6.286172558075527 ], [ -75.542972061100755, 6.286170298254288 ], [ -75.542983920414358, 6.286171428546802 ], [ -75.543005378189449, 6.286171429010641 ], [ -75.543015542284422, 6.286170300046256 ], [ -75.543027965277275, 6.286169170034981 ], [ -75.54303417628843, 6.286168040415649 ], [ -75.543045469620438, 6.286163520972231 ], [ -75.543058458655139, 6.286154481774149 ], [ -75.543068057524508, 6.286145441894686 ], [ -75.543069752462102, 6.286143181511891 ], [ -75.543071446001377, 6.286133011087687 ], [ -75.543077093522882, 6.286122840409404 ], [ -75.543087258362277, 6.286104761208194 ], [ -75.543094600963343, 6.28609459041856 ], [ -75.543102506558256, 6.286085550641756 ], [ -75.543109847427459, 6.286076510900638 ], [ -75.543113800989971, 6.28606973164062 ], [ -75.543119448581621, 6.286060691098122 ], [ -75.543127353961623, 6.286048260914366 ], [ -75.54313808323846, 6.286025661135168 ], [ -75.54314542569503, 6.28601323007437 ], [ -75.543147118757929, 6.28600984046884 ], [ -75.543156154419705, 6.285996280073813 ], [ -75.543162930280602, 6.285982720730082 ], [ -75.543168015023994, 6.28597481035028 ], [ -75.543174225322616, 6.285962380278309 ], [ -75.543181568757149, 6.285951080252934 ], [ -75.543184153799302, 6.285946423266999 ], [ -75.543230762834185, 6.285910865697214 ], [ -75.543322613011199, 6.285851300868716 ], [ -75.543354931258008, 6.285841943386315 ], [ -75.543420415214641, 6.285833438007484 ], [ -75.543487599833611, 6.285832588473007 ], [ -75.543528420652592, 6.285835143725306 ], [ -75.543592204040863, 6.285836850370937 ], [ -75.543610162250417, 6.285841486937376 ], [ -75.543618632727359, 6.285849397346333 ], [ -75.543626537435898, 6.285855048429287 ], [ -75.543634442140188, 6.285860698607924 ], [ -75.543644606652578, 6.285866349541368 ], [ -75.54365307594189, 6.285869740317107 ], [ -75.543661547246657, 6.285876519681283 ], [ -75.543668885423813, 6.285882170808205 ], [ -75.543677356588518, 6.285886690805651 ], [ -75.543688650334403, 6.285888951259935 ], [ -75.543694271372289, 6.28588932080545 ], [ -75.543741164513662, 6.285891214512603 ], [ -75.543793776516765, 6.285868993125651 ], [ -75.54383860091464, 6.285839932992277 ], [ -75.54386979732935, 6.285818765150924 ], [ -75.54388772725531, 6.285805131624622 ], [ -75.543908525268563, 6.285790421810698 ], [ -75.54395298954519, 6.28575382677924 ], [ -75.544056589688978, 6.28569245070256 ], [ -75.544207117117267, 6.285785145783308 ], [ -75.544188588756313, 6.285819904907047 ], [ -75.54416829258102, 6.285864978564788 ], [ -75.544164688506058, 6.285886396347737 ], [ -75.544166336838501, 6.28590094084745 ], [ -75.544167410627992, 6.285955836679503 ], [ -75.544166333879559, 6.285974852601816 ], [ -75.544167409071648, 6.285990639423571 ], [ -75.544172632051556, 6.286177296945485 ], [ -75.544170623846213, 6.286322883491364 ], [ -75.544145638157801, 6.286442838327431 ], [ -75.544097102423379, 6.286638499392666 ], [ -75.544091005898949, 6.28666038588685 ], [ -75.544084549897761, 6.286717792922841 ], [ -75.544084189834052, 6.286741114336511 ], [ -75.544089205720454, 6.2868437296944 ], [ -75.544104620309, 6.286953880794345 ], [ -75.544124337982097, 6.287051831700001 ], [ -75.544145131224369, 6.287158394418801 ], [ -75.544184685623534, 6.28738173350056 ], [ -75.544190421319797, 6.287406419365414 ], [ -75.544200937946371, 6.287451578983365 ], [ -75.544208969401765, 6.287481240728463 ], [ -75.5442116461236, 6.287490234418724 ], [ -75.544259641627107, 6.287650018782419 ], [ -75.544334671683799, 6.287869413120429 ], [ -75.544372101650708, 6.288025609862305 ], [ -75.544436803377295, 6.288246892494848 ], [ -75.54446249980235, 6.288301310360938 ], [ -75.544518075495702, 6.288405362870133 ], [ -75.544549746604929, 6.28848788745791 ], [ -75.544563188281558, 6.288617951118089 ], [ -75.544551828368171, 6.288723196673771 ], [ -75.544528517420702, 6.288811997764593 ], [ -75.544478611863553, 6.288919932742966 ], [ -75.544376411505127, 6.289050888783762 ], [ -75.544325011099858, 6.289136100873063 ], [ -75.544302897639497, 6.289174072621122 ], [ -75.54428825463286, 6.28920456898281 ], [ -75.544275702528466, 6.289248820203565 ], [ -75.544235055948462, 6.289460805467277 ], [ -75.544196356345992, 6.289566327064049 ], [ -75.544162138250627, 6.289616280248672 ], [ -75.544147195934841, 6.289639302907228 ], [ -75.544118807949786, 6.289672789203144 ], [ -75.544064420975843, 6.289720626464956 ], [ -75.544010633692935, 6.289747235058554 ], [ -75.543990776047991, 6.289754673135298 ], [ -75.543901862631714, 6.28978481880018 ], [ -75.543858174822631, 6.289796263313863 ], [ -75.543792196341627, 6.289803317543957 ], [ -75.543718567769659, 6.289806185029412 ], [ -75.543641592465349, 6.289803311441394 ], [ -75.543566052902278, 6.289797089265277 ], [ -75.543482384004747, 6.289781776977417 ], [ -75.543403300947844, 6.289757038711029 ], [ -75.543347393718022, 6.289738849954674 ], [ -75.543304053914397, 6.289729147439338 ], [ -75.543208911114874, 6.289710964369729 ], [ -75.54316504409158, 6.289701542873396 ], [ -75.543130901390327, 6.289700509360104 ], [ -75.543036088421729, 6.289705186846659 ], [ -75.542981201760512, 6.289719233594522 ], [ -75.542923336796946, 6.289758336844194 ], [ -75.5429018774675, 6.289779230398622 ] ] ] ] } },
{ "type": "Feature", "properties": { "comuna": "01", "barrio": "06", "codigo": "0106", "nombre_bar": "Villa Guadalupe", "indicador_": "U", "sector": 1, "nombre_com": "POPULAR", "fecha_sinc": "2026-05-22", "Shape_Leng": 2627.4645211900001, "Shape_Area": 234712.326386 }, "geometry": { "type": "MultiPolygon", "coordinates": [ [ [ [ -75.553439932811131, 6.289887392308611 ], [ -75.553424122827252, 6.289882872243945 ], [ -75.553413394139369, 6.289885131606081 ], [ -75.553403230180805, 6.289887391823593 ], [ -75.553390241397935, 6.289886261004124 ], [ -75.553381772614784, 6.289889651197975 ], [ -75.5533738668464, 6.289894171478625 ], [ -75.553355230577438, 6.289900950225135 ], [ -75.553351278501907, 6.289902080686429 ], [ -75.553345065907976, 6.289905470699344 ], [ -75.553337725956752, 6.289912250275913 ], [ -75.553328691027517, 6.289920161032856 ], [ -75.553312880576541, 6.289931460033872 ], [ -75.55330440908115, 6.289934850240194 ], [ -75.553303383931905, 6.289935670751466 ], [ -75.553311700674229, 6.2897895543884 ], [ -75.553318409601403, 6.28961966982044 ], [ -75.553325897312519, 6.289364634055494 ], [ -75.553327911717119, 6.289348053833307 ], [ -75.553290986939373, 6.289355475277855 ], [ -75.553188738317345, 6.289388234327053 ], [ -75.553054082086888, 6.289411635185511 ], [ -75.552877015155204, 6.289430352101798 ], [ -75.552734869763654, 6.28943034793156 ], [ -75.55263761753298, 6.289425671631609 ], [ -75.552542914606136, 6.289411629013564 ], [ -75.55251406675896, 6.289405359899778 ], [ -75.552522702274075, 6.289275810481822 ], [ -75.552500509993635, 6.289268972708429 ], [ -75.552393275913786, 6.289226850195355 ], [ -75.552034133811915, 6.289126219855596 ], [ -75.551697442850681, 6.289023250025706 ], [ -75.55156658230068, 6.288983857371307 ], [ -75.55154279457372, 6.288976696438508 ], [ -75.551586745143979, 6.288534699117981 ], [ -75.551587729708217, 6.288524817889135 ], [ -75.551606627545468, 6.288361062171537 ], [ -75.551588810527662, 6.288360745962156 ], [ -75.551286831186772, 6.288313898270449 ], [ -75.55102633125253, 6.288277738669773 ], [ -75.550865039708796, 6.288255348630651 ], [ -75.550830129018991, 6.288248521325149 ], [ -75.550805147993984, 6.288243639083444 ], [ -75.550747740947955, 6.288238945897619 ], [ -75.550445751409768, 6.288213179599401 ], [ -75.550013986338811, 6.288154628162809 ], [ -75.549756918500847, 6.288119489019906 ], [ -75.549744740473528, 6.288117852354085 ], [ -75.549700442541265, 6.288111920634477 ], [ -75.549684892931467, 6.288109831191321 ], [ -75.549652095777887, 6.28810543727596 ], [ -75.549402157446863, 6.288069646546054 ], [ -75.549050242893713, 6.288016530618108 ], [ -75.549045291339525, 6.288015779958908 ], [ -75.548995256216699, 6.288007153904926 ], [ -75.548923014625387, 6.287994702425271 ], [ -75.548354040686775, 6.287863561019329 ], [ -75.548246734283893, 6.287835459522571 ], [ -75.548210251647802, 6.287831652161998 ], [ -75.548231755760412, 6.287793313575129 ], [ -75.548246737850192, 6.287730095082887 ], [ -75.548301653398369, 6.287222013962233 ], [ -75.548317134018774, 6.2871134856221 ], [ -75.548430597559246, 6.286318241037129 ], [ -75.548438947715255, 6.286259696578804 ], [ -75.54846158702523, 6.286074505012103 ], [ -75.548514816824365, 6.285655854538208 ], [ -75.548481304917686, 6.285653463849201 ], [ -75.54846218553871, 6.285500374543982 ], [ -75.548620418998183, 6.285505563749541 ], [ -75.548705597074033, 6.285499407327783 ], [ -75.548761566099543, 6.28548902831293 ], [ -75.548789608652939, 6.285491210591933 ], [ -75.548822827822761, 6.285493793458484 ], [ -75.54887949423086, 6.285513619886476 ], [ -75.54892765180827, 6.285530468996932 ], [ -75.548948660910284, 6.285472700022075 ], [ -75.548948674287161, 6.285472663792657 ], [ -75.548973529794225, 6.285404315212423 ], [ -75.548998246213756, 6.285336350652187 ], [ -75.549009346800673, 6.28530582637771 ], [ -75.54900441445217, 6.285282671898054 ], [ -75.549001417515356, 6.285268605985856 ], [ -75.549038981717942, 6.285254092731849 ], [ -75.549061005627678, 6.285238272888112 ], [ -75.549066086808764, 6.285232622768198 ], [ -75.549072300060757, 6.285225842421063 ], [ -75.549076251630751, 6.285217932123675 ], [ -75.54908189811178, 6.285207763243824 ], [ -75.549083594324586, 6.285198722965492 ], [ -75.549085287252808, 6.285194202322629 ], [ -75.549086416283544, 6.285188552490745 ], [ -75.549086416686166, 6.28518177170346 ], [ -75.549094889315427, 6.285169341436578 ], [ -75.549078294870696, 6.285035461169206 ], [ -75.549131301168927, 6.284232782626844 ], [ -75.55092486601032, 6.284679619567484 ], [ -75.550924853396651, 6.285080960191964 ], [ -75.551303245901792, 6.285111262381625 ], [ -75.551318376055235, 6.285262711700855 ], [ -75.551382598147242, 6.285298148260635 ], [ -75.551842711660569, 6.285330661211099 ], [ -75.55185028424394, 6.285331196536724 ], [ -75.55186678685638, 6.285444060102389 ], [ -75.551869533912196, 6.285554171833492 ], [ -75.5518929618882, 6.285870755601469 ], [ -75.551899610286597, 6.285867800174509 ], [ -75.551909210378838, 6.285865540959777 ], [ -75.551926714763326, 6.285863281121768 ], [ -75.551943655149074, 6.285858761068122 ], [ -75.551961724077898, 6.285854241832189 ], [ -75.551976405753436, 6.285851981310171 ], [ -75.551985441127599, 6.285849723043502 ], [ -75.551997280983102, 6.285846877881426 ], [ -75.551830421547507, 6.286488277477373 ], [ -75.552583356704332, 6.286686564037717 ], [ -75.552659765646197, 6.286715592198683 ], [ -75.552696284081478, 6.286861774389063 ], [ -75.552762337718733, 6.286888090172598 ], [ -75.552858598356281, 6.28692537701883 ], [ -75.55297038390583, 6.286962665744984 ], [ -75.553041223166375, 6.286989429138389 ], [ -75.553132539272127, 6.286998882890103 ], [ -75.553356104379461, 6.28702094363922 ], [ -75.553474184262555, 6.287031975297433 ], [ -75.553543455290352, 6.28709971744328 ], [ -75.55358281734658, 6.287101293506552 ], [ -75.55365838847267, 6.287099719924654 ], [ -75.553754426573263, 6.287112325682401 ], [ -75.553847316367822, 6.287145412046478 ], [ -75.553948075851281, 6.287205277377166 ], [ -75.554038562294295, 6.287276507720255 ], [ -75.554094454101545, 6.287326224083012 ], [ -75.554175189455236, 6.287341759695145 ], [ -75.554296290834401, 6.287347977392613 ], [ -75.554564347562376, 6.287323151260109 ], [ -75.554679929062658, 6.287315301827832 ], [ -75.554699006366988, 6.287620700588174 ], [ -75.554659563628519, 6.288643635750283 ], [ -75.555227812870058, 6.288749291671983 ], [ -75.555206071649749, 6.28899474916101 ], [ -75.555249542924358, 6.28908485614311 ], [ -75.555299224533101, 6.289140783962664 ], [ -75.555330234938808, 6.289152310528097 ], [ -75.555309609268079, 6.28916873766923 ], [ -75.555289845434345, 6.28918568768463 ], [ -75.555280809648522, 6.289193597558835 ], [ -75.555263305012787, 6.28920376752312 ], [ -75.555241280880978, 6.289215068022398 ], [ -75.555233375143487, 6.289219587416654 ], [ -75.555214742664873, 6.28922749722164 ], [ -75.555196672098191, 6.289234276864317 ], [ -75.555178602438801, 6.289241057406208 ], [ -75.555161096589984, 6.289247836093804 ], [ -75.55515432030262, 6.289252356291163 ], [ -75.555145285320847, 6.289259136938929 ], [ -75.555127214348445, 6.289271567209624 ], [ -75.555111969699695, 6.289283996312326 ], [ -75.555095591993023, 6.289296426436728 ], [ -75.555079780720618, 6.289307727281056 ], [ -75.555063405818473, 6.289321286612767 ], [ -75.555049286904264, 6.289332586411398 ], [ -75.555032912812806, 6.289345017421414 ], [ -75.555014841929534, 6.289358576911547 ], [ -75.554998465321106, 6.289373267280608 ], [ -75.554980959963274, 6.289385696590696 ], [ -75.554967408679488, 6.289399256575574 ], [ -75.554954985040126, 6.289412817373337 ], [ -75.55493747847666, 6.289421856311719 ], [ -75.554916020556547, 6.289429766369344 ], [ -75.554897950883856, 6.289436546905676 ], [ -75.554878751558633, 6.289441066386762 ], [ -75.554859551933731, 6.28944219549149 ], [ -75.554839789391565, 6.289443324636564 ], [ -75.554818330874383, 6.289444454843351 ], [ -75.554798565620814, 6.289445584000223 ], [ -75.554779367805878, 6.289446713997346 ], [ -75.554758474910557, 6.289447843243502 ], [ -75.554739840106862, 6.289450102419638 ], [ -75.554727982393302, 6.289456882403978 ], [ -75.554703136130144, 6.289454621620033 ], [ -75.55469184335233, 6.289453491575847 ], [ -75.554676031874024, 6.289452361029173 ], [ -75.554663043017541, 6.289450101016725 ], [ -75.554642715454307, 6.289447840732003 ], [ -75.554628598654659, 6.289442189528583 ], [ -75.55461899855473, 6.289434279489324 ], [ -75.5546116583496, 6.289427498468393 ], [ -75.554602624583083, 6.289417328119264 ], [ -75.554594718557027, 6.289408287804955 ], [ -75.554588506897147, 6.289401506688733 ], [ -75.554580601069702, 6.289394726625036 ], [ -75.55456987432845, 6.289387945891579 ], [ -75.554559709489268, 6.289390206130146 ], [ -75.554545590871498, 6.28939472606663 ], [ -75.554532038685579, 6.289398115818898 ], [ -75.554513968805608, 6.289402636092361 ], [ -75.554503240945181, 6.289403765341054 ], [ -75.554493640626845, 6.289403764373824 ], [ -75.554483476294592, 6.28940150410437 ], [ -75.554474440803489, 6.289402634117029 ], [ -75.554462583790809, 6.289407153840664 ], [ -75.554450724876432, 6.289410544351362 ], [ -75.55444225540316, 6.289416193908206 ], [ -75.554429265919708, 6.289427494501673 ], [ -75.554422489813547, 6.289434274040237 ], [ -75.554415149081791, 6.289442183753831 ], [ -75.554396513846527, 6.289460264686475 ], [ -75.554385785963973, 6.289471564164799 ], [ -75.554375621101187, 6.289483994632343 ], [ -75.55436658629398, 6.28949303461963 ], [ -75.55436037310777, 6.289499815021546 ], [ -75.55435133819698, 6.289507723978994 ], [ -75.554341739473969, 6.289515634789467 ], [ -75.554331009391959, 6.289522414677596 ], [ -75.55431632672807, 6.289534844635515 ], [ -75.554308987603193, 6.289540494088487 ], [ -75.554299387071751, 6.289548404907524 ], [ -75.554292046139381, 6.289554054369204 ], [ -75.554283011235299, 6.289561965134429 ], [ -75.55427171723197, 6.289567614941116 ], [ -75.554263811381958, 6.289571005104453 ], [ -75.554248000991763, 6.289572133888983 ], [ -75.554236141770915, 6.289572133115357 ], [ -75.554224848280697, 6.28957326331774 ], [ -75.554208473071469, 6.289573262928614 ], [ -75.554193791842962, 6.289571003043761 ], [ -75.554184191228629, 6.289567612598582 ], [ -75.554171767891475, 6.289564221490661 ], [ -75.554161603456407, 6.28956083108979 ], [ -75.554146922836708, 6.289555180821287 ], [ -75.554136758401796, 6.28955179041975 ], [ -75.554124901404421, 6.289546139904723 ], [ -75.554116429335849, 6.289542749364151 ], [ -75.554100055348897, 6.289535969110897 ], [ -75.554082549807632, 6.289525797682046 ], [ -75.554072950489939, 6.289526927733604 ], [ -75.554057140396807, 6.289531447794018 ], [ -75.554036245362255, 6.289539357782363 ], [ -75.554019305009135, 6.289545007166273 ], [ -75.554005189087775, 6.289549527078392 ], [ -75.553996717700116, 6.289554046513632 ], [ -75.55398147181721, 6.289563087031855 ], [ -75.553969612175507, 6.289568735982646 ], [ -75.55395888440836, 6.289570996252115 ], [ -75.553949283668558, 6.289576645910889 ], [ -75.553939684935642, 6.289584556716886 ], [ -75.553928955235264, 6.28959585710374 ], [ -75.553919919508104, 6.28960489618747 ], [ -75.553912014039938, 6.289612805946924 ], [ -75.55390241488665, 6.289626366483571 ], [ -75.553897896964187, 6.289635406984103 ], [ -75.553893943053851, 6.289646706788279 ], [ -75.55389055467819, 6.28965687731707 ], [ -75.553889732717693, 6.289659894705597 ], [ -75.553928273738549, 6.289721993408542 ], [ -75.553914268680543, 6.289783442225877 ], [ -75.553923302256166, 6.28979135324162 ], [ -75.553928949384101, 6.289800393764411 ], [ -75.553931773079995, 6.289811693880289 ], [ -75.553933465813543, 6.289826384481213 ], [ -75.553935724175673, 6.289841075028606 ], [ -75.553935724439881, 6.289854634737621 ], [ -75.553934594061232, 6.289864805074988 ], [ -75.553927817947098, 6.28987158551605 ], [ -75.553914831150621, 6.289882886092331 ], [ -75.553908054132421, 6.289889666537692 ], [ -75.553900712478352, 6.289897575349975 ], [ -75.553895064909582, 6.289904355697214 ], [ -75.553888854004938, 6.289916785815519 ], [ -75.55388377084526, 6.289930346874803 ], [ -75.553878689096081, 6.289939386516737 ], [ -75.55387134725386, 6.289945036885018 ], [ -75.553861749315786, 6.289951816658109 ], [ -75.553850455101596, 6.289955206208607 ], [ -75.553834644382576, 6.289963116651042 ], [ -75.553826737809985, 6.289968766163926 ], [ -75.553814879065712, 6.289974416015172 ], [ -75.55380415077255, 6.289981195890081 ], [ -75.553795678672955, 6.289987976486366 ], [ -75.553786644750005, 6.289997016466672 ], [ -75.553778174643853, 6.290006055498225 ], [ -75.553771962445111, 6.290013966020419 ], [ -75.553762362990526, 6.290024136180121 ], [ -75.553762162790605, 6.290024401156622 ], [ -75.553752198200399, 6.290037696771866 ], [ -75.553742597837058, 6.290047866031862 ], [ -75.553736950264707, 6.290054646378903 ], [ -75.553729610421698, 6.290062556990002 ], [ -75.553722267961192, 6.290071596836589 ], [ -75.553707023251178, 6.290084026824935 ], [ -75.55369855194995, 6.290089676386026 ], [ -75.553690082362252, 6.290094196716051 ], [ -75.553678222709408, 6.290099846570355 ], [ -75.55366805804212, 6.290104367051258 ], [ -75.553652813256392, 6.290105495771465 ], [ -75.553641519651137, 6.290105495840066 ], [ -75.553630788861895, 6.290104364837995 ], [ -75.55362175396219, 6.290102104458141 ], [ -75.553610460259137, 6.290100974399657 ], [ -75.553600296910091, 6.290099844238894 ], [ -75.553585614660506, 6.290096454219955 ], [ -75.553574321661515, 6.290093062999384 ], [ -75.553560768570179, 6.29008628250287 ], [ -75.553555123346413, 6.290078372092434 ], [ -75.553550605766219, 6.290070461593172 ], [ -75.553546087995812, 6.290060291745156 ], [ -75.553540441869089, 6.290052381338716 ], [ -75.553534230920036, 6.290043340854448 ], [ -75.553530844403383, 6.290033169995763 ], [ -75.553521243843221, 6.29000943906401 ], [ -75.55351446788265, 6.289997009152632 ], [ -75.553510515932828, 6.289989098599421 ], [ -75.553507692140968, 6.289976667447538 ], [ -75.553504870869929, 6.289961976933502 ], [ -75.553500353616826, 6.289947286574129 ], [ -75.553495271022584, 6.289935985742908 ], [ -75.553490753445161, 6.289928075242241 ], [ -75.553485106417767, 6.2899201648387 ], [ -75.553478330843902, 6.28991225452776 ], [ -75.553469296272894, 6.289903214284492 ], [ -75.553461391342012, 6.289896433292666 ], [ -75.553452356251739, 6.289891912655144 ], [ -75.553439932811131, 6.289887392308611 ] ] ] ] } },
{ "type": "Feature", "properties": { "comuna": "14", "barrio": "21", "codigo": "1421", "nombre_bar": "Patio Bonito", "indicador_": "U", "sector": 5, "nombre_com": "EL POBLADO", "fecha_sinc": "2026-05-22", "Shape_Leng": 4487.9631678599999, "Shape_Area": 685245.77439399995 }, "geometry": { "type": "MultiPolygon", "coordinates": [ [ [ [ -75.575285978780471, 6.212819961211659 ], [ -75.575313892238654, 6.212805993587542 ], [ -75.575358092699176, 6.212780383331279 ], [ -75.575386008604568, 6.212747789662842 ], [ -75.575539543535044, 6.212517309248486 ], [ -75.57554652243283, 6.212487044344836 ], [ -75.575562805111375, 6.212389266526434 ], [ -75.575562804249486, 6.212359001269629 ], [ -75.575620159738378, 6.212323465132513 ], [ -75.575641197223106, 6.21230576818591 ], [ -75.575681225007031, 6.212277607025957 ], [ -75.575704134789007, 6.212261484919934 ], [ -75.575712815770387, 6.212255377101526 ], [ -75.575721931624415, 6.212248966103116 ], [ -75.575722039138981, 6.212247853550829 ], [ -75.575807342452904, 6.211362036398739 ], [ -75.575863794027896, 6.210767693221983 ], [ -75.575878047102421, 6.210625031918255 ], [ -75.575876466221388, 6.210490372974168 ], [ -75.575854952224503, 6.210394098342856 ], [ -75.575764721394506, 6.210111852911746 ], [ -75.575654174354, 6.209784161098302 ], [ -75.575541235804209, 6.209441520895972 ], [ -75.575428895925981, 6.209100075608738 ], [ -75.575353005919624, 6.208865667749131 ], [ -75.575268749515857, 6.208600764983371 ], [ -75.575184495084073, 6.208344233115246 ], [ -75.575146253729216, 6.208258124892284 ], [ -75.575098449018171, 6.20817500511408 ], [ -75.575037500703772, 6.208091887818987 ], [ -75.574966393775057, 6.208014749869165 ], [ -75.574895285695789, 6.20795614753768 ], [ -75.574817885522378, 6.207906676370629 ], [ -75.574786668626246, 6.207891667620771 ], [ -75.574738772979259, 6.20786864391691 ], [ -75.574664439874297, 6.207838507105095 ], [ -75.57458437108177, 6.207816742028209 ], [ -75.574514579450195, 6.207805023796761 ], [ -75.57446175814853, 6.207800717880291 ], [ -75.574319416652372, 6.207802729535762 ], [ -75.574217253600793, 6.207821754109659 ], [ -75.57395723291792, 6.207882571524158 ], [ -75.573699941521184, 6.207978212848604 ], [ -75.573449999817882, 6.208029712308485 ], [ -75.5732221117824, 6.207970859663265 ], [ -75.573075087116862, 6.207904650340883 ], [ -75.57300157342047, 6.207823727428306 ], [ -75.57295723753208, 6.207947564722565 ], [ -75.572840238304664, 6.207894344831573 ], [ -75.572701965552668, 6.207780808887562 ], [ -75.572626678597516, 6.207650215645168 ], [ -75.572538412684352, 6.207609364031723 ], [ -75.572247535105831, 6.207668376023324 ], [ -75.572047364177024, 6.207694688982251 ], [ -75.571991793614472, 6.207691101361181 ], [ -75.571822860600477, 6.207666224643624 ], [ -75.571499429122852, 6.207643266850755 ], [ -75.5713470904128, 6.207646059496675 ], [ -75.57135057653872, 6.2076171776287 ], [ -75.571365220000757, 6.207495820796204 ], [ -75.571410746485057, 6.207239500299838 ], [ -75.571481576453593, 6.20695469369957 ], [ -75.571537229227488, 6.206660395584994 ], [ -75.571547347008789, 6.206579702379679 ], [ -75.571557463003714, 6.206461029213087 ], [ -75.571562828114153, 6.206310725089204 ], [ -75.571556179833465, 6.206193390975125 ], [ -75.571527932742001, 6.20604472203155 ], [ -75.57152352262959, 6.206021508312951 ], [ -75.571489590963949, 6.20584296234958 ], [ -75.571415045193717, 6.205487896372056 ], [ -75.571373309718922, 6.205235336863248 ], [ -75.571367047994855, 6.205023893962821 ], [ -75.571379566783691, 6.204837897700775 ], [ -75.571404607476794, 6.204700855027964 ], [ -75.571467541431275, 6.204471448032282 ], [ -75.571614962783912, 6.20380516790479 ], [ -75.571693073936629, 6.203535368383839 ], [ -75.571716793583064, 6.20346234905934 ], [ -75.571799203598971, 6.20320867846304 ], [ -75.571931523437954, 6.202813588918573 ], [ -75.571949905289827, 6.202754997706467 ], [ -75.572245796803628, 6.201861813964539 ], [ -75.572322488037358, 6.201601795605725 ], [ -75.572394970244758, 6.201411804173477 ], [ -75.572487904608437, 6.20121068350789 ], [ -75.572521752163027, 6.20113581137752 ], [ -75.572585273531388, 6.201009716708385 ], [ -75.57260677241382, 6.200975607627616 ], [ -75.572686653903247, 6.200848889238647 ], [ -75.572866396622075, 6.200540766437263 ], [ -75.573070991223275, 6.200198869082418 ], [ -75.573496689758599, 6.200444553484718 ], [ -75.574411720353211, 6.200963169038006 ], [ -75.57461161285336, 6.201076458950851 ], [ -75.574896709791332, 6.201239990646755 ], [ -75.575229668059222, 6.201395775517578 ], [ -75.575223249520107, 6.201405279769745 ], [ -75.575168521320492, 6.201467298761863 ], [ -75.575168515804492, 6.201467465141043 ], [ -75.57516846340917, 6.20146858194556 ], [ -75.575168387530567, 6.201469699768415 ], [ -75.57516829899599, 6.201470815844631 ], [ -75.575168188754162, 6.201471926601798 ], [ -75.575168056866517, 6.201473044696941 ], [ -75.575167903232099, 6.201474149336534 ], [ -75.575167736963664, 6.201475256749768 ], [ -75.575167543576512, 6.201476360678566 ], [ -75.575167334810047, 6.201477460161643 ], [ -75.575167112479875, 6.201478556998438 ], [ -75.575166863017827, 6.201479647638537 ], [ -75.575166597273125, 6.201480733837329 ], [ -75.575166311632302, 6.201481815612428 ], [ -75.57516600881425, 6.201482894758783 ], [ -75.575165688796986, 6.201483966756072 ], [ -75.575165343450251, 6.20148503164378 ], [ -75.575164985443109, 6.201486093880812 ], [ -75.575164606605725, 6.201487145370042 ], [ -75.575164208766822, 6.201488190623043 ], [ -75.57516379735101, 6.20148923051755 ], [ -75.575163366938057, 6.201490265079845 ], [ -75.575163184647209, 6.201490677326639 ], [ -75.57516291569047, 6.201491287990312 ], [ -75.575162445450147, 6.201492306472693 ], [ -75.575161957988684, 6.201493313285648 ], [ -75.575161456038146, 6.201494312936338 ], [ -75.575160936862119, 6.201495300013526 ], [ -75.575160396917298, 6.201496288999882 ], [ -75.575159842421954, 6.201497258167021 ], [ -75.575159269824084, 6.201498220189507 ], [ -75.575158680921618, 6.201499173250366 ], [ -75.575158079310484, 6.201500113715734 ], [ -75.575157457785679, 6.201501046141165 ], [ -75.575156819943103, 6.201501966892802 ], [ -75.575156162169279, 6.201502875988148 ], [ -75.575155495295917, 6.201503771566449 ], [ -75.575154811210211, 6.201504657283415 ], [ -75.575154111696932, 6.201505528610002 ], [ -75.575153392265591, 6.201506390992548 ], [ -75.575152661011387, 6.20150723715894 ], [ -75.575151919754276, 6.201508069812698 ], [ -75.575151161280431, 6.201508891701051 ], [ -75.575150390106714, 6.201509702802115 ], [ -75.575149600790894, 6.201510498621889 ], [ -75.575148799674238, 6.201511282745845 ], [ -75.575147983099257, 6.201512046150981 ], [ -75.575147153824418, 6.201512798768716 ], [ -75.575146318151383, 6.201513536048132 ], [ -75.575145463450426, 6.201514261666835 ], [ -75.575144594194597, 6.201514966562304 ], [ -75.575143714045637, 6.201515660661654 ], [ -75.575142827494048, 6.201516338518563 ], [ -75.575141925523695, 6.201517003793199 ], [ -75.575141011712944, 6.201517649235387 ], [ -75.575140089697243, 6.201518279348013 ], [ -75.575139152227635, 6.201518889645822 ], [ -75.575138211078709, 6.201519486400161 ], [ -75.575137246389446, 6.201520072419894 ], [ -75.57513628158604, 6.201520634933875 ], [ -75.575135307669925, 6.201521181218606 ], [ -75.575134321031996, 6.201521712195626 ], [ -75.575133329785018, 6.201522224209196 ], [ -75.575132324908466, 6.20152272001543 ], [ -75.575131313616126, 6.201523196866993 ], [ -75.575130292303314, 6.201523656589597 ], [ -75.575129264583509, 6.201524099165675 ], [ -75.575128231351286, 6.201524522782672 ], [ -75.575127186283055, 6.20152492747135 ], [ -75.575126136636513, 6.201525319525071 ], [ -75.57512508415256, 6.201525685373953 ], [ -75.575124019841397, 6.201526034102691 ], [ -75.575122951855278, 6.201526370192008 ], [ -75.575121874725738, 6.201526683723589 ], [ -75.575120798389847, 6.2015269746491 ], [ -75.575119713862136, 6.201527252957188 ], [ -75.575112546053234, 6.201530729675241 ], [ -75.574959209207378, 6.201704486209938 ], [ -75.574838120452227, 6.201663801459932 ], [ -75.574631055319983, 6.201840230377821 ], [ -75.574426234337579, 6.202209531314329 ], [ -75.574393266079014, 6.202363869572016 ], [ -75.574311221859233, 6.202541120981958 ], [ -75.575507517941432, 6.20310517352852 ], [ -75.575562938879571, 6.203070083880651 ], [ -75.575734766893618, 6.202948144483406 ], [ -75.575879439106956, 6.203016913570069 ], [ -75.575740690790155, 6.203322241936323 ], [ -75.577228976070387, 6.203996375075596 ], [ -75.577283797979504, 6.203384930667983 ], [ -75.578114104860674, 6.203737672579509 ], [ -75.578381771591054, 6.203814924263597 ], [ -75.578698026084368, 6.203906199274186 ], [ -75.578981439219305, 6.20393612453319 ], [ -75.579139393842581, 6.203934013387509 ], [ -75.579197092334908, 6.203933369756922 ], [ -75.579218449491208, 6.203933370582792 ], [ -75.57935680557712, 6.203948103948753 ], [ -75.57946823288772, 6.203964986401478 ], [ -75.57946370127425, 6.204002273090957 ], [ -75.579459013391869, 6.204040863329682 ], [ -75.579453068534534, 6.204089779832989 ], [ -75.579313342159637, 6.204969376791004 ], [ -75.579173616419993, 6.205940980898349 ], [ -75.578997121276061, 6.207151805618621 ], [ -75.578967742251763, 6.20735591243921 ], [ -75.578872103221741, 6.208020358428971 ], [ -75.578673543126499, 6.209400477282498 ], [ -75.578563234475169, 6.21023222836269 ], [ -75.578379380123167, 6.211516658888955 ], [ -75.578313195712454, 6.212002460649624 ], [ -75.57816611206124, 6.213025587598342 ], [ -75.578120200538706, 6.213375069165933 ], [ -75.576661771355077, 6.213136806110476 ], [ -75.576548509320915, 6.212999178300844 ], [ -75.576386710256855, 6.212829166593522 ], [ -75.575893148271248, 6.212701221144868 ], [ -75.575958289392972, 6.212959635669269 ], [ -75.575681457207963, 6.212992233404861 ], [ -75.575632861329936, 6.212983606487007 ], [ -75.575537223870597, 6.212966626235071 ], [ -75.575285978780471, 6.212819961211659 ] ] ] ] } },
{ "type": "Feature", "properties": { "comuna": "07", "barrio": "08", "codigo": "0708", "nombre_bar": "Altamira", "indicador_": "U", "sector": 2, "nombre_com": "ROBLEDO", "fecha_sinc": "2026-05-22", "Shape_Leng": 2894.7853750099998, "Shape_Area": 369874.64813 }, "geometry": { "type": "MultiPolygon", "coordinates": [ [ [ [ -75.578571763906211, 6.276129292076464 ], [ -75.578734665545468, 6.275932597957135 ], [ -75.579297253286853, 6.275954293269928 ], [ -75.5796197727676, 6.275985231943223 ], [ -75.579825022789265, 6.276016171594208 ], [ -75.579942300003353, 6.276033355183327 ], [ -75.580227201951701, 6.27615230151461 ], [ -75.580345452121236, 6.276248179741873 ], [ -75.580412877919528, 6.276298795138165 ], [ -75.580554888179066, 6.276447558925748 ], [ -75.580556929941082, 6.276449538745914 ], [ -75.581184212575849, 6.2770577465081 ], [ -75.581257449838148, 6.277137678672663 ], [ -75.581266357989193, 6.277148572326002 ], [ -75.581291954131558, 6.277168451615898 ], [ -75.581301666712847, 6.277180872816236 ], [ -75.581315553459589, 6.277188873257568 ], [ -75.581349768099898, 6.277211101330805 ], [ -75.581372851634043, 6.277231912459634 ], [ -75.581400308474556, 6.277256446724361 ], [ -75.581823800609001, 6.277632730468416 ], [ -75.582041913289089, 6.277839612157516 ], [ -75.582283126352905, 6.278062792387141 ], [ -75.582496974343087, 6.278265371465366 ], [ -75.582824581347495, 6.278607456379966 ], [ -75.583043561696257, 6.278804890811088 ], [ -75.583279643277933, 6.27902635339085 ], [ -75.583511444202784, 6.279245257577315 ], [ -75.583685946531205, 6.279415220078215 ], [ -75.583880975562565, 6.279633247795275 ], [ -75.583913638291833, 6.279686630642002 ], [ -75.584005434644183, 6.279836696693414 ], [ -75.584054931116455, 6.279937367475824 ], [ -75.584100125332071, 6.280029307095135 ], [ -75.58413203728081, 6.28009422425998 ], [ -75.584249651600274, 6.280366351844855 ], [ -75.584405337781774, 6.280690830960471 ], [ -75.584581552738484, 6.281020896070645 ], [ -75.58470302249404, 6.281225194692315 ], [ -75.584810801761805, 6.281336794167148 ], [ -75.584983585630326, 6.281460395814983 ], [ -75.585126427374092, 6.281533789946628 ], [ -75.585651633863705, 6.281748381429223 ], [ -75.585809238722476, 6.281837025548947 ], [ -75.585554242858819, 6.282118494926746 ], [ -75.585302937922748, 6.282252545803899 ], [ -75.584889959830875, 6.282434229888273 ], [ -75.584828451957449, 6.282461424893216 ], [ -75.584646566161737, 6.282541826961669 ], [ -75.584517406457579, 6.282593857814037 ], [ -75.584398502742474, 6.282668054821658 ], [ -75.584277556746656, 6.282735607878262 ], [ -75.584244454252243, 6.282754097191806 ], [ -75.584157387642804, 6.282824006982016 ], [ -75.584098449287595, 6.282900623449709 ], [ -75.584035489496856, 6.283028345763801 ], [ -75.584003340925392, 6.283137223943362 ], [ -75.584003335633767, 6.283137250187857 ], [ -75.583989951997324, 6.283232679648428 ], [ -75.583989950324181, 6.283232706779157 ], [ -75.583984597819423, 6.283343261595295 ], [ -75.58398459795329, 6.283343288717038 ], [ -75.584003348109107, 6.283535503913347 ], [ -75.584003351852559, 6.283535530113188 ], [ -75.584051584521191, 6.283837991417736 ], [ -75.584051589163693, 6.283838016709035 ], [ -75.584081059922724, 6.283984868188023 ], [ -75.584081065468737, 6.283984893474877 ], [ -75.584097099402271, 6.284068327742903 ], [ -75.584097104044758, 6.284068353034193 ], [ -75.584131969429237, 6.284249710990405 ], [ -75.584131974076229, 6.284249737185786 ], [ -75.584143803487052, 6.284441417882385 ], [ -75.584149543222168, 6.28449404134034 ], [ -75.584057744652256, 6.284414631387863 ], [ -75.583784263479828, 6.284196494134594 ], [ -75.583594930179515, 6.284042457798258 ], [ -75.583101516039918, 6.283621490477411 ], [ -75.582852298533226, 6.283413517349889 ], [ -75.582277806558039, 6.282952817984234 ], [ -75.581464544067003, 6.282259095682711 ], [ -75.579689869578473, 6.280795387191586 ], [ -75.579559260645311, 6.280694021785405 ], [ -75.579321733759315, 6.280480178520808 ], [ -75.578969779885512, 6.280232183318664 ], [ -75.578494013986614, 6.279896940934238 ], [ -75.578331630226785, 6.279763997380444 ], [ -75.578216471496418, 6.279662703545346 ], [ -75.578084536731353, 6.279553634940177 ], [ -75.577820637444276, 6.279335478722757 ], [ -75.577656727405241, 6.279201322726727 ], [ -75.577240338560074, 6.278867435886134 ], [ -75.578711327056652, 6.277213530181143 ], [ -75.578664562270831, 6.277165174212171 ], [ -75.578187566559123, 6.276720626196541 ], [ -75.578161151629743, 6.276716115651381 ], [ -75.578220913272659, 6.27661714945293 ], [ -75.578229324320446, 6.276603228510772 ], [ -75.578242794543755, 6.276580934328436 ], [ -75.578458905416795, 6.276285773705071 ], [ -75.578571763906211, 6.276129292076464 ] ] ] ] } }
]
}
