{
"type": "FeatureCollection",
"name": "ComunasMED",
"crs": { "type": "name", "properties": { "name": "urn:ogc:def:crs:OGC:1.3:CRS84" } },
"features": [
{ "type": "Feature", "properties": { "comuna": "01", "sector": 1, "nombre": "POPULAR", "fecha_sinc": "2026-06-17", "Shape_Leng": 10873.825418300001, "Shape_Area": 3124366.56709 }, "geometry": { "type": "MultiPolygon", "coordinates": [ [ [ [ -75.553762162790605, 6.290024401156622 ], [ -75.553187367863785, 6.291673378041951 ], [ -75.552541013264602, 6.29146813986444 ], [ -75.552342114644517, 6.292121097326173 ], [ -75.55185133464893, 6.291980348764209 ], [ -75.551468031833636, 6.291906761020268 ], [ -75.551433761654252, 6.291895704045565 ], [ -75.55132472112885, 6.291862737133705 ], [ -75.551161273652468, 6.291878533019227 ], [ -75.550353323212875, 6.291934472305708 ], [ -75.550726278744406, 6.29241065898609 ], [ -75.550451707324456, 6.292410649613755 ], [ -75.550198882389864, 6.292415350940383 ], [ -75.550210965624572, 6.292486990057732 ], [ -75.550224572075905, 6.292567661866007 ], [ -75.550227384013013, 6.292584336981089 ], [ -75.55009964725383, 6.29252148289115 ], [ -75.55004988613598, 6.292605598752688 ], [ -75.550047589229536, 6.292609480440229 ], [ -75.55003727957768, 6.292626901343771 ], [ -75.549983087738212, 6.292697576741445 ], [ -75.549972086295668, 6.292711919838094 ], [ -75.549958774953723, 6.292705811633439 ], [ -75.549949726191443, 6.292722391890656 ], [ -75.549947473849386, 6.292726518372781 ], [ -75.549942997889715, 6.292724360440134 ], [ -75.549926863541771, 6.292753945580151 ], [ -75.549915791554042, 6.292773646741136 ], [ -75.549898074567054, 6.292805168969376 ], [ -75.549890332141288, 6.292801886011512 ], [ -75.54988221662083, 6.292798434000113 ], [ -75.549862590232962, 6.292790101802208 ], [ -75.549832756771139, 6.292777433647418 ], [ -75.549815775783628, 6.292821098013283 ], [ -75.549814149889045, 6.292825281106594 ], [ -75.549848831001427, 6.292843691959821 ], [ -75.549825662020766, 6.292891357374438 ], [ -75.549825653108783, 6.292891382732885 ], [ -75.549802106405366, 6.292939783221342 ], [ -75.549796572416284, 6.292951156755542 ], [ -75.549785352378308, 6.292974221003218 ], [ -75.549772327999321, 6.293001007218929 ], [ -75.549760661676785, 6.292996119654083 ], [ -75.549737310374638, 6.293044754256406 ], [ -75.549733398817722, 6.293052902160443 ], [ -75.549742523311053, 6.293056844693973 ], [ -75.5497139686277, 6.293106646594556 ], [ -75.549706148516975, 6.293102998756701 ], [ -75.549704922291497, 6.293102426119114 ], [ -75.549680225027075, 6.293143911312781 ], [ -75.549661866212674, 6.293216867248097 ], [ -75.549238838133419, 6.294304642297594 ], [ -75.549232207773898, 6.294321691733386 ], [ -75.549215406997774, 6.294364894144199 ], [ -75.549162871863444, 6.294499982532352 ], [ -75.549153723213522, 6.294523507711134 ], [ -75.549290807629021, 6.294472755295222 ], [ -75.549334555637699, 6.294445488099697 ], [ -75.549353918139673, 6.294469168754627 ], [ -75.549316624338019, 6.294507918195251 ], [ -75.549110445575351, 6.294634789217397 ], [ -75.549087230387457, 6.294694487606892 ], [ -75.549045160003047, 6.294740406413557 ], [ -75.549044832848395, 6.294740764228542 ], [ -75.549044808611299, 6.294740796894678 ], [ -75.549013647957295, 6.294783753912828 ], [ -75.549012090710093, 6.294785896109282 ], [ -75.549012074627029, 6.294785933256103 ], [ -75.548986989154358, 6.29483954440592 ], [ -75.548960706599175, 6.294885407802691 ], [ -75.54896067964701, 6.294885439577961 ], [ -75.548949590009329, 6.294917278439307 ], [ -75.548943393187102, 6.294935034578477 ], [ -75.548943381665865, 6.294935080744073 ], [ -75.548939032989097, 6.294948831714837 ], [ -75.5489368137182, 6.294955850268181 ], [ -75.548931697279286, 6.294972621081559 ], [ -75.548931390006416, 6.294972794362156 ], [ -75.548918106050195, 6.295129010755766 ], [ -75.548953960222022, 6.295242630753628 ], [ -75.549016709273616, 6.295377179584451 ], [ -75.549064516732059, 6.2954668800467 ], [ -75.5490987486493, 6.295528189221451 ], [ -75.549139593619657, 6.295642048797522 ], [ -75.549200863831089, 6.295694599814463 ], [ -75.549284018285078, 6.295726716027318 ], [ -75.549391973180079, 6.295745696479738 ], [ -75.549469293245565, 6.295752996376991 ], [ -75.549540776268415, 6.295747159216702 ], [ -75.549606425886353, 6.295753000833838 ], [ -75.54964727306205, 6.295774897557659 ], [ -75.549714379576855, 6.295801173831975 ], [ -75.549819416484425, 6.295837670988721 ], [ -75.549866099365843, 6.2958537294017 ], [ -75.549917160807098, 6.2958084790216 ], [ -75.550067421702721, 6.29586833144116 ], [ -75.550172459232726, 6.295896068647852 ], [ -75.550248318764588, 6.295934023762259 ], [ -75.550297921387752, 6.295894612856837 ], [ -75.550499713786252, 6.296025123905781 ], [ -75.550497159604006, 6.296033312197697 ], [ -75.55049920280797, 6.296049830125694 ], [ -75.550502905659968, 6.296061861917128 ], [ -75.550507158297748, 6.296073052917246 ], [ -75.550513357508322, 6.296081154122187 ], [ -75.550519837176068, 6.296087846267052 ], [ -75.55052215547768, 6.296089642238053 ], [ -75.550531355165575, 6.29609675867338 ], [ -75.550538129604078, 6.296107934634061 ], [ -75.550544336473067, 6.296116863959505 ], [ -75.55055447211636, 6.296127466562361 ], [ -75.550561510649899, 6.296133882031178 ], [ -75.550569389586528, 6.296142534664128 ], [ -75.55057558823755, 6.296149780588537 ], [ -75.550587106173097, 6.296157015881197 ], [ -75.550598618574398, 6.296162007215917 ], [ -75.550611799322169, 6.296167255297413 ], [ -75.550614822321123, 6.296169217794432 ], [ -75.550620797621306, 6.29617309792884 ], [ -75.550625603223864, 6.29618372839183 ], [ -75.550626219038975, 6.29619493083843 ], [ -75.550624888335292, 6.296209233929404 ], [ -75.550625242286657, 6.296223247609249 ], [ -75.550628937441957, 6.296234997355461 ], [ -75.550632902150568, 6.296243660079234 ], [ -75.550639965835231, 6.296257076799156 ], [ -75.550651234598661, 6.296269351874937 ], [ -75.550657710235583, 6.296276327924613 ], [ -75.5506667277741, 6.296287775900711 ], [ -75.55067180699362, 6.296295595975947 ], [ -75.550678293578528, 6.296305369267144 ], [ -75.550684506843808, 6.296314867238754 ], [ -75.550690144972322, 6.296323529917906 ], [ -75.550691301479461, 6.296326477065729 ], [ -75.550693550415247, 6.296332201703174 ], [ -75.550698683006118, 6.296350952125641 ], [ -75.550704347921638, 6.296362694953323 ], [ -75.55070802442647, 6.296371364509106 ], [ -75.550714269607056, 6.296387583427518 ], [ -75.550717111726058, 6.296396543662776 ], [ -75.550721939519221, 6.296409126877769 ], [ -75.550726193517804, 6.296420039402542 ], [ -75.550733231592659, 6.296427284835579 ], [ -75.550740826734085, 6.296434810529521 ], [ -75.550747026817675, 6.296442348467817 ], [ -75.550752943234528, 6.29645045285725 ], [ -75.55076083207932, 6.296459652418105 ], [ -75.550772679428263, 6.29647698311737 ], [ -75.550774126452126, 6.296479286027012 ], [ -75.550781743020778, 6.296491384569154 ], [ -75.550793706929511, 6.296510380055584 ], [ -75.550839475164182, 6.296584479912371 ], [ -75.550827199932343, 6.296593139754817 ], [ -75.550825352702176, 6.296596033779088 ], [ -75.550810173850607, 6.296619777409122 ], [ -75.550788182592981, 6.296687856306328 ], [ -75.550775173507787, 6.29672812718539 ], [ -75.550738951924814, 6.296840259374557 ], [ -75.550732979208192, 6.296858559597471 ], [ -75.550691751615261, 6.296984898932777 ], [ -75.550667730796278, 6.297058504597268 ], [ -75.55064399352041, 6.297094141962686 ], [ -75.550608386743974, 6.297123090034283 ], [ -75.550605247887702, 6.297124233700838 ], [ -75.550583155081966, 6.29713229420317 ], [ -75.550565656915381, 6.297138681349649 ], [ -75.550526394127758, 6.297141880345779 ], [ -75.550511066545752, 6.29714312699662 ], [ -75.550445402120673, 6.29713872406861 ], [ -75.550411369557693, 6.297136440319195 ], [ -75.550387628117278, 6.297136439750481 ], [ -75.550354401848793, 6.297136439437526 ], [ -75.550318795660075, 6.297143121232174 ], [ -75.550273699445142, 6.297165394571564 ], [ -75.550244425158965, 6.29719735850206 ], [ -75.550230442804562, 6.297220218398829 ], [ -75.550223851996435, 6.297238883287354 ], [ -75.550226202934951, 6.297305286341008 ], [ -75.550271293281114, 6.297505723570249 ], [ -75.550277897034618, 6.297584270543091 ], [ -75.550276910115869, 6.297592924022303 ], [ -75.550271307197164, 6.297641993605885 ], [ -75.550266872066899, 6.297659680567036 ], [ -75.55025166551448, 6.297720320804235 ], [ -75.550242824479, 6.297755573434513 ], [ -75.550234300532438, 6.297778229448095 ], [ -75.550214334877069, 6.297831290345863 ], [ -75.550204146097755, 6.297846823833732 ], [ -75.550164650203541, 6.297907034025896 ], [ -75.550157365576837, 6.297918138578549 ], [ -75.550123205729278, 6.297972886310192 ], [ -75.550093662272971, 6.298020236701023 ], [ -75.550071016945765, 6.298056530538042 ], [ -75.550043418112224, 6.298100762210481 ], [ -75.550030916857395, 6.298123839091657 ], [ -75.55000055744631, 6.298179884621663 ], [ -75.549995175459571, 6.29818981990858 ], [ -75.549969834488806, 6.298236608199217 ], [ -75.54995515887282, 6.298266645556081 ], [ -75.549865361282855, 6.298461125998974 ], [ -75.549751413883939, 6.298661563210295 ], [ -75.549627976696272, 6.298904309159441 ], [ -75.549595051905854, 6.29894961021127 ], [ -75.549547261929149, 6.299042388814727 ], [ -75.549416706023578, 6.299271772570186 ], [ -75.54932887116351, 6.29942765991997 ], [ -75.549257652469407, 6.299534560343899 ], [ -75.549245778959801, 6.299562409642586 ], [ -75.549233915287004, 6.299590238098992 ], [ -75.549193562386137, 6.29966594884725 ], [ -75.549048757808336, 6.299902022133667 ], [ -75.548995175616241, 6.300002548313179 ], [ -75.548880206215713, 6.300218255486333 ], [ -75.548744895004006, 6.300498861982563 ], [ -75.548724352671769, 6.300564688078889 ], [ -75.548716399096961, 6.300590178402241 ], [ -75.548697405289218, 6.300685942682009 ], [ -75.548693102989844, 6.300720665956603 ], [ -75.548677918091485, 6.300843143280216 ], [ -75.548661788219846, 6.300973243209974 ], [ -75.548642842373852, 6.301107514883923 ], [ -75.548621425089777, 6.301233800028198 ], [ -75.548626167240897, 6.301307298632197 ], [ -75.548678379635263, 6.301543367286297 ], [ -75.548686637438877, 6.301594059839126 ], [ -75.548686635986584, 6.301631141693637 ], [ -75.548681579798597, 6.301666540405705 ], [ -75.548664731521569, 6.301712052216595 ], [ -75.54863945931298, 6.301760933218873 ], [ -75.548619242880164, 6.301798017160028 ], [ -75.548582179392795, 6.301840155131858 ], [ -75.548546800420652, 6.301870498960653 ], [ -75.548535005493591, 6.301894095889136 ], [ -75.548531635508638, 6.301916010681833 ], [ -75.548533321868305, 6.301936236299561 ], [ -75.548543427423454, 6.301964890410961 ], [ -75.548583855762118, 6.302044118358009 ], [ -75.548605754821409, 6.302086261008715 ], [ -75.54864786954407, 6.302170540067446 ], [ -75.548673135056433, 6.30222279403111 ], [ -75.548688295397696, 6.302268308476632 ], [ -75.54869181544916, 6.302283785809662 ], [ -75.548740062661878, 6.302516596408227 ], [ -75.548746118218972, 6.302577224976713 ], [ -75.54874524191456, 6.302583180981078 ], [ -75.54874420481184, 6.302590255244848 ], [ -75.548737687086174, 6.302634625300607 ], [ -75.548645105654003, 6.302815011951933 ], [ -75.548547611266727, 6.302963368508688 ], [ -75.548538277944886, 6.30297757874984 ], [ -75.548464690231185, 6.303124562620364 ], [ -75.548419456849473, 6.30321303886354 ], [ -75.548400590356749, 6.303249940826485 ], [ -75.548341104913035, 6.303346051399541 ], [ -75.548293356985099, 6.303413284438936 ], [ -75.548268597000757, 6.303473441669873 ], [ -75.548252680644964, 6.30351236615908 ], [ -75.548247373550979, 6.303558370355606 ], [ -75.548252678794782, 6.303581370157205 ], [ -75.548270359495433, 6.303629145208311 ], [ -75.548335784911671, 6.303733538722116 ], [ -75.548399440944308, 6.30381846826246 ], [ -75.548411817819158, 6.303845011021693 ], [ -75.548420658617104, 6.303889244508851 ], [ -75.548417120099714, 6.30394232552223 ], [ -75.548394129109539, 6.304036101381187 ], [ -75.54836760021584, 6.304119260463097 ], [ -75.548346378221439, 6.304185610700755 ], [ -75.548321618280355, 6.304233380806057 ], [ -75.548296861105996, 6.304268768280067 ], [ -75.548263261952641, 6.304293537787339 ], [ -75.548220819479084, 6.304321844901028 ], [ -75.548180147066205, 6.304334228400962 ], [ -75.548143010957219, 6.304335996690193 ], [ -75.548051058600919, 6.304337764485303 ], [ -75.548010386102376, 6.304334221262128 ], [ -75.547975019275427, 6.304323605500209 ], [ -75.5479431901596, 6.304304141141103 ], [ -75.547921970658223, 6.304274062247876 ], [ -75.547906057192577, 6.304235134250012 ], [ -75.547897754267041, 6.304187984179389 ], [ -75.547882416030518, 6.304100873610182 ], [ -75.54787670827713, 6.304085005540866 ], [ -75.547859312061675, 6.30403664593024 ], [ -75.547832978111572, 6.304002649228683 ], [ -75.547819512862915, 6.303985262213748 ], [ -75.547798580328163, 6.303961762885121 ], [ -75.547775318211009, 6.303935645805887 ], [ -75.547766879405046, 6.303926169545979 ], [ -75.54775186779041, 6.30391204576966 ], [ -75.547701957377896, 6.303865087334223 ], [ -75.547680865575714, 6.303845238647861 ], [ -75.547572323075471, 6.303770142643245 ], [ -75.547538251090032, 6.30374656377066 ], [ -75.547538216648519, 6.30374654224051 ], [ -75.547490013943232, 6.303716773314171 ], [ -75.547469296866552, 6.303705196249642 ], [ -75.547387954718019, 6.303669805729482 ], [ -75.547347285055594, 6.303653879790357 ], [ -75.547306612679435, 6.303637952956204 ], [ -75.547262405072786, 6.303623796456604 ], [ -75.547228806610676, 6.303613179208521 ], [ -75.547191673208829, 6.303599024291175 ], [ -75.547159843068584, 6.303588406532028 ], [ -75.54712624560932, 6.303581326131593 ], [ -75.547106792644826, 6.303579556031159 ], [ -75.547080267793106, 6.303579554565299 ], [ -75.547046668856154, 6.30358309288663 ], [ -75.547025449193356, 6.303590170857625 ], [ -75.546998922549776, 6.303606092505169 ], [ -75.546974166150562, 6.303625555019815 ], [ -75.546928180143993, 6.30366931153161 ], [ -75.546895244171068, 6.303700749116537 ], [ -75.546895171202749, 6.303700794678411 ], [ -75.546892305675996, 6.303703520998825 ], [ -75.546829255506438, 6.303775442421456 ], [ -75.546788009632166, 6.303833808718906 ], [ -75.546786986797741, 6.303835295546618 ], [ -75.546755596783626, 6.303880974282836 ], [ -75.546714348357654, 6.303946410700872 ], [ -75.546697262923161, 6.303977066530051 ], [ -75.546680763092411, 6.304004776633245 ], [ -75.546650540793223, 6.304051070785168 ], [ -75.546627618943916, 6.304077628795906 ], [ -75.546611229587484, 6.304092614877432 ], [ -75.546581772760916, 6.304122091631428 ], [ -75.546555753789107, 6.304145397336941 ], [ -75.546526491505432, 6.304170117542275 ], [ -75.546443637550283, 6.304229326356689 ], [ -75.546365896553382, 6.304268265439287 ], [ -75.546283357972513, 6.304303603394858 ], [ -75.546142313316238, 6.304327940334662 ], [ -75.546041971994086, 6.304335471756092 ], [ -75.546022526718488, 6.304335470923279 ], [ -75.545997847493652, 6.304330768992743 ], [ -75.545978993313696, 6.304324873209462 ], [ -75.545925964928642, 6.30429834089418 ], [ -75.545890210019962, 6.304279304213298 ], [ -75.545848655671733, 6.304263375246985 ], [ -75.545837772282638, 6.304259375305549 ], [ -75.545805331215306, 6.304247451307046 ], [ -75.545772474056179, 6.304235251777895 ], [ -75.545728874778149, 6.30421874511945 ], [ -75.545685862324859, 6.304206948697013 ], [ -75.545650509491225, 6.304201053930651 ], [ -75.545603372666449, 6.304191030709426 ], [ -75.545582750580991, 6.304189850322602 ], [ -75.545563893210073, 6.304188670356021 ], [ -75.54555414687205, 6.304188812894288 ], [ -75.545523171153249, 6.304189239949897 ], [ -75.545479569446215, 6.304189829030813 ], [ -75.545436262539653, 6.304188057853765 ], [ -75.545393838941052, 6.304188056216096 ], [ -75.545346383680481, 6.304180179969835 ], [ -75.545323722872311, 6.304171546128352 ], [ -75.545293674828699, 6.304158574296762 ], [ -75.54526539133613, 6.304145013408191 ], [ -75.545201167478112, 6.304118478716847 ], [ -75.545131053616402, 6.304087230739297 ], [ -75.54509393448248, 6.30407248973199 ], [ -75.545054456824971, 6.30405716172032 ], [ -75.545022638323303, 6.304049493868463 ], [ -75.544999071762547, 6.304043008973433 ], [ -75.544933668340917, 6.304024729975734 ], [ -75.544839984403623, 6.304003501539156 ], [ -75.544777525957599, 6.303992297241276 ], [ -75.544715070965808, 6.303980504344151 ], [ -75.544667344339587, 6.303974605727665 ], [ -75.544589569034429, 6.303959863379363 ], [ -75.54454207287742, 6.303953049572301 ], [ -75.544534471712367, 6.30397006310807 ], [ -75.5445256000352, 6.30398687851897 ], [ -75.544519221567924, 6.304004661809237 ], [ -75.544524531127394, 6.304059701446808 ], [ -75.544524697887795, 6.30406035972687 ], [ -75.544525076948972, 6.304064529427321 ], [ -75.544527461578653, 6.304089737858343 ], [ -75.544527451913069, 6.304089979302205 ], [ -75.544523927756458, 6.304115146062814 ], [ -75.544515049801163, 6.304141790960147 ], [ -75.544504746953905, 6.304172712009737 ], [ -75.544502089686944, 6.304187944727142 ], [ -75.544494176102617, 6.304203522258831 ], [ -75.544494066145205, 6.304203765096489 ], [ -75.544471841746429, 6.304205687247643 ], [ -75.544446814578123, 6.304212647207213 ], [ -75.544427117943286, 6.304225031099151 ], [ -75.544408776460102, 6.304243110579669 ], [ -75.544379680858412, 6.304268875040974 ], [ -75.544354472076293, 6.304290660534251 ], [ -75.544336400836627, 6.30431561081548 ], [ -75.54431760616508, 6.304333961931917 ], [ -75.544288874483655, 6.304346526453948 ], [ -75.544285290565014, 6.304345544008782 ], [ -75.544284033795066, 6.304345199351 ], [ -75.544280148228978, 6.304347027440464 ], [ -75.54426448315904, 6.304342498397748 ], [ -75.544260017699315, 6.304341405434637 ], [ -75.544240990694945, 6.304403648487756 ], [ -75.544197111351266, 6.304392899507274 ], [ -75.544216138366068, 6.304330657357877 ], [ -75.544192238468185, 6.304322341428721 ], [ -75.544170597927263, 6.304316511613052 ], [ -75.544136153185903, 6.304307469628428 ], [ -75.544084202003631, 6.304283737274281 ], [ -75.544053709395087, 6.304272434706169 ], [ -75.544028296788056, 6.304261133555676 ], [ -75.544007969701156, 6.304239661681231 ], [ -75.543991029014407, 6.304214800048379 ], [ -75.543977477968198, 6.304193328545415 ], [ -75.543961667588874, 6.304167336682728 ], [ -75.543946422859662, 6.304141344770045 ], [ -75.54393343475985, 6.304119874132829 ], [ -75.543914236268918, 6.30409840216638 ], [ -75.543892778075033, 6.304079190649031 ], [ -75.543871321136422, 6.304064498758896 ], [ -75.54384873307967, 6.304052067233429 ], [ -75.543820499557555, 6.30404189550524 ], [ -75.54379226577511, 6.304028334276005 ], [ -75.543765159470325, 6.304023812236434 ], [ -75.543744831101449, 6.304020421603192 ], [ -75.543722809309557, 6.304015900058614 ], [ -75.54369909293537, 6.304006859011683 ], [ -75.543673680516221, 6.303997817200339 ], [ -75.543651093081024, 6.303993296604689 ], [ -75.543630764272081, 6.303984255293622 ], [ -75.543618340724933, 6.303971823870005 ], [ -75.543594625372933, 6.303952612501098 ], [ -75.54357599132716, 6.303950351862247 ], [ -75.543556225687595, 6.303956000457657 ], [ -75.543536461800784, 6.303949219366896 ], [ -75.543523474976396, 6.3039322692446 ], [ -75.543490160449139, 6.303897235812881 ], [ -75.543475479126755, 6.303876894511741 ], [ -75.543428609238447, 6.303857681311485 ], [ -75.54341449391751, 6.303841860497854 ], [ -75.5434009408891, 6.303829429153027 ], [ -75.543386259834278, 6.303812478251361 ], [ -75.543371013337378, 6.303786486314621 ], [ -75.543346734457444, 6.303759364922839 ], [ -75.543328664760992, 6.303740153106154 ], [ -75.543310594680747, 6.303727721197441 ], [ -75.543289700112354, 6.303728850228141 ], [ -75.543265982169203, 6.303734500015136 ], [ -75.543241701539969, 6.303743538432383 ], [ -75.543208948194987, 6.303755967914793 ], [ -75.543175066340211, 6.30376952580501 ], [ -75.543151347448912, 6.303786476042137 ], [ -75.543127063719993, 6.303802295283154 ], [ -75.543105605177161, 6.303813594661942 ], [ -75.543081322909714, 6.30382489425716 ], [ -75.543061557261467, 6.303830542834085 ], [ -75.543028240965427, 6.303842972343555 ], [ -75.542996618166441, 6.303857661092082 ], [ -75.542969511520639, 6.303872350406019 ], [ -75.542942968152047, 6.303891559321078 ], [ -75.542926027908209, 6.30390737979388 ], [ -75.542917557111124, 6.303924328857736 ], [ -75.542900615404093, 6.303944669879884 ], [ -75.54288141462095, 6.303963879131649 ], [ -75.542871813390448, 6.303968398603378 ], [ -75.542862214870453, 6.303972918061806 ], [ -75.542842449433209, 6.303969527355744 ], [ -75.542823250116612, 6.303960485920767 ], [ -75.542802921569276, 6.303954834976797 ], [ -75.542770168323926, 6.303957094123326 ], [ -75.542733464134074, 6.303953701071602 ], [ -75.542699017297309, 6.303952569932597 ], [ -75.542669089797243, 6.30394578776172 ], [ -75.542634078860431, 6.303941266250605 ], [ -75.542601326257127, 6.303940134975826 ], [ -75.54256066876836, 6.303935612979994 ], [ -75.542522269950481, 6.303939000858106 ], [ -75.542480481077249, 6.303933348814627 ], [ -75.542450553826981, 6.303893796302005 ], [ -75.542444343744535, 6.303885885809961 ], [ -75.542435874274418, 6.303848592859385 ], [ -75.542428534932782, 6.303831643171497 ], [ -75.542415546492407, 6.303816951477597 ], [ -75.542399735572516, 6.303806780534281 ], [ -75.542380535782115, 6.303803388855766 ], [ -75.542364161135396, 6.303806778676888 ], [ -75.542351738037894, 6.303799997887308 ], [ -75.542345525980807, 6.303789827130522 ], [ -75.542338185985997, 6.303776266042948 ], [ -75.542324634866574, 6.303764964785925 ], [ -75.542314470499562, 6.303754794321732 ], [ -75.542304305708143, 6.303738973178797 ], [ -75.542298660124487, 6.303727673137894 ], [ -75.542289625977972, 6.303715241407819 ], [ -75.542230334187835, 6.303656476945217 ], [ -75.542209441894201, 6.303651956144393 ], [ -75.542190806349765, 6.303641784503161 ], [ -75.542179512724772, 6.303622573028216 ], [ -75.542174433590716, 6.303597712203307 ], [ -75.542171046715808, 6.303570590988505 ], [ -75.542162013542296, 6.303546858791061 ], [ -75.542146766543709, 6.303525388242369 ], [ -75.542130955279077, 6.303498266147192 ], [ -75.542114581902538, 6.303470014848092 ], [ -75.542101031427975, 6.303442892573139 ], [ -75.542088608814666, 6.303418032301702 ], [ -75.542077316334442, 6.303389779725044 ], [ -75.542065458380421, 6.303363788369976 ], [ -75.542052472577794, 6.303335536817626 ], [ -75.542034967512961, 6.303314065520873 ], [ -75.542014638081866, 6.303308413632746 ], [ -75.541994308975944, 6.303294852595647 ], [ -75.541982453823934, 6.303269991358846 ], [ -75.541983017971518, 6.30324965067309 ], [ -75.541982455019905, 6.303237220110171 ], [ -75.541980196111581, 6.303225919817848 ], [ -75.541980197820948, 6.303212359076964 ], [ -75.541978502921495, 6.303203319018938 ], [ -75.541976810728457, 6.303194278043622 ], [ -75.541973422415609, 6.303184107970935 ], [ -75.541966646940949, 6.30316715732469 ], [ -75.541961564390917, 6.303156986473316 ], [ -75.54195478859512, 6.30314794587903 ], [ -75.541945753984763, 6.303141164819909 ], [ -75.541937848867889, 6.303134384580932 ], [ -75.541929943500335, 6.303124213933659 ], [ -75.541925991344073, 6.303114042993402 ], [ -75.541922604673218, 6.303101612638813 ], [ -75.541919217584805, 6.303083531603955 ], [ -75.541913570866456, 6.30306884114867 ], [ -75.54190905405045, 6.303059800385796 ], [ -75.541901148271975, 6.303043979961231 ], [ -75.541892114238436, 6.303032679255552 ], [ -75.541884209036297, 6.303024767974629 ], [ -75.541877997084839, 6.303015727340741 ], [ -75.54187009098402, 6.303007816967901 ], [ -75.541861055807232, 6.303005556454619 ], [ -75.541847502838138, 6.303005555642838 ], [ -75.541837339242832, 6.303005555480295 ], [ -75.541827740470723, 6.30300668450792 ], [ -75.541818139075446, 6.30300894458881 ], [ -75.541807410731124, 6.303008943563283 ], [ -75.541794988241264, 6.303010073702687 ], [ -75.54178538757391, 6.303010071698167 ], [ -75.541774659150505, 6.303008941439936 ], [ -75.541762235590383, 6.303007811310626 ], [ -75.541748683523736, 6.303007810491868 ], [ -75.541739082532487, 6.30300328974986 ], [ -75.541731177419848, 6.302996509505789 ], [ -75.541721012421959, 6.302989728528013 ], [ -75.541706331031861, 6.302979558368808 ], [ -75.541693908859813, 6.302972776643434 ], [ -75.541679792459306, 6.302965995946217 ], [ -75.541670191469066, 6.302961475202379 ], [ -75.541658334377942, 6.302959214883503 ], [ -75.541644782062917, 6.302955823652713 ], [ -75.541636876131165, 6.302950173547091 ], [ -75.541626146390556, 6.302943392608091 ], [ -75.541611465164038, 6.302935481813411 ], [ -75.541602429905197, 6.302932091158397 ], [ -75.541592265157718, 6.302928700585908 ], [ -75.541580408805231, 6.3029241799877 ], [ -75.541566856325574, 6.3029185284816 ], [ -75.54155725517127, 6.302911747462214 ], [ -75.54154257337288, 6.302908357214732 ], [ -75.541531279297843, 6.302907226092062 ], [ -75.541521681184861, 6.302904965604077 ], [ -75.541511516277225, 6.302899315660863 ], [ -75.5414996571279, 6.302893664033023 ], [ -75.541490621709343, 6.302888014006687 ], [ -75.541477635782314, 6.302882362447408 ], [ -75.541464647066789, 6.30287558166857 ], [ -75.541451094510705, 6.302868800926086 ], [ -75.541443189480731, 6.30286314990764 ], [ -75.541438108833688, 6.302854109173425 ], [ -75.541423427036491, 6.302850718921602 ], [ -75.541406486504272, 6.302850718339275 ], [ -75.541389545228284, 6.302852977129745 ], [ -75.541375426774593, 6.302855236622626 ], [ -75.541364132124741, 6.302858626046226 ], [ -75.541352274701651, 6.302864275774981 ], [ -75.541337592484027, 6.302867664536167 ], [ -75.541324039681598, 6.302869924886515 ], [ -75.541303144612769, 6.302876703608699 ], [ -75.541280556706937, 6.302877831761456 ], [ -75.541270392288141, 6.302878961727876 ], [ -75.541259664023897, 6.302880090826602 ], [ -75.541252887502438, 6.302873310494401 ], [ -75.541242158427906, 6.302863140034549 ], [ -75.541227476465764, 6.302857489503508 ], [ -75.541214489722535, 6.30285296898136 ], [ -75.54120206697506, 6.30285070688748 ], [ -75.541195290377203, 6.302842797321455 ], [ -75.541185690212075, 6.302837146424968 ], [ -75.541168185509449, 6.302832625324439 ], [ -75.541158021667144, 6.302829234737133 ], [ -75.541148420762227, 6.302825844117538 ], [ -75.541139951153397, 6.302822453407236 ], [ -75.541129221918339, 6.302810022670252 ], [ -75.541125270765235, 6.302800981848932 ], [ -75.541116800345605, 6.302786290674607 ], [ -75.541110024404375, 6.302774989787834 ], [ -75.541102683963643, 6.302767079351947 ], [ -75.541087436938668, 6.302756909213056 ], [ -75.541080662060608, 6.302747867690545 ], [ -75.541072756054177, 6.302741087435826 ], [ -75.541063157698915, 6.302735436526987 ], [ -75.541048475899188, 6.302732045358156 ], [ -75.541037181747967, 6.30272978499007 ], [ -75.541020804892824, 6.302727524083627 ], [ -75.541001042281991, 6.302725263407377 ], [ -75.54099144137912, 6.302721872783698 ], [ -75.540980712713434, 6.302717352095363 ], [ -75.540971112795447, 6.302715091603706 ], [ -75.540954737661863, 6.302711699645113 ], [ -75.540945703229653, 6.30270717883405 ], [ -75.540933280011188, 6.302698138622664 ], [ -75.540925374087834, 6.302692488501557 ], [ -75.540914644357244, 6.30268570754191 ], [ -75.540897140899133, 6.302673275461825 ], [ -75.540885280857793, 6.302667624723694 ], [ -75.540873987530034, 6.302664234209802 ], [ -75.540864952276266, 6.302660843538104 ], [ -75.5408553542471, 6.302659713171821 ], [ -75.54083897731195, 6.302656322121515 ], [ -75.540829942139169, 6.302654061586088 ], [ -75.540819777477594, 6.302651801131307 ], [ -75.540804531919193, 6.302649540127069 ], [ -75.540793801609681, 6.302647279716497 ], [ -75.540783073107306, 6.302645019296843 ], [ -75.540767826564604, 6.302641628158768 ], [ -75.540753144019646, 6.302640496354249 ], [ -75.540742979438718, 6.302639366034792 ], [ -75.540722650437942, 6.30263936566947 ], [ -75.540711923076302, 6.302640494751031 ], [ -75.54070175783319, 6.30264275484648 ], [ -75.540692157329943, 6.30264501399743 ], [ -75.540682557573518, 6.302645013773625 ], [ -75.540667310368136, 6.302645013048177 ], [ -75.540655453360401, 6.30264388283894 ], [ -75.540632299245445, 6.302637100948576 ], [ -75.54062326407248, 6.302634840409081 ], [ -75.540613100314161, 6.302632579945357 ], [ -75.540598418676055, 6.302631449035922 ], [ -75.540588253266748, 6.302631447950756 ], [ -75.540579218174031, 6.302630317547586 ], [ -75.540562844189566, 6.302630316885975 ], [ -75.540552114301931, 6.302621275641981 ], [ -75.540544774025534, 6.302615624564319 ], [ -75.540535172968674, 6.302609974559789 ], [ -75.540525575682082, 6.302606583907823 ], [ -75.540510892900073, 6.302602062588094 ], [ -75.540503551729486, 6.302596413322188 ], [ -75.540494516156741, 6.302588502093394 ], [ -75.540486612040382, 6.302582851050126 ], [ -75.540473059415959, 6.302574940136612 ], [ -75.540461201928821, 6.302567029098179 ], [ -75.540452730442198, 6.302562509148731 ], [ -75.540443696013924, 6.302557988326136 ], [ -75.540433532521206, 6.302546686754748 ], [ -75.540431273732608, 6.302536516578087 ], [ -75.540427886274657, 6.302525215435418 ], [ -75.540422239768233, 6.302512786123216 ], [ -75.54041828929374, 6.302500354874038 ], [ -75.540414336033464, 6.302486794404697 ], [ -75.540413772298507, 6.302475493062109 ], [ -75.54041151433934, 6.302464193647332 ], [ -75.540403043594566, 6.302457412512954 ], [ -75.540391186939502, 6.302448372233694 ], [ -75.540384411017541, 6.302437071329295 ], [ -75.540375375688441, 6.302432550508827 ], [ -75.540363516637711, 6.302428029887285 ], [ -75.540353351820144, 6.302423509145965 ], [ -75.540346012292858, 6.302415597784225 ], [ -75.540339800451761, 6.302407687255554 ], [ -75.54033415409971, 6.302397516407706 ], [ -75.54032907257178, 6.302388475657333 ], [ -75.540317780350207, 6.302374915689689 ], [ -75.540309874942452, 6.302363614862782 ], [ -75.540304227921965, 6.302356833526889 ], [ -75.54029801600295, 6.302347792859704 ], [ -75.540290110754896, 6.302338752307125 ], [ -75.54028333425083, 6.302331971954291 ], [ -75.540276559470342, 6.302324060550878 ], [ -75.540272041864426, 6.302316149901491 ], [ -75.540263007486175, 6.302299200268664 ], [ -75.540257926864385, 6.302290159512284 ], [ -75.540252280674281, 6.302282248937353 ], [ -75.540242680874215, 6.302268687048044 ], [ -75.540224609953441, 6.302268686503319 ], [ -75.540202588528985, 6.302268685317822 ], [ -75.540185081527454, 6.302269814874116 ], [ -75.540175482756851, 6.30227094477141 ], [ -75.540165881350077, 6.302273203915257 ], [ -75.540152895087374, 6.302275462374446 ], [ -75.5401399061181, 6.302277721750667 ], [ -75.540128048211798, 6.302276591529997 ], [ -75.540117883476853, 6.302273200919681 ], [ -75.540109978543782, 6.302268680009123 ], [ -75.540094166954091, 6.302260769237968 ], [ -75.540074967798191, 6.302252857794392 ], [ -75.540059157033966, 6.302243816879672 ], [ -75.540048992966916, 6.302237035850058 ], [ -75.540038828904471, 6.30223025572424 ], [ -75.540029793422846, 6.302223474619675 ], [ -75.540022452257361, 6.302217824438504 ], [ -75.540011724350421, 6.302211043442762 ], [ -75.540004383185249, 6.302205393261239 ], [ -75.539995347625762, 6.302197482017948 ], [ -75.539987442541616, 6.30219070173319 ], [ -75.539976149891331, 6.302183920775578 ], [ -75.539960014766933, 6.302173771189026 ], [ -75.539956386584024, 6.302171488809505 ], [ -75.53994678553488, 6.302165837884062 ], [ -75.539936058690159, 6.302161317157123 ], [ -75.539925893957502, 6.302157926541617 ], [ -75.539916293144032, 6.302155666028843 ], [ -75.539907257978342, 6.302153405472249 ], [ -75.539897094071051, 6.302148884713841 ], [ -75.539888625226254, 6.302143234599416 ], [ -75.539880153588172, 6.30213645345603 ], [ -75.53986886078323, 6.302127412219312 ], [ -75.53986490875451, 6.302118371381748 ], [ -75.539858133991075, 6.302110461777338 ], [ -75.539849098361202, 6.302101421296165 ], [ -75.539845145429567, 6.302092380462627 ], [ -75.539840063991491, 6.302084469840705 ], [ -75.539832159423497, 6.302072038858193 ], [ -75.539823125211342, 6.302057347677745 ], [ -75.539814654844818, 6.302042657366413 ], [ -75.539807878941147, 6.302031356447191 ], [ -75.539801668529492, 6.302017795208489 ], [ -75.539796023174446, 6.30200875448227 ], [ -75.539792635067073, 6.30200084374655 ], [ -75.539789811478798, 6.301989544366077 ], [ -75.539784729809028, 6.301978243329047 ], [ -75.539774001212393, 6.301961291987648 ], [ -75.539770050091022, 6.301952251143701 ], [ -75.539762144701868, 6.301940950300996 ], [ -75.539753674262016, 6.301925129849131 ], [ -75.539747463339467, 6.301917219302931 ], [ -75.539732782233159, 6.301910438569988 ], [ -75.539722618253805, 6.301904787667611 ], [ -75.53971188780119, 6.301900266950633 ], [ -75.539702289625211, 6.301896876280433 ], [ -75.539692688660892, 6.301892355485154 ], [ -75.539683654170233, 6.301886704503978 ], [ -75.539673490191589, 6.301881053600239 ], [ -75.539665584212571, 6.30187427331132 ], [ -75.539658244858117, 6.301868622208523 ], [ -75.539646385205714, 6.301855061362498 ], [ -75.539638480801926, 6.301844890649842 ], [ -75.539635093524637, 6.301835849769176 ], [ -75.539629446294754, 6.301825679813971 ], [ -75.539625495099955, 6.30181550882937 ], [ -75.539623237315624, 6.301806468775031 ], [ -75.539619849884204, 6.301795167617885 ], [ -75.539616462379939, 6.301782737226626 ], [ -75.539611379817899, 6.301771437093993 ], [ -75.539604604078235, 6.301762396445035 ], [ -75.539598393005406, 6.301752225619115 ], [ -75.539592747425729, 6.301739794473671 ], [ -75.539587665532082, 6.30172510301754 ], [ -75.539581455218055, 6.301712673718603 ], [ -75.539576372730806, 6.301702502819049 ], [ -75.539571291147368, 6.301692331914961 ], [ -75.539563387497438, 6.301679900918844 ], [ -75.539557174619731, 6.301669730100501 ], [ -75.539555482403998, 6.301659558959812 ], [ -75.539549270130479, 6.301644869392319 ], [ -75.539541930322372, 6.301632438361167 ], [ -75.53953515533567, 6.301621137429337 ], [ -75.539529509164694, 6.301613226839097 ], [ -75.539521603937132, 6.301604185360711 ], [ -75.539515391292667, 6.301597404955685 ], [ -75.539508051798862, 6.301589495380309 ], [ -75.539500146649061, 6.301581584039465 ], [ -75.539492241272967, 6.30157028318791 ], [ -75.539485465692692, 6.30156350281191 ], [ -75.539478123561651, 6.301556722483058 ], [ -75.53946908884835, 6.301547681080121 ], [ -75.539460054293542, 6.301540900857462 ], [ -75.539449326406768, 6.301534119841389 ], [ -75.539437467225497, 6.301527338910669 ], [ -75.539425610005225, 6.30152281824733 ], [ -75.539418835095191, 6.30151264654656 ], [ -75.539408105623892, 6.301495696097197 ], [ -75.539401329738766, 6.301484395166098 ], [ -75.539393990013849, 6.301473094268748 ], [ -75.539388906706847, 6.3014640535076 ], [ -75.539384390782217, 6.301453883460518 ], [ -75.539378744236984, 6.301440323079478 ], [ -75.539372534000833, 6.301429022104698 ], [ -75.539361804008337, 6.301417721445034 ], [ -75.53935672424042, 6.301407550527153 ], [ -75.539349948511102, 6.301398509871141 ], [ -75.539338654522325, 6.301384948063594 ], [ -75.53933187879808, 6.30137590831115 ], [ -75.539324537269607, 6.301364607420399 ], [ -75.539318328168747, 6.301356696854848 ], [ -75.539310422648072, 6.30134313572069 ], [ -75.539302517357001, 6.301332965001411 ], [ -75.539297434129907, 6.301325054376495 ], [ -75.539293483627247, 6.301311493869624 ], [ -75.539292355112053, 6.301299063318969 ], [ -75.539290660949902, 6.301286632810834 ], [ -75.539285580281813, 6.301276461895548 ], [ -75.539279933738086, 6.301262900607431 ], [ -75.539274287051114, 6.301247080850514 ], [ -75.539268642086796, 6.301230129137966 ], [ -75.539264124959672, 6.301215438538773 ], [ -75.539261867035449, 6.301204138202245 ], [ -75.539260172200073, 6.301195098113208 ], [ -75.539260173173986, 6.301182667485826 ], [ -75.53925452603373, 6.301173626754857 ], [ -75.539244361845107, 6.301164585419818 ], [ -75.539232505761262, 6.301149894397241 ], [ -75.539227988936361, 6.301139723446725 ], [ -75.539227989692307, 6.301123904211797 ], [ -75.53922573161357, 6.301110342693611 ], [ -75.53922177817779, 6.301093391782501 ], [ -75.539218957172224, 6.301079832101538 ], [ -75.539216698870931, 6.301062881071804 ], [ -75.539214441625447, 6.301048190314535 ], [ -75.539213312815917, 6.301031240112806 ], [ -75.539218394751188, 6.301019939290351 ], [ -75.539222348935354, 6.301007509300764 ], [ -75.539224042486509, 6.300997338844721 ], [ -75.539224609190313, 6.300986039217121 ], [ -75.53922517385503, 6.300971348278751 ], [ -75.53921952679481, 6.30096343768467 ], [ -75.539211058805094, 6.300956657405422 ], [ -75.539197506310302, 6.300949875667913 ], [ -75.539185646394344, 6.300945355006113 ], [ -75.53917322331516, 6.300937443957448 ], [ -75.53916870664618, 6.300929533282178 ], [ -75.539160801669283, 6.300923883111046 ], [ -75.539150073047622, 6.300919362363534 ], [ -75.539137084469473, 6.300913710728807 ], [ -75.539130874550736, 6.300906930300552 ], [ -75.539121839865601, 6.300897890692601 ], [ -75.539108287377289, 6.300891109855791 ], [ -75.539094169238027, 6.300884328156528 ], [ -75.539082876702196, 6.300878677301816 ], [ -75.539073841407756, 6.300874156443153 ], [ -75.539065372592745, 6.300868506303176 ], [ -75.539056338126713, 6.300862855301088 ], [ -75.539041090355653, 6.30085381430209 ], [ -75.539031491448227, 6.300852683891582 ], [ -75.539021890808996, 6.300852683628343 ], [ -75.539005515881883, 6.300851552761065 ], [ -75.538993092425443, 6.30085155177714 ], [ -75.538982927866599, 6.300850420503672 ], [ -75.53897050508786, 6.300847029098669 ], [ -75.538959774594588, 6.300841380024215 ], [ -75.538946223765294, 6.300832338895486 ], [ -75.538936058910437, 6.300826687970073 ], [ -75.538927590092626, 6.30082103692288 ], [ -75.538914038510754, 6.300814256074739 ], [ -75.538906132704426, 6.300809735136992 ], [ -75.538895967925299, 6.30080521434923 ], [ -75.538886932857721, 6.300804083902412 ], [ -75.538873380818359, 6.300804082985837 ], [ -75.538860957366168, 6.300804082902372 ], [ -75.538849663466522, 6.300805211074312 ], [ -75.538839499062021, 6.300806340979205 ], [ -75.538825947022104, 6.300806340061416 ], [ -75.538810135105422, 6.30080633929744 ], [ -75.538800534540229, 6.300807469168602 ], [ -75.538790369302021, 6.300809728311768 ], [ -75.538776253500956, 6.300810858468686 ], [ -75.538760441583506, 6.30081085770327 ], [ -75.538749711526762, 6.300811986744251 ], [ -75.538738983132006, 6.300810856402553 ], [ -75.538727688941023, 6.300807465824517 ], [ -75.538715830761092, 6.300801815001341 ], [ -75.53870510297152, 6.3007961640987 ], [ -75.53869719709148, 6.300790513018028 ], [ -75.538689291286147, 6.300785992076102 ], [ -75.538677432203286, 6.300780341256025 ], [ -75.538664445590143, 6.300776950779288 ], [ -75.538648635032743, 6.3007701691674 ], [ -75.53864129299761, 6.300764518956686 ], [ -75.538619271625237, 6.300750956910404 ], [ -75.53861136665445, 6.300745306727427 ], [ -75.538598944190767, 6.300732875099197 ], [ -75.538591038923286, 6.300722704359601 ], [ -75.538582004313696, 6.300714793068069 ], [ -75.538576357264802, 6.300706882461883 ], [ -75.538567322516087, 6.300696712699992 ], [ -75.538563318709066, 6.300696712302145 ], [ -75.538551079828906, 6.300700106250497 ], [ -75.538540355029355, 6.300704174527493 ], [ -75.538528481808925, 6.300709923714083 ], [ -75.538518850540541, 6.300716260507533 ], [ -75.538507258744502, 6.300722279557204 ], [ -75.538494853619355, 6.300726048616177 ], [ -75.538486034368717, 6.300734365980993 ], [ -75.538483105538035, 6.300743595849057 ], [ -75.538481786827276, 6.30075875608333 ], [ -75.538481893478036, 6.300771954689162 ], [ -75.538481748861599, 6.30078235177228 ], [ -75.538479552795721, 6.300800305462178 ], [ -75.538478820439039, 6.300812662808358 ], [ -75.538470345262041, 6.300817038380129 ], [ -75.538458743587398, 6.30082362797233 ], [ -75.538445145398811, 6.300832162083008 ], [ -75.538434682259876, 6.300837639499469 ], [ -75.538425853992308, 6.300847076198438 ], [ -75.538416737501137, 6.300857074849781 ], [ -75.538407441312089, 6.300859478934116 ], [ -75.538398753626353, 6.300859361200863 ], [ -75.538398469323198, 6.300859428585079 ], [ -75.53838435343738, 6.300859427688953 ], [ -75.53837515801888, 6.300858769960109 ], [ -75.538368542343335, 6.300858296768588 ], [ -75.538339614805565, 6.300858294745009 ], [ -75.538339584084213, 6.300858294894561 ], [ -75.538304167866031, 6.300858292813262 ], [ -75.538285533786564, 6.300826651013176 ], [ -75.538274805093934, 6.30082100010444 ], [ -75.538266334398273, 6.300814218913059 ], [ -75.538257865587994, 6.300808568756048 ], [ -75.538247701565751, 6.300801787670324 ], [ -75.5382381004801, 6.300795006556256 ], [ -75.538231324850145, 6.300787096013819 ], [ -75.538223986141347, 6.300776926124641 ], [ -75.538215515157304, 6.300765625278552 ], [ -75.538209868941593, 6.300756584522668 ], [ -75.538205351382942, 6.300748673836837 ], [ -75.538198012450621, 6.300735112624668 ], [ -75.538196317632696, 6.300726071619966 ], [ -75.538194060497261, 6.300712511889441 ], [ -75.538192367270923, 6.300700081361805 ], [ -75.538190109081242, 6.300684260452709 ], [ -75.538188981282218, 6.300668439465746 ], [ -75.538190110874282, 6.300656009662959 ], [ -75.538192934549784, 6.300641319471318 ], [ -75.538199711428675, 6.300626629022863 ], [ -75.538207054031986, 6.300613069576783 ], [ -75.538212136065923, 6.300602898896294 ], [ -75.538218349177768, 6.300589338619619 ], [ -75.538225126133511, 6.300575779214795 ], [ -75.538226820537574, 6.300564478610831 ], [ -75.538225691835621, 6.300548657628623 ], [ -75.538223998830702, 6.300539617519173 ], [ -75.538216658022662, 6.300524926175607 ], [ -75.538204801442959, 6.300515885813092 ], [ -75.538191249042157, 6.300510235082928 ], [ -75.538183344000487, 6.300503453846636 ], [ -75.538179956693881, 6.300493283707139 ], [ -75.538179391291905, 6.300483112489229 ], [ -75.53817995787638, 6.30046955257485 ], [ -75.538181651920596, 6.300452602177904 ], [ -75.538181088941428, 6.30043791129328 ], [ -75.538178830364799, 6.300430001363583 ], [ -75.538174877335095, 6.300418700221317 ], [ -75.538169795796094, 6.300408529287115 ], [ -75.538164713358171, 6.300398359261259 ], [ -75.538160763117446, 6.300388189148969 ], [ -75.538158504244947, 6.300375757757189 ], [ -75.53815793967938, 6.300364457299266 ], [ -75.538155682185092, 6.300345246870272 ], [ -75.538151730211169, 6.300336206905896 ], [ -75.538141000262641, 6.300324905296913 ], [ -75.538129708286661, 6.300313604614866 ], [ -75.538122368065373, 6.300307953479048 ], [ -75.538113897167463, 6.300297782766619 ], [ -75.53810825020355, 6.300291002290052 ], [ -75.538090747096319, 6.300281960473931 ], [ -75.53803371325877, 6.300265006602261 ], [ -75.538019031306959, 6.300258225797393 ], [ -75.538005478986676, 6.300253705198426 ], [ -75.537990797176064, 6.300249183767503 ], [ -75.537979503828083, 6.300244663022403 ], [ -75.537967079945588, 6.300237882074739 ], [ -75.537956916915007, 6.300232231112393 ], [ -75.537949011816949, 6.300224321538162 ], [ -75.537941106497428, 6.300213020640727 ], [ -75.537934331133357, 6.300194938828478 ], [ -75.537932073393719, 6.300185898751709 ], [ -75.537933203754505, 6.300171208663595 ], [ -75.537937157356453, 6.300163298332472 ], [ -75.537936029030661, 6.300153128043633 ], [ -75.537922476279263, 6.300141826603258 ], [ -75.537916830150778, 6.300133915978888 ], [ -75.537909487986568, 6.300126005471688 ], [ -75.537903842757672, 6.300118093938528 ], [ -75.537896502952123, 6.300104534527666 ], [ -75.537891986238108, 6.300095493690749 ], [ -75.537885774175436, 6.300083062547522 ], [ -75.537877868715896, 6.300069501368317 ], [ -75.537871659911957, 6.30005142041276 ], [ -75.537869965657919, 6.300036730508979 ], [ -75.537868272659509, 6.300027689490966 ], [ -75.537861496831596, 6.300016388518222 ], [ -75.537853026703502, 6.300003957513774 ], [ -75.537846816594751, 6.299993786639786 ], [ -75.537841170473982, 6.299985876917542 ], [ -75.537835523445423, 6.299977966295499 ], [ -75.537828747835064, 6.299970055740889 ], [ -75.537821972224904, 6.299962145186126 ], [ -75.53781011349399, 6.299947453212614 ], [ -75.537805596711735, 6.299937282233985 ], [ -75.537801079934098, 6.299927112159371 ], [ -75.537792610789168, 6.29991581219214 ], [ -75.537783576893105, 6.299904510452379 ], [ -75.537776235566568, 6.299895469796996 ], [ -75.537763812383147, 6.299885298416251 ], [ -75.537755906529753, 6.29987964821557 ], [ -75.537745742604798, 6.299873997249731 ], [ -75.53773275663012, 6.299866086174513 ], [ -75.537718074548863, 6.29985704507532 ], [ -75.537705652557264, 6.299851394247321 ], [ -75.537694359004519, 6.299843483072002 ], [ -75.53768362936276, 6.299836702004735 ], [ -75.537674030110225, 6.299829920861227 ], [ -75.537663301238268, 6.299820881317363 ], [ -75.537656525699717, 6.299814099994391 ], [ -75.537645797727535, 6.299805059541471 ], [ -75.537636762315046, 6.299798278365421 ], [ -75.537623211315108, 6.29978584676216 ], [ -75.537615239715649, 6.299763880365007 ], [ -75.537601238684147, 6.299740470507555 ], [ -75.537596977204757, 6.299728168194065 ], [ -75.537583316004202, 6.299684509992474 ], [ -75.537571414188378, 6.29966020660062 ], [ -75.537571108313756, 6.299659739758825 ], [ -75.537562134617488, 6.299647622209279 ], [ -75.537557046890072, 6.299638404225568 ], [ -75.537546903544722, 6.299625273432206 ], [ -75.537543058273528, 6.299617919106813 ], [ -75.537537016370166, 6.299609075547319 ], [ -75.537523782345204, 6.299593443646947 ], [ -75.537518706379799, 6.29958590182927 ], [ -75.537516102005924, 6.299569306862781 ], [ -75.537512555167737, 6.299564606462543 ], [ -75.537502883213605, 6.299551788908886 ], [ -75.537473442655696, 6.299512775954143 ], [ -75.537445837066372, 6.299449173966038 ], [ -75.537414925349594, 6.299420174877191 ], [ -75.53741069262027, 6.299416203814754 ], [ -75.537383061058677, 6.299383697985561 ], [ -75.537381366516257, 6.299381030057319 ], [ -75.537365512843053, 6.299362018664152 ], [ -75.537360062306064, 6.299347309958288 ], [ -75.537345775413172, 6.299323641091043 ], [ -75.53733448326048, 6.299294259032679 ], [ -75.537333184433933, 6.299287302781897 ], [ -75.537331049023408, 6.299275912313245 ], [ -75.537312809541618, 6.299239537290853 ], [ -75.537300261137062, 6.299206566590755 ], [ -75.53728270131019, 6.299145119028842 ], [ -75.537279250194004, 6.299127760584923 ], [ -75.5372785615601, 6.299124020909439 ], [ -75.537275766068632, 6.299114580205126 ], [ -75.537274671839995, 6.299106401502341 ], [ -75.537273524191846, 6.299101733728163 ], [ -75.537269243166236, 6.299085777079135 ], [ -75.53726660602625, 6.299061133857192 ], [ -75.537265982724236, 6.299049082357874 ], [ -75.537264243460058, 6.299040371558394 ], [ -75.537263689653926, 6.299037601339569 ], [ -75.537262794889671, 6.299026400122425 ], [ -75.537263302019056, 6.299016031101781 ], [ -75.537265192369489, 6.299000048046602 ], [ -75.537266520265007, 6.298985465485528 ], [ -75.537266168885438, 6.298970612627002 ], [ -75.537259672929011, 6.298959999207656 ], [ -75.537247855846076, 6.298949964086324 ], [ -75.537238026297999, 6.298944132460147 ], [ -75.537224266133506, 6.298936066906236 ], [ -75.537210217762834, 6.298927451245182 ], [ -75.537195608692926, 6.298917993870009 ], [ -75.537184378116635, 6.298911321904168 ], [ -75.53717617438727, 6.298904242829168 ], [ -75.537167920477799, 6.298898738057933 ], [ -75.537161150862843, 6.298885174944043 ], [ -75.537160600656165, 6.29887719430674 ], [ -75.537157555226599, 6.298866895909185 ], [ -75.537156110232743, 6.298857936854088 ], [ -75.537155767507798, 6.298846166071752 ], [ -75.537155706237684, 6.298833555807958 ], [ -75.537155371688982, 6.298821794026965 ], [ -75.53715502892598, 6.298808341595435 ], [ -75.537154974931539, 6.298797972591221 ], [ -75.537155201937779, 6.298787042574467 ], [ -75.537155167296859, 6.298779912911386 ], [ -75.537149864366384, 6.298725840227799 ], [ -75.537145823832105, 6.298708049768879 ], [ -75.537145285792789, 6.298706664573255 ], [ -75.537141600814422, 6.298696032956134 ], [ -75.53713762579568, 6.298685961491287 ], [ -75.537133931769418, 6.298674769368231 ], [ -75.537130227783152, 6.298662457098003 ], [ -75.537125964020234, 6.298648191050978 ], [ -75.537123379543019, 6.298636429364264 ], [ -75.537122412417659, 6.298632836604577 ], [ -75.537111112582579, 6.298606700331365 ], [ -75.537107496245497, 6.298600339407404 ], [ -75.537071867395227, 6.29854296955792 ], [ -75.537062029898522, 6.298527130340566 ], [ -75.537061218426444, 6.2985258178996 ], [ -75.537033176327256, 6.298489511322664 ], [ -75.537032418874091, 6.298488530428158 ], [ -75.536995718778371, 6.298459139927504 ], [ -75.536970563342848, 6.298441742382352 ], [ -75.53696529734097, 6.298438229297746 ], [ -75.536963595875022, 6.298436924801561 ], [ -75.536959731808622, 6.298434252955889 ], [ -75.536948784214218, 6.298426680915271 ], [ -75.53693538599083, 6.298417413828449 ], [ -75.536918924251026, 6.298406027030755 ], [ -75.536899122190519, 6.29839078325922 ], [ -75.536898124366587, 6.298390356850435 ], [ -75.536888303893122, 6.298385646267429 ], [ -75.536878744911391, 6.298378404704957 ], [ -75.536871706902488, 6.298371714143697 ], [ -75.536865789747182, 6.298364735143743 ], [ -75.536858740044707, 6.298357311403611 ], [ -75.536857999586459, 6.298356666755923 ], [ -75.536857485068992, 6.298356217201883 ], [ -75.536852645726768, 6.298351994120129 ], [ -75.536847212949553, 6.298347258580117 ], [ -75.53681528516762, 6.298325960165256 ], [ -75.536808250536666, 6.298321266771262 ], [ -75.536797971102857, 6.298315266440649 ], [ -75.536767594021612, 6.298297531725357 ], [ -75.53675428942141, 6.298291539776796 ], [ -75.536682331086823, 6.298259107491263 ], [ -75.536673693893945, 6.29825542635741 ], [ -75.536639977084903, 6.29824102415895 ], [ -75.536618519904977, 6.298230852356204 ], [ -75.536595938027361, 6.298225200257441 ], [ -75.53654807321908, 6.298225196137444 ], [ -75.536536742242859, 6.298225196086319 ], [ -75.536535366981397, 6.298225195540934 ], [ -75.536521027970423, 6.298225196555086 ], [ -75.53650276014767, 6.298225194070572 ], [ -75.536409020459004, 6.298228583735189 ], [ -75.536362718136331, 6.298231967849501 ], [ -75.536316979225091, 6.298243264731004 ], [ -75.536308891172283, 6.298246417823457 ], [ -75.536273495090228, 6.298260211298515 ], [ -75.536251468820751, 6.298268121796547 ], [ -75.536228319821802, 6.29826812043356 ], [ -75.536226807037906, 6.298268083487429 ], [ -75.536197067111644, 6.298268234416324 ], [ -75.536187833586524, 6.298268839861016 ], [ -75.536172998414898, 6.29827031155831 ], [ -75.536165603340919, 6.298271403517985 ], [ -75.536136836788444, 6.298279412783985 ], [ -75.536100978091568, 6.298293213019787 ], [ -75.536092792432811, 6.298296362967799 ], [ -75.536084802679909, 6.298298361027015 ], [ -75.536081833257441, 6.298299615003483 ], [ -75.536069525881885, 6.298303601405014 ], [ -75.536059172873109, 6.298305336103382 ], [ -75.536051986302795, 6.298306568089681 ], [ -75.536047614633034, 6.29830766071849 ], [ -75.536035523059709, 6.298310684997725 ], [ -75.536024773848396, 6.298315866293603 ], [ -75.536014446687076, 6.298322365542933 ], [ -75.536006352647561, 6.298328566427093 ], [ -75.535989898993051, 6.298342659274359 ], [ -75.535982109542729, 6.298352784337762 ], [ -75.53597487215697, 6.298361787424844 ], [ -75.535967345618573, 6.298370231367384 ], [ -75.535961017499289, 6.298377054737016 ], [ -75.535958986924626, 6.298379243522417 ], [ -75.535952861773794, 6.298385997192609 ], [ -75.535946174196312, 6.298393599847316 ], [ -75.535942271292143, 6.298396699136559 ], [ -75.535930633521403, 6.298404789667857 ], [ -75.535924534808984, 6.298414196782296 ], [ -75.535921977840147, 6.298418142106882 ], [ -75.535920028949477, 6.298421149621884 ], [ -75.535917660320152, 6.298424803810376 ], [ -75.535911483594205, 6.29843433426356 ], [ -75.535907690222587, 6.298439335274866 ], [ -75.535900518773531, 6.298445542522571 ], [ -75.535893135731342, 6.298453578916308 ], [ -75.53589050731749, 6.298456209103193 ], [ -75.535890329116583, 6.29845598303708 ], [ -75.535886632965116, 6.298451046464942 ], [ -75.535891685313828, 6.298445544782952 ], [ -75.535898609314089, 6.298439551204988 ], [ -75.535882272662988, 6.298406844762814 ], [ -75.535881787685369, 6.298405965610019 ], [ -75.535881772640025, 6.298405844531964 ], [ -75.535880058437826, 6.298392613028563 ], [ -75.535877835423193, 6.298375454721774 ], [ -75.535879533668876, 6.298335903256116 ], [ -75.535879862639405, 6.298334427951874 ], [ -75.535884186275737, 6.298315069754064 ], [ -75.535891394682793, 6.298282793120765 ], [ -75.535894372002076, 6.298271628215439 ], [ -75.535903572906534, 6.298237136763179 ], [ -75.535906215657391, 6.298227224777478 ], [ -75.535906268178323, 6.298227248029053 ], [ -75.535908339582363, 6.29821951140557 ], [ -75.53591406902207, 6.298201233118164 ], [ -75.535927816221616, 6.29817611782349 ], [ -75.535950131435598, 6.29814267105936 ], [ -75.535955131874431, 6.298135039539337 ], [ -75.535958724111268, 6.298129555805888 ], [ -75.536004911949661, 6.298059051814901 ], [ -75.536009664971616, 6.298052199035309 ], [ -75.536057432137042, 6.297983342798477 ], [ -75.53606649665484, 6.297972496384012 ], [ -75.536129869225618, 6.297896668606753 ], [ -75.536134833939727, 6.297890240635364 ], [ -75.536204027443517, 6.297800653789718 ], [ -75.536225861771797, 6.297772386317009 ], [ -75.536258417776693, 6.297731410036602 ], [ -75.536307036226006, 6.297670215637557 ], [ -75.536313383079914, 6.297662228584092 ], [ -75.536323995774609, 6.29765312771765 ], [ -75.536306019477394, 6.297634074136509 ], [ -75.536303962270395, 6.297631894376254 ], [ -75.536301758506681, 6.297631725172074 ], [ -75.536287415368903, 6.297634594944499 ], [ -75.536257943155206, 6.297648373163372 ], [ -75.53614064349938, 6.297751138974629 ], [ -75.536096502684458, 6.297793248371254 ], [ -75.536030674172508, 6.297862192408654 ], [ -75.535935753956949, 6.297909588190002 ], [ -75.535916512950578, 6.297909952960954 ], [ -75.535916462342144, 6.297909951398753 ], [ -75.535914641942952, 6.297909832768303 ], [ -75.535897470202471, 6.297907231028305 ], [ -75.535897419541357, 6.297907218616965 ], [ -75.535897364366846, 6.297907207131726 ], [ -75.535897314604895, 6.297907193811921 ], [ -75.535886186301056, 6.297904085320705 ], [ -75.53588255040664, 6.297902811017603 ], [ -75.535880748067669, 6.297902131748838 ], [ -75.535878953755457, 6.297901430742376 ], [ -75.535861711903067, 6.2978927636446 ], [ -75.535861665667596, 6.29789273222542 ], [ -75.535846087207275, 6.297881436919953 ], [ -75.535846055437631, 6.297881407238642 ], [ -75.53583248410267, 6.297867746055825 ], [ -75.53582126031047, 6.297852042821841 ], [ -75.535821238431765, 6.29785200314719 ], [ -75.535812703367753, 6.297834739904471 ], [ -75.535812686879709, 6.297834693874841 ], [ -75.535807035926027, 6.297816285565959 ], [ -75.535804411211402, 6.297797159145999 ], [ -75.535804410057608, 6.297797107617105 ], [ -75.535804891281927, 6.297777859413644 ], [ -75.535804899163836, 6.297777807840864 ], [ -75.535808464112193, 6.297758887306482 ], [ -75.535847014015729, 6.297667553522052 ], [ -75.536069681137775, 6.297233593379469 ], [ -75.536156374775217, 6.297099990635056 ], [ -75.53626546473464, 6.297026145779651 ], [ -75.536383228140224, 6.296956203393272 ], [ -75.536628041681411, 6.296839165567333 ], [ -75.536777726417625, 6.296772496326661 ], [ -75.536938654499437, 6.296701197578252 ], [ -75.536998109917889, 6.296677490153678 ], [ -75.537097719427123, 6.296646661968671 ], [ -75.536854949209626, 6.296127745181437 ], [ -75.536854930032874, 6.296127703685483 ], [ -75.536746883629675, 6.29614974595335 ], [ -75.536699523094185, 6.296175209989913 ], [ -75.536699421255122, 6.296175264731783 ], [ -75.536697922281178, 6.29615257697605 ], [ -75.536697916460312, 6.296152494730078 ], [ -75.536480658560933, 6.296279143036836 ], [ -75.536441205024559, 6.296302141078495 ], [ -75.536238744265518, 6.296435717949872 ], [ -75.536225145620122, 6.296438010881102 ], [ -75.536225087836016, 6.296438020203117 ], [ -75.536070062062194, 6.296340178357316 ], [ -75.536069532744605, 6.29633984369574 ], [ -75.53606944210749, 6.296339786273032 ], [ -75.536011143132171, 6.296460260654647 ], [ -75.536000760305285, 6.296481717812387 ], [ -75.536000745988744, 6.296481746813599 ], [ -75.535989016396556, 6.296475383714498 ], [ -75.535988929426324, 6.296475337123321 ], [ -75.535902450307276, 6.296582588388446 ], [ -75.535788933338154, 6.29672337263237 ], [ -75.535779980309485, 6.296734476166609 ], [ -75.535779956058121, 6.296734506120243 ], [ -75.535540820076889, 6.296581755601706 ], [ -75.535584235863297, 6.296503831524714 ], [ -75.535733808937778, 6.29635418356609 ], [ -75.535841506796828, 6.296264400655139 ], [ -75.535858203161681, 6.296205195912775 ], [ -75.53583431751818, 6.296127507600258 ], [ -75.535834272607275, 6.296127376722057 ], [ -75.535780483838693, 6.295977842777479 ], [ -75.535780440756909, 6.295977716410951 ], [ -75.535553172581814, 6.29529539398287 ], [ -75.535553131311715, 6.295295268511568 ], [ -75.535427553206461, 6.294990063936655 ], [ -75.535427511138181, 6.294989960167928 ], [ -75.535451451045873, 6.294846289573899 ], [ -75.535505303797706, 6.294732555339168 ], [ -75.535762561187525, 6.294558957926778 ], [ -75.535763836753958, 6.294558339644564 ], [ -75.535763908328207, 6.294558379077768 ], [ -75.535885548595346, 6.294625454646757 ], [ -75.536079167150291, 6.294890970549818 ], [ -75.536622731982916, 6.2952843168442 ], [ -75.5366227634495, 6.295284284143205 ], [ -75.537469249213004, 6.294413890008166 ], [ -75.537469271687797, 6.294413866391999 ], [ -75.537447426733365, 6.2944138622921 ], [ -75.537447037299856, 6.29441386418537 ], [ -75.537438259930752, 6.294413864364023 ], [ -75.537438194870191, 6.294413863776215 ], [ -75.537415836117063, 6.29440202010743 ], [ -75.537377237113759, 6.294381571387879 ], [ -75.537258913426484, 6.294331332757163 ], [ -75.537233049279621, 6.294305446262404 ], [ -75.53722014580751, 6.294292531354643 ], [ -75.537208718729104, 6.294281093822502 ], [ -75.537128455693917, 6.29426101667486 ], [ -75.53712834713528, 6.294260990079127 ], [ -75.537094080644906, 6.294252418393555 ], [ -75.537093972994214, 6.294252392697506 ], [ -75.53705811800765, 6.294212925252753 ], [ -75.536997161668907, 6.294187804216768 ], [ -75.536943406518716, 6.294155540035376 ], [ -75.536943367551586, 6.294155516717834 ], [ -75.536899439093858, 6.294155506911505 ], [ -75.536870158577614, 6.294155500949732 ], [ -75.53686974654201, 6.294155500239992 ], [ -75.536860905928677, 6.294155501618703 ], [ -75.536767741453417, 6.294155496934299 ], [ -75.536767676397233, 6.294155497250479 ], [ -75.536710302528704, 6.294126792035826 ], [ -75.536635006652844, 6.294065796717953 ], [ -75.536548951765866, 6.294029910256729 ], [ -75.536402049064478, 6.29399404731815 ], [ -75.536401940514651, 6.29399402253047 ], [ -75.536316529517649, 6.293961968139299 ], [ -75.536258513454655, 6.293940196909407 ], [ -75.536204724285312, 6.293900727005215 ], [ -75.536064888732824, 6.293750026189373 ], [ -75.535992934945796, 6.293644266296083 ], [ -75.535950158023965, 6.293581391401344 ], [ -75.535839941468751, 6.29344642009372 ], [ -75.535811242769483, 6.293413430069424 ], [ -75.535918342372483, 6.293363941202698 ], [ -75.53600453485376, 6.293324115793286 ], [ -75.536017270900828, 6.293319668971014 ], [ -75.536061891344346, 6.293296937064592 ], [ -75.536147416017158, 6.293268277068428 ], [ -75.536194042691164, 6.293242627779371 ], [ -75.53622008607914, 6.293223729146597 ], [ -75.536270068953428, 6.293179711856115 ], [ -75.536313856562728, 6.293140841040648 ], [ -75.536382193838207, 6.293090501615123 ], [ -75.536418170067435, 6.293038796888876 ], [ -75.536364862112677, 6.293002946507791 ], [ -75.536325520260391, 6.292976488907703 ], [ -75.536318535818282, 6.292972622495847 ], [ -75.536340659930104, 6.292941156744244 ], [ -75.536379654875631, 6.292885699752782 ], [ -75.536393530224984, 6.292865965165507 ], [ -75.536416945512471, 6.292813452618169 ], [ -75.536424582513689, 6.292791846085378 ], [ -75.536425692621165, 6.292754525227169 ], [ -75.536399594760937, 6.29270148925724 ], [ -75.536380026078433, 6.292627954247886 ], [ -75.536405470074072, 6.292617934211907 ], [ -75.536413418743621, 6.292611769324099 ], [ -75.53643798143662, 6.292605408898406 ], [ -75.536515650260782, 6.292583822868584 ], [ -75.536515651772859, 6.292582831049113 ], [ -75.536503617392853, 6.29252164398669 ], [ -75.536495907619482, 6.292482446547902 ], [ -75.5364770758394, 6.292391320249825 ], [ -75.536477063821195, 6.292391264253189 ], [ -75.536470297067495, 6.292393525766422 ], [ -75.536393680274884, 6.292421307981066 ], [ -75.536393564817203, 6.292421349227066 ], [ -75.536399327526468, 6.292296521055055 ], [ -75.536400530122066, 6.292270436970282 ], [ -75.536390217168545, 6.292169600688006 ], [ -75.536471040369108, 6.292166645796746 ], [ -75.536470537689496, 6.292106623258896 ], [ -75.536470234591704, 6.292070414093276 ], [ -75.536464812079345, 6.292070382572237 ], [ -75.536412406678778, 6.292070237533467 ], [ -75.536395808694365, 6.292070197012232 ], [ -75.536186756231743, 6.292135900011197 ], [ -75.536186570380139, 6.292135958777206 ], [ -75.536176385967806, 6.291747220493224 ], [ -75.536175733999698, 6.291722347883337 ], [ -75.536172349829442, 6.291694165927076 ], [ -75.536172546299824, 6.291694247247115 ], [ -75.536191210961391, 6.291701967226671 ], [ -75.536191234230117, 6.291701921003852 ], [ -75.536205094027153, 6.291673021508514 ], [ -75.536308938786831, 6.291456508161154 ], [ -75.536272629767652, 6.291338471696759 ], [ -75.536255188995227, 6.291144766032526 ], [ -75.536260381141346, 6.291066949995934 ], [ -75.536260560536078, 6.291067050385355 ], [ -75.536455699588345, 6.291175909867491 ], [ -75.536563219606307, 6.291248747348782 ], [ -75.536563317856746, 6.291248698049437 ], [ -75.536627252710872, 6.291217169360086 ], [ -75.536904519886676, 6.291071358749205 ], [ -75.536922439230011, 6.290926783601301 ], [ -75.536926729499669, 6.290882483828841 ], [ -75.53681631312665, 6.290850146661843 ], [ -75.536793464153973, 6.290842634173368 ], [ -75.536738295032308, 6.290822411343252 ], [ -75.536736332582265, 6.290821689448427 ], [ -75.536732049235042, 6.290820115399335 ], [ -75.536722982801706, 6.290817140605887 ], [ -75.536718838746395, 6.290815781963086 ], [ -75.536717194329299, 6.290815241154137 ], [ -75.536664066883546, 6.290793817679577 ], [ -75.536588465654617, 6.290776843100811 ], [ -75.536510715502715, 6.290759076998045 ], [ -75.536457742607269, 6.290746973249636 ], [ -75.536275219545502, 6.290686938748805 ], [ -75.536270057323733, 6.290685240579134 ], [ -75.536267716040186, 6.290684469891504 ], [ -75.53627341590358, 6.290661023865223 ], [ -75.536281896892973, 6.29063085671546 ], [ -75.536301126551919, 6.290562453041186 ], [ -75.536307551251483, 6.290539601114397 ], [ -75.536310949477595, 6.290515734100564 ], [ -75.536323048114298, 6.2904307474561 ], [ -75.536358473511086, 6.290311136618617 ], [ -75.536373873043701, 6.290247788365365 ], [ -75.536382025069599, 6.290214255898078 ], [ -75.536358564067015, 6.290193446841912 ], [ -75.536353607422996, 6.290186255184279 ], [ -75.53632755386198, 6.290148450535354 ], [ -75.536327508355527, 6.290148382947875 ], [ -75.536326453697697, 6.290146853789117 ], [ -75.536315840625491, 6.290131452222616 ], [ -75.536278239463059, 6.290076891657137 ], [ -75.536278220304297, 6.290076853777443 ], [ -75.536273460169369, 6.290064721088267 ], [ -75.536273281581899, 6.29004708903187 ], [ -75.536272611037674, 6.289981120941433 ], [ -75.536272460742808, 6.289966341225381 ], [ -75.536230659174748, 6.289829678615105 ], [ -75.536230650911264, 6.289829651531858 ], [ -75.5362295812876, 6.289826154190248 ], [ -75.536327742507027, 6.289789980423868 ], [ -75.536328512749392, 6.289789690079688 ], [ -75.536380793622428, 6.289770354892431 ], [ -75.536381210669177, 6.289769526507678 ], [ -75.536397435761003, 6.289737225119147 ], [ -75.53639895625345, 6.289657258857465 ], [ -75.536450420229954, 6.289655983682733 ], [ -75.536450490680579, 6.289655977915955 ], [ -75.536448903695742, 6.289598348400221 ], [ -75.536449088949865, 6.289598352925254 ], [ -75.536515062853368, 6.289597715206442 ], [ -75.536515134220679, 6.289597712147511 ], [ -75.536487253480587, 6.289435421783216 ], [ -75.536481868901447, 6.289418427998178 ], [ -75.536431788915806, 6.289260350091785 ], [ -75.5363996306519, 6.289163806800979 ], [ -75.536507609561383, 6.289044462113972 ], [ -75.536506298821976, 6.28901155604327 ], [ -75.5365052798888, 6.289006959054374 ], [ -75.536497661356961, 6.288972569222244 ], [ -75.536479323380291, 6.288949464142285 ], [ -75.536307333523737, 6.288870708314741 ], [ -75.535996632744144, 6.288702083347526 ], [ -75.535996514967124, 6.288702018823084 ], [ -75.535996516116157, 6.288702069447906 ], [ -75.536002350019174, 6.288878265529481 ], [ -75.536002280393262, 6.288878255018125 ], [ -75.536001149031421, 6.288878049851969 ], [ -75.536001032372724, 6.288878029623711 ], [ -75.53589630590848, 6.288859973853886 ], [ -75.535896190153323, 6.2888599536212 ], [ -75.535887678175186, 6.288822984143408 ], [ -75.53586930953287, 6.288744908160114 ], [ -75.535817929161112, 6.2882948709491 ], [ -75.535779488654327, 6.287958640405774 ], [ -75.535780205329957, 6.287933320836972 ], [ -75.535780220775692, 6.287932779197857 ], [ -75.535793675606186, 6.287458346181896 ], [ -75.53580042426519, 6.287380594903556 ], [ -75.535809587050323, 6.287275024985983 ], [ -75.535825898966863, 6.287087080019829 ], [ -75.535826272154694, 6.287082795421772 ], [ -75.535826302144272, 6.287082458041778 ], [ -75.53613486361121, 6.287045808590547 ], [ -75.536134931342133, 6.287045801028884 ], [ -75.536351885205178, 6.287016187058464 ], [ -75.536351953844004, 6.287016180396519 ], [ -75.536463247628262, 6.287010692869994 ], [ -75.536463316297741, 6.287010692536668 ], [ -75.53646343285078, 6.287010691066795 ], [ -75.53646350151152, 6.287010688925307 ], [ -75.536585009827903, 6.287010361292072 ], [ -75.536585077580682, 6.287010358250807 ], [ -75.536807489389489, 6.286984204776329 ], [ -75.536807558019504, 6.286984196306162 ], [ -75.536808843059163, 6.286984044505425 ], [ -75.53680891168041, 6.286984034227043 ], [ -75.53678459680421, 6.286834045077131 ], [ -75.53678458840929, 6.28683399087109 ], [ -75.536784520717902, 6.286834006569622 ], [ -75.536714342504325, 6.286851897894978 ], [ -75.536714230600552, 6.286851926465739 ], [ -75.536702121498152, 6.286755868070722 ], [ -75.536697734946046, 6.286721072869386 ], [ -75.536691164009355, 6.286668849735813 ], [ -75.536669523523187, 6.28662354840981 ], [ -75.536608877595484, 6.286496554494584 ], [ -75.536608836519548, 6.2864964688032 ], [ -75.536375167527837, 6.286617535428654 ], [ -75.536375006200828, 6.286617620294252 ], [ -75.536364316929891, 6.286576598302556 ], [ -75.536364290223048, 6.286576494459126 ], [ -75.536326036996755, 6.286598895998274 ], [ -75.536325875713544, 6.286598989904737 ], [ -75.53630542670858, 6.28651559065803 ], [ -75.536299094001933, 6.286489761939459 ], [ -75.536208870795051, 6.286494548605 ], [ -75.536208803945854, 6.286494551641785 ], [ -75.536154737655693, 6.286497434155045 ], [ -75.536154670806511, 6.286497437191819 ], [ -75.535876437893762, 6.286512278597185 ], [ -75.535876315919495, 6.286512280093196 ], [ -75.535929948363147, 6.286237553506861 ], [ -75.535910309610117, 6.285940050718419 ], [ -75.5358957859806, 6.285843717346512 ], [ -75.535870085659752, 6.285673258376426 ], [ -75.53587810234184, 6.285543350766402 ], [ -75.535878189038229, 6.285543341304615 ], [ -75.535878254975017, 6.285543336464132 ], [ -75.535881624065055, 6.285485844699818 ], [ -75.535881745179367, 6.285485852249185 ], [ -75.5358818102345, 6.285485851933546 ], [ -75.536082779376741, 6.285490149620744 ], [ -75.536082845335457, 6.285490149300703 ], [ -75.536082965519896, 6.285490151429897 ], [ -75.536083031478569, 6.285490151109848 ], [ -75.536148073171077, 6.285490790254249 ], [ -75.536148139125373, 6.285490789030125 ], [ -75.536148167645194, 6.28548791109808 ], [ -75.536148382217775, 6.28546711815619 ], [ -75.536149426181609, 6.285365579323633 ], [ -75.5361495463967, 6.285365587781427 ], [ -75.536149612350982, 6.285365586557282 ], [ -75.536162600236594, 6.285365783017467 ], [ -75.536162666204007, 6.285365784505582 ], [ -75.536162786384054, 6.285365785730649 ], [ -75.536162852351467, 6.285365787218814 ], [ -75.536197642168702, 6.285366320000461 ], [ -75.536197708131738, 6.285366320584497 ], [ -75.536197828316133, 6.285366322713674 ], [ -75.536197894279169, 6.285366323297714 ], [ -75.536207636317016, 6.285366469506342 ], [ -75.536207702271298, 6.285366468282199 ], [ -75.536209702341722, 6.285313059821302 ], [ -75.536212705493682, 6.285274032748394 ], [ -75.536212791314, 6.285272910327024 ], [ -75.53621291156847, 6.285272926921646 ], [ -75.536212975772614, 6.285272937459513 ], [ -75.536246812054671, 6.285278821794665 ], [ -75.53624687535968, 6.285278833240993 ], [ -75.5362622050217, 6.285155181000548 ], [ -75.536186171529124, 6.285144848843247 ], [ -75.536186049463169, 6.285144831353239 ], [ -75.536189060808624, 6.285111968486691 ], [ -75.536200739430839, 6.285012230585165 ], [ -75.536205166013573, 6.284986318910427 ], [ -75.536205288031283, 6.284986326455404 ], [ -75.536205352178413, 6.284986325240047 ], [ -75.536283110787963, 6.284986638687967 ], [ -75.536283175847416, 6.284986639276378 ], [ -75.536283254455611, 6.284986638894954 ], [ -75.53628331945373, 6.284986626826079 ], [ -75.536283362893883, 6.284986641081114 ], [ -75.536283439730028, 6.28498664794122 ], [ -75.536357437390308, 6.285001439113773 ], [ -75.536357558583319, 6.285001462936757 ], [ -75.536371786163201, 6.285004086349137 ], [ -75.53637183770897, 6.285004095140174 ], [ -75.536371958906344, 6.285004119867291 ], [ -75.536424298716909, 6.28501474147209 ], [ -75.536483322867511, 6.285014503876439 ], [ -75.536601531561104, 6.285026802103714 ], [ -75.536599228708255, 6.285048308573145 ], [ -75.53660613565954, 6.285049077003174 ], [ -75.53672818522378, 6.285072895755281 ], [ -75.536747158389247, 6.285079448003813 ], [ -75.536745837546462, 6.28510054647121 ], [ -75.536791126490442, 6.285110534111808 ], [ -75.536801870211946, 6.285132042356301 ], [ -75.536830276193768, 6.285169269680912 ], [ -75.536880641970328, 6.285202867995857 ], [ -75.536976335075124, 6.285238153073478 ], [ -75.537009911516833, 6.2852381555543 ], [ -75.537058596589105, 6.285256638904559 ], [ -75.537098934584904, 6.285290786741682 ], [ -75.537109098160684, 6.285296437839768 ], [ -75.537117003726834, 6.285302088144624 ], [ -75.537125472275406, 6.285308869474143 ], [ -75.53713337711163, 6.285317910205661 ], [ -75.537140153281612, 6.285324690708586 ], [ -75.53715088260472, 6.285332602053909 ], [ -75.537159916722743, 6.285338252304208 ], [ -75.537173467083335, 6.285348422894957 ], [ -75.537182502105352, 6.285354073140263 ], [ -75.537190971385257, 6.285357464041121 ], [ -75.537200006238095, 6.28535972476759 ], [ -75.537215252249567, 6.285363116224207 ], [ -75.537225416503361, 6.285364247655392 ], [ -75.537233321959732, 6.285367638580051 ], [ -75.53724179129793, 6.285372159620685 ], [ -75.537252521347966, 6.285376679632019 ], [ -75.537262117483962, 6.285382329863904 ], [ -75.537269459233187, 6.285387981093995 ], [ -75.537283575169113, 6.285397021506222 ], [ -75.537292045469712, 6.285402672682055 ], [ -75.53729995013525, 6.285408322987019 ], [ -75.537322469462225, 6.285429527222397 ], [ -75.537333827683341, 6.285447877107688 ], [ -75.537343425128697, 6.285461437413626 ], [ -75.537350201536341, 6.285472738474761 ], [ -75.537356976924045, 6.285481779258671 ], [ -75.537360363948025, 6.285490820217714 ], [ -75.537365446111764, 6.2855009903212 ], [ -75.537367138778805, 6.285506640945698 ], [ -75.537369961979451, 6.285515681929392 ], [ -75.537378430934751, 6.285530372428593 ], [ -75.537388593173588, 6.285545063748113 ], [ -75.537394805584356, 6.285552974410711 ], [ -75.537401580417566, 6.285568795137509 ], [ -75.537405776201567, 6.285579713627947 ], [ -75.537407226641491, 6.285583485777621 ], [ -75.537414001973474, 6.285591396419127 ], [ -75.537420210829808, 6.285600437239231 ], [ -75.537425293787038, 6.285608347959654 ], [ -75.537431503890588, 6.285624167810614 ], [ -75.537433761462665, 6.285633208826955 ], [ -75.537439407743094, 6.285649028702541 ], [ -75.537457474107242, 6.28567615116749 ], [ -75.537466508586661, 6.285688582252256 ], [ -75.53747102585595, 6.28569536286478 ], [ -75.537495419519658, 6.285703217802258 ], [ -75.53748991944417, 6.285716430988987 ], [ -75.53749361088434, 6.285721354042593 ], [ -75.537501515910492, 6.285733785184991 ], [ -75.53751055021975, 6.285742826750586 ], [ -75.537519020524044, 6.285748477015295 ], [ -75.537528053925911, 6.285757517680687 ], [ -75.537530493068459, 6.28576077239722 ], [ -75.537534830224985, 6.285766558455079 ], [ -75.537542169449168, 6.285775600112636 ], [ -75.537548381802225, 6.285782379726682 ], [ -75.537553461994108, 6.285789160316957 ], [ -75.537560803080765, 6.285799331201653 ], [ -75.537564754780462, 6.285807241986948 ], [ -75.537568140903943, 6.285816282042514 ], [ -75.537570965133298, 6.285827583299547 ], [ -75.537572094153788, 6.285836623464606 ], [ -75.537572583755704, 6.285838832546892 ], [ -75.537574351785224, 6.285846793715322 ], [ -75.537577739775642, 6.285856963902402 ], [ -75.537582819361361, 6.285869395198712 ], [ -75.53758903099488, 6.285879566141506 ], [ -75.537599758761417, 6.285891997136692 ], [ -75.537605970217783, 6.285898777657652 ], [ -75.537608791323336, 6.285902167943907 ], [ -75.537615004582676, 6.285908947551794 ], [ -75.537624601758594, 6.285916858952 ], [ -75.537633636009801, 6.285924769468772 ], [ -75.537642107166903, 6.285929290489017 ], [ -75.537652271777489, 6.285937200941448 ], [ -75.537661305070813, 6.285943982225463 ], [ -75.537670903872254, 6.285948502290216 ], [ -75.537681632133584, 6.285953023199266 ], [ -75.537693488887356, 6.285956413912517 ], [ -75.537703089441038, 6.285959804731391 ], [ -75.537713253818936, 6.285963195524626 ], [ -75.537723418082095, 6.285964326941016 ], [ -75.537747133282181, 6.28596884897946 ], [ -75.537763507857576, 6.285972239451988 ], [ -75.537772542840017, 6.285976760443851 ], [ -75.537790610874268, 6.285983541251031 ], [ -75.537801340943574, 6.285988062148164 ], [ -75.537809809391646, 6.285992583177795 ], [ -75.537819973945247, 6.285999363485146 ], [ -75.537832395726781, 6.286008404865785 ], [ -75.537834653793851, 6.286009534890631 ], [ -75.537856678186529, 6.286009536434235 ], [ -75.537867971780884, 6.286008406602796 ], [ -75.537877006408877, 6.286006147655015 ], [ -75.537890558802346, 6.28600275923089 ], [ -75.537905239802896, 6.286000499986934 ], [ -75.537915404001311, 6.286000500354835 ], [ -75.537926697719342, 6.286001631706704 ], [ -75.537936861134241, 6.286003892358907 ], [ -75.537945895993019, 6.28600615216255 ], [ -75.537958882262842, 6.286010672948533 ], [ -75.537973563623581, 6.286015194543521 ], [ -75.537991633350174, 6.286019715957228 ], [ -75.538001233840305, 6.286021975725162 ], [ -75.538024949707278, 6.286021978088292 ], [ -75.538040193868071, 6.286024239379499 ], [ -75.538058263590287, 6.286028759886412 ], [ -75.538067297610496, 6.286032150736096 ], [ -75.538080850299082, 6.286034412103415 ], [ -75.53808932139448, 6.286037802069962 ], [ -75.538101743961874, 6.286044583157516 ], [ -75.538114165625984, 6.286051364248979 ], [ -75.53812432837988, 6.286058145461241 ], [ -75.53813279772919, 6.28606266557558 ], [ -75.538140139495425, 6.286068316785705 ], [ -75.538148608844963, 6.286072836899669 ], [ -75.538161596685327, 6.28607283801466 ], [ -75.538164418516288, 6.286072837871767 ], [ -75.538171195256353, 6.286072839315846 ], [ -75.538183618303819, 6.286071709416595 ], [ -75.538184372178918, 6.286071771755498 ], [ -75.538283496735502, 6.28594081248452 ], [ -75.538339274499663, 6.285829208314711 ], [ -75.538361885342951, 6.285799045812641 ], [ -75.538726652489558, 6.285787001564199 ], [ -75.539136639819716, 6.285753847879765 ], [ -75.539103782736319, 6.285607686993562 ], [ -75.539078551428489, 6.285484736473471 ], [ -75.539088258164611, 6.285323044110947 ], [ -75.539106294217333, 6.285155819714379 ], [ -75.539090458805759, 6.285048821797529 ], [ -75.539082553512046, 6.284834827144596 ], [ -75.539098406361006, 6.284632723689363 ], [ -75.539153867621025, 6.284414767733029 ], [ -75.539193473163238, 6.284410807019802 ], [ -75.539454849516815, 6.28458915354898 ], [ -75.539811273143172, 6.284874502523522 ], [ -75.540143934855749, 6.285140034545767 ], [ -75.540531771633113, 6.285343706403975 ], [ -75.540506389989815, 6.285398488685346 ], [ -75.540477036015844, 6.285402217969605 ], [ -75.540452807493509, 6.285406412368011 ], [ -75.540435100871122, 6.285409674571747 ], [ -75.540408075408649, 6.285417133744856 ], [ -75.540390370622674, 6.285423194160985 ], [ -75.540373129349504, 6.285428321089804 ], [ -75.540353094303185, 6.285438109630153 ], [ -75.540334611400667, 6.285456052033637 ], [ -75.540324571058918, 6.285465738653397 ], [ -75.540314291473322, 6.28547602495716 ], [ -75.540310346953262, 6.285483559097222 ], [ -75.540306402520557, 6.285496881353953 ], [ -75.540304727160802, 6.285509320115485 ], [ -75.540303412973557, 6.285516495197005 ], [ -75.540303292977995, 6.28552379104989 ], [ -75.540303053196084, 6.285530608306292 ], [ -75.540302813855973, 6.285539936276144 ], [ -75.54030353067941, 6.285551537957739 ], [ -75.540308356407678, 6.285577741851797 ], [ -75.540313946891047, 6.285593592672925 ], [ -75.540317673313339, 6.285606648906484 ], [ -75.540320468164794, 6.285621566711278 ], [ -75.540322330553622, 6.285636487239875 ], [ -75.540321399081748, 6.28564767561709 ], [ -75.540319999128343, 6.285660263122428 ], [ -75.540317202783214, 6.285679843478556 ], [ -75.540313009005189, 6.285690567629333 ], [ -75.54030741702816, 6.285708284639768 ], [ -75.540300894332034, 6.285721338250183 ], [ -75.540288777818802, 6.285750240987417 ], [ -75.540277593724099, 6.285770756277916 ], [ -75.540264546503423, 6.285794998327552 ], [ -75.54024963609514, 6.285814578796929 ], [ -75.540239384372697, 6.285824836035487 ], [ -75.540227267680734, 6.285834159350929 ], [ -75.540216087041273, 6.285839752276044 ], [ -75.540202107192314, 6.285847212233365 ], [ -75.540182537874188, 6.285851874010858 ], [ -75.540165763270252, 6.285856534862147 ], [ -75.540142464929275, 6.285859331499676 ], [ -75.540121965801745, 6.285860262008264 ], [ -75.540101463967559, 6.285861193433383 ], [ -75.539971225418654, 6.285886154218582 ], [ -75.539994600466372, 6.285905115549381 ], [ -75.540040914202535, 6.285942491531182 ], [ -75.540090059023115, 6.285983448491343 ], [ -75.540172509460035, 6.286044750606552 ], [ -75.540188704622622, 6.286052506010621 ], [ -75.540239357743545, 6.286076760306931 ], [ -75.540371603013597, 6.286060340765641 ], [ -75.54038254795141, 6.286059426850381 ], [ -75.540477851728738, 6.286111449915837 ], [ -75.540491103253686, 6.286122961731002 ], [ -75.540569361819649, 6.286191647209419 ], [ -75.540658265749499, 6.286293365934132 ], [ -75.540745368932974, 6.286324193948887 ], [ -75.540765687971444, 6.286329716920538 ], [ -75.540786629561453, 6.286331889847787 ], [ -75.540807647669169, 6.286330654810065 ], [ -75.540851303296506, 6.286319486549887 ], [ -75.540893988874274, 6.286305047411539 ], [ -75.540935460832074, 6.28628741814144 ], [ -75.540970626165048, 6.286272072575778 ], [ -75.541068898600557, 6.286218869755042 ], [ -75.541140615554795, 6.286180601755861 ], [ -75.541208508230753, 6.286119369867398 ], [ -75.541277718298502, 6.286080094212204 ], [ -75.541393952365453, 6.286119868578451 ], [ -75.541410043186616, 6.286116371891024 ], [ -75.541421639918667, 6.286113852701771 ], [ -75.541444110081031, 6.286133091383996 ], [ -75.541470289430237, 6.286155505342984 ], [ -75.541491948180038, 6.286173810405661 ], [ -75.54150789984827, 6.286177381818673 ], [ -75.54162287865185, 6.286273655525203 ], [ -75.541625302820734, 6.286274195242454 ], [ -75.541634337674964, 6.286276454973926 ], [ -75.541645065745072, 6.286277586278257 ], [ -75.541660312524769, 6.286278716400196 ], [ -75.541670476699196, 6.286278716692787 ], [ -75.541685158619913, 6.286277587478504 ], [ -75.541703228966639, 6.28627758819516 ], [ -75.541720731812092, 6.28627645972591 ], [ -75.541737672637183, 6.286275330373101 ], [ -75.54175292018671, 6.286274201118299 ], [ -75.541766471750137, 6.286273071974868 ], [ -75.541776636758556, 6.286271942124217 ], [ -75.541785105780988, 6.286270812385228 ], [ -75.541799787631291, 6.28626855303109 ], [ -75.541813904823769, 6.28626742384776 ], [ -75.541818852251126, 6.286266953154345 ], [ -75.541863654956174, 6.286289370531243 ], [ -75.541920470894411, 6.286302006675497 ], [ -75.541953944607997, 6.286286641255227 ], [ -75.541969188955036, 6.286292292831645 ], [ -75.541984999831087, 6.28629794346004 ], [ -75.541996859361973, 6.28630246418452 ], [ -75.542001375507084, 6.286304725093908 ], [ -75.542014362683403, 6.286309245757465 ], [ -75.542027914655264, 6.286314896522582 ], [ -75.542034689770119, 6.286318286525598 ], [ -75.542038078200889, 6.286319417358505 ], [ -75.542044291161758, 6.286320547109631 ], [ -75.542056713270341, 6.286319418027669 ], [ -75.542064053742266, 6.28631828834901 ], [ -75.542075346809668, 6.286323939251255 ], [ -75.542084380968134, 6.28632958938783 ], [ -75.542096240361047, 6.286331849836326 ], [ -75.542105275080729, 6.28633185018945 ], [ -75.542112051799208, 6.28633185067689 ], [ -75.542127863237212, 6.286331851517007 ], [ -75.542147061294358, 6.286332982293356 ], [ -75.542159484309934, 6.286331854108656 ], [ -75.542171341686824, 6.286330724154674 ], [ -75.542182635245396, 6.286329595134918 ], [ -75.542188281464107, 6.286327334518394 ], [ -75.542207481539336, 6.286317164819068 ], [ -75.542220470664901, 6.286309254866823 ], [ -75.542230069700395, 6.286302476172754 ], [ -75.542238541151434, 6.286296825867784 ], [ -75.542247009965649, 6.28629230661639 ], [ -75.542253223694217, 6.286291176991865 ], [ -75.542267904144481, 6.286295697548196 ], [ -75.542276373511669, 6.286300218483383 ], [ -75.542292183484065, 6.286305869105463 ], [ -75.542306864838224, 6.286310389655964 ], [ -75.542320983277932, 6.2863149111362 ], [ -75.542330581189788, 6.286319431100653 ], [ -75.542347520549384, 6.286323952418373 ], [ -75.542363897753759, 6.286326213484686 ], [ -75.542376320967747, 6.286328473895749 ], [ -75.54238648520753, 6.286329604310271 ], [ -75.542388744181721, 6.286330734306492 ], [ -75.542402859561079, 6.286329605115857 ], [ -75.54241302373066, 6.286329605393588 ], [ -75.542424317356662, 6.286329606505099 ], [ -75.54243899850529, 6.286330737546543 ], [ -75.542449728374322, 6.286331867920302 ], [ -75.542459892683908, 6.286334128469547 ], [ -75.542471186445553, 6.286336388948336 ], [ -75.542482480071186, 6.286336390058511 ], [ -75.542491514577591, 6.286332999996339 ], [ -75.542501678606087, 6.286330739999978 ], [ -75.542511842638802, 6.286328480907511 ], [ -75.542524266333857, 6.286323960493394 ], [ -75.542531606039262, 6.286325091085243 ], [ -75.542544605375795, 6.286327093730308 ], [ -75.542553628765162, 6.286328481938397 ], [ -75.542568874572581, 6.286328483708848 ], [ -75.542580733892692, 6.286329614009388 ], [ -75.542591461120651, 6.286331874529434 ], [ -75.542596543799633, 6.286334135388512 ], [ -75.542610096535, 6.286337525859139 ], [ -75.542620260914674, 6.286340916540997 ], [ -75.542629858690802, 6.286343177130644 ], [ -75.54264228176271, 6.286343177262654 ], [ -75.542654141016499, 6.286343178329339 ], [ -75.542672774129599, 6.286340918712949 ], [ -75.542687455967851, 6.286338659334642 ], [ -75.542697056100991, 6.286335269229674 ], [ -75.542706091512443, 6.28633188006403 ], [ -75.542716820197882, 6.286328490796576 ], [ -75.542720773142165, 6.286326231181054 ], [ -75.542724161356148, 6.286323970696784 ], [ -75.54273488989972, 6.286318321157078 ], [ -75.542743924265338, 6.286312671723463 ], [ -75.542749571245437, 6.286308151729712 ], [ -75.542759172068429, 6.286301371211691 ], [ -75.542765383566149, 6.286293461678645 ], [ -75.542772726039289, 6.286281031522178 ], [ -75.542778372739988, 6.286271991888625 ], [ -75.542786843136, 6.286264081309826 ], [ -75.542795877575202, 6.286259562915921 ], [ -75.542803219635132, 6.286255042811269 ], [ -75.542810560649713, 6.286248262439119 ], [ -75.542817335963932, 6.286240351970885 ], [ -75.542823549267197, 6.286232442428985 ], [ -75.542834277599169, 6.286223403384797 ], [ -75.542842748967885, 6.28621662293724 ], [ -75.542850089082222, 6.28620984347345 ], [ -75.542858560521381, 6.286204193161648 ], [ -75.542868158984788, 6.286203063335519 ], [ -75.54287211297266, 6.286203063986807 ], [ -75.542874935768566, 6.286204193949603 ], [ -75.542887923844404, 6.286208714584998 ], [ -75.542896392236671, 6.286212105377122 ], [ -75.542909381413963, 6.286205325548798 ], [ -75.542919546058883, 6.286198545902406 ], [ -75.542929710703518, 6.286191766255883 ], [ -75.542943826549248, 6.286183856233396 ], [ -75.542953427513226, 6.286179336889422 ], [ -75.54296472161252, 6.286172558075527 ], [ -75.542972061100755, 6.286170298254288 ], [ -75.542983920414358, 6.286171428546802 ], [ -75.543005378189449, 6.286171429010641 ], [ -75.543015542284422, 6.286170300046256 ], [ -75.543027965277275, 6.286169170034981 ], [ -75.54303417628843, 6.286168040415649 ], [ -75.543045469620438, 6.286163520972231 ], [ -75.543058458655139, 6.286154481774149 ], [ -75.543068057524508, 6.286145441894686 ], [ -75.543069752462102, 6.286143181511891 ], [ -75.543071446001377, 6.286133011087687 ], [ -75.543077093522882, 6.286122840409404 ], [ -75.543087258362277, 6.286104761208194 ], [ -75.543094600963343, 6.28609459041856 ], [ -75.543102506558256, 6.286085550641756 ], [ -75.543109847427459, 6.286076510900638 ], [ -75.543113800989971, 6.28606973164062 ], [ -75.543119448581621, 6.286060691098122 ], [ -75.543127353961623, 6.286048260914366 ], [ -75.54313808323846, 6.286025661135168 ], [ -75.54314542569503, 6.28601323007437 ], [ -75.543147118757929, 6.28600984046884 ], [ -75.543156154419705, 6.285996280073813 ], [ -75.543162930280602, 6.285982720730082 ], [ -75.543168015023994, 6.28597481035028 ], [ -75.543174225322616, 6.285962380278309 ], [ -75.543181568757149, 6.285951080252934 ], [ -75.543184153799302, 6.285946423266999 ], [ -75.543230762834185, 6.285910865697214 ], [ -75.543322613011199, 6.285851300868716 ], [ -75.543354931258008, 6.285841943386315 ], [ -75.543420415214641, 6.285833438007484 ], [ -75.543487599833611, 6.285832588473007 ], [ -75.543528420652592, 6.285835143725306 ], [ -75.543592204040863, 6.285836850370937 ], [ -75.543610162250417, 6.285841486937376 ], [ -75.543618632727359, 6.285849397346333 ], [ -75.543626537435898, 6.285855048429287 ], [ -75.543634442140188, 6.285860698607924 ], [ -75.543644606652578, 6.285866349541368 ], [ -75.54365307594189, 6.285869740317107 ], [ -75.543661547246657, 6.285876519681283 ], [ -75.543668885423813, 6.285882170808205 ], [ -75.543677356588518, 6.285886690805651 ], [ -75.543688650334403, 6.285888951259935 ], [ -75.543694271372289, 6.28588932080545 ], [ -75.543741164513662, 6.285891214512603 ], [ -75.543793776516765, 6.285868993125651 ], [ -75.54383860091464, 6.285839932992277 ], [ -75.54386979732935, 6.285818765150924 ], [ -75.54388772725531, 6.285805131624622 ], [ -75.543908525268563, 6.285790421810698 ], [ -75.54395298954519, 6.28575382677924 ], [ -75.544056589688978, 6.28569245070256 ], [ -75.544207117117267, 6.285785145783308 ], [ -75.544188588756313, 6.285819904907047 ], [ -75.54416829258102, 6.285864978564788 ], [ -75.544164688506058, 6.285886396347737 ], [ -75.544226698911402, 6.285887880995658 ], [ -75.544302654676343, 6.285889700074695 ], [ -75.544302836910944, 6.285893358112566 ], [ -75.544305834442426, 6.285953652947258 ], [ -75.544760669080404, 6.285956768188137 ], [ -75.544805551363822, 6.285577513363878 ], [ -75.544956846108178, 6.285618784239803 ], [ -75.544994047874809, 6.285618131147688 ], [ -75.545022113465023, 6.285603112875617 ], [ -75.545095865594462, 6.28556132120841 ], [ -75.545139595181737, 6.285542383295414 ], [ -75.545232272060005, 6.285530632454607 ], [ -75.545304720422976, 6.285494063816689 ], [ -75.545419168006646, 6.285418492681698 ], [ -75.545459607631798, 6.285350127862461 ], [ -75.545468815977856, 6.285334562208814 ], [ -75.545598922464336, 6.285260911970735 ], [ -75.545663191674223, 6.28522451423762 ], [ -75.545689654459437, 6.285209528162552 ], [ -75.545742216514384, 6.285184327849344 ], [ -75.545771826624033, 6.285170133810412 ], [ -75.545824895286017, 6.285170136622583 ], [ -75.546039427915105, 6.28516922186232 ], [ -75.546119338306696, 6.285137603858447 ], [ -75.546150393054035, 6.285138983237528 ], [ -75.546181353811036, 6.285140358551992 ], [ -75.546184551720188, 6.285139846619443 ], [ -75.54619527883024, 6.285140976936083 ], [ -75.546254846093134, 6.285112058224401 ], [ -75.546312719694953, 6.285076560438335 ], [ -75.546359547743862, 6.28504783849052 ], [ -75.546456310770637, 6.284989201401596 ], [ -75.546612343994937, 6.284894648327326 ], [ -75.546656632563199, 6.284852836427905 ], [ -75.546665667665707, 6.284846056816392 ], [ -75.546676961580289, 6.284838146916211 ], [ -75.546685996682228, 6.284831367304569 ], [ -75.54669616130262, 6.284825716843327 ], [ -75.546706888842593, 6.284820067255852 ], [ -75.54671592319626, 6.284815547913487 ], [ -75.546719877083845, 6.284814418407312 ], [ -75.546730041781402, 6.284809898078223 ], [ -75.546740206561196, 6.284806508785653 ], [ -75.546760535134126, 6.284798599167874 ], [ -75.5467701334575, 6.284796339151204 ], [ -75.546785380895088, 6.284795209771172 ], [ -75.546795545000492, 6.284795209975557 ], [ -75.546805709110217, 6.284795211083868 ], [ -75.546815306764159, 6.284796341468324 ], [ -75.546827166175049, 6.284799731947724 ], [ -75.546836201070121, 6.284803122626989 ], [ -75.546845235965307, 6.284806513306112 ], [ -75.546855963299194, 6.284811034008632 ], [ -75.546872903718921, 6.284818944672518 ], [ -75.546880245350522, 6.284822335464035 ], [ -75.546883067234162, 6.284823465409136 ], [ -75.546913558679748, 6.284837026708907 ], [ -75.54692541793878, 6.284838157824715 ], [ -75.546937841012294, 6.284839288001264 ], [ -75.546949135387223, 6.284838157987022 ], [ -75.546957039620267, 6.284837028217228 ], [ -75.546969463129827, 6.284831378498621 ], [ -75.546979627827938, 6.284826859069524 ], [ -75.546993743775644, 6.284822339373687 ], [ -75.547004474177825, 6.284818950032808 ], [ -75.547008991961462, 6.284818950622014 ], [ -75.547069975685758, 6.284818952726868 ], [ -75.547080139868228, 6.28482008305779 ], [ -75.547102727201363, 6.284823473693431 ], [ -75.547118537940591, 6.284827994029897 ], [ -75.547127572757162, 6.284830254570989 ], [ -75.547137737018502, 6.284832515032869 ], [ -75.547148463370576, 6.284835905600386 ], [ -75.547168792130449, 6.284843816919451 ], [ -75.547182344059763, 6.284849467543889 ], [ -75.547190815136844, 6.284852858250925 ], [ -75.547199850857226, 6.284855118786041 ], [ -75.547211142756481, 6.28485737917581 ], [ -75.547218482894195, 6.284865289594681 ], [ -75.547226954050757, 6.28486981043306 ], [ -75.547234859577145, 6.284874330411188 ], [ -75.547243893649238, 6.284878851218323 ], [ -75.547253491698783, 6.284885632254198 ], [ -75.547270377963272, 6.284912674952118 ], [ -75.547282288296714, 6.284966996171984 ], [ -75.547286239512331, 6.284979426455778 ], [ -75.547289626829851, 6.284990726642662 ], [ -75.547292451077723, 6.284999767500421 ], [ -75.547296401628941, 6.285015588184451 ], [ -75.547302613116202, 6.285034799096594 ], [ -75.547307130783466, 6.285046099199127 ], [ -75.54731051818635, 6.285058530421672 ], [ -75.547313906249968, 6.285067570339518 ], [ -75.547320681244258, 6.285082261591443 ], [ -75.547324632144253, 6.285090171346022 ], [ -75.547330279182788, 6.285100342140369 ], [ -75.547335362243317, 6.285108252705953 ], [ -75.547341572197865, 6.285118423468957 ], [ -75.547348347539796, 6.285125203791522 ], [ -75.547356253155357, 6.285130854801877 ], [ -75.547365287228558, 6.285135374700584 ], [ -75.547376580945084, 6.285137635979278 ], [ -75.547385052767211, 6.285138765508321 ], [ -75.547396909239652, 6.28513876649149 ], [ -75.547409897863332, 6.28513876647725 ], [ -75.547421191260369, 6.28513650722714 ], [ -75.547436436891473, 6.285135377833416 ], [ -75.547446037179341, 6.285135378058084 ], [ -75.547456765025274, 6.285134248079467 ], [ -75.547469188026568, 6.285134249012252 ], [ -75.547482176733809, 6.285135380032245 ], [ -75.54749290375581, 6.2851353801892 ], [ -75.54750306786228, 6.285135380377189 ], [ -75.547516056489243, 6.285135381264427 ], [ -75.547531302118969, 6.285134251868033 ], [ -75.547547112546695, 6.285134251658881 ], [ -75.547562923801991, 6.285133122217137 ], [ -75.54757350045135, 6.285132115931563 ], [ -75.547574783806652, 6.285131993046908 ], [ -75.547583252681022, 6.28512973309449 ], [ -75.547592287928808, 6.285125213733497 ], [ -75.547606406185423, 6.285115044252043 ], [ -75.547614310999563, 6.285109393939697 ], [ -75.54762797383718, 6.285096249457521 ], [ -75.547662311687034, 6.285063212426254 ], [ -75.547673575098869, 6.285054052279168 ], [ -75.547691673964252, 6.285039334729604 ], [ -75.547699177757551, 6.28503483096917 ], [ -75.547708614919912, 6.285029164146381 ], [ -75.547724425587916, 6.285032555232277 ], [ -75.547735155132401, 6.285042725657254 ], [ -75.547742493793592, 6.285055156599947 ], [ -75.547747576858001, 6.285063067159194 ], [ -75.547765646134991, 6.285087929688122 ], [ -75.547772984632246, 6.28509809946243 ], [ -75.547778631435946, 6.285104879853478 ], [ -75.547785406942253, 6.285113920431392 ], [ -75.547793312054878, 6.285125221191689 ], [ -75.547799524807743, 6.285136522063954 ], [ -75.547808558462407, 6.285147822747393 ], [ -75.547823803564242, 6.285164773648575 ], [ -75.547827756944173, 6.285169293892173 ], [ -75.547829450369434, 6.285171554038559 ], [ -75.547835662058787, 6.285180594651067 ], [ -75.547867283380384, 6.285199806453477 ], [ -75.547906244292989, 6.285219018639366 ], [ -75.547925441395847, 6.285233709897328 ], [ -75.547931653671355, 6.285238230881445 ], [ -75.547957062625699, 6.285264222106571 ], [ -75.548002235223876, 6.285304905437274 ], [ -75.548035551790633, 6.285326377360285 ], [ -75.548040631831014, 6.285329768305498 ], [ -75.548059830585274, 6.285342199283737 ], [ -75.548077900070112, 6.285344460059891 ], [ -75.548120436333235, 6.285342510479719 ], [ -75.548155579075086, 6.285318536770722 ], [ -75.548179542908699, 6.285257799678979 ], [ -75.548196706305703, 6.285206285068162 ], [ -75.548202134267527, 6.285202078926907 ], [ -75.548221334526701, 6.285185130086094 ], [ -75.548260861742918, 6.285176090710323 ], [ -75.548298695525915, 6.28517722263539 ], [ -75.548331447379766, 6.285173833493138 ], [ -75.548377751012509, 6.285173835575565 ], [ -75.548413889465991, 6.285184006864411 ], [ -75.548453416503818, 6.28519756920086 ], [ -75.548462450662399, 6.285203219207321 ], [ -75.5485048005811, 6.285206611962498 ], [ -75.548538680396703, 6.285207743257414 ], [ -75.54855764459532, 6.28520837588272 ], [ -75.548564906436837, 6.285332119691625 ], [ -75.548457348401186, 6.285475245020426 ], [ -75.54846218553871, 6.285500374543982 ], [ -75.548620418998183, 6.285505563749541 ], [ -75.548705597074033, 6.285499407327783 ], [ -75.548761566099543, 6.28548902831293 ], [ -75.548789608652939, 6.285491210591933 ], [ -75.548822827822761, 6.285493793458484 ], [ -75.54887949423086, 6.285513619886476 ], [ -75.54892765180827, 6.285530468996932 ], [ -75.548948660910284, 6.285472700022075 ], [ -75.548948674287161, 6.285472663792657 ], [ -75.548973529794225, 6.285404315212423 ], [ -75.548998246213756, 6.285336350652187 ], [ -75.549009346800673, 6.28530582637771 ], [ -75.54900441445217, 6.285282671898054 ], [ -75.549001417515356, 6.285268605985856 ], [ -75.549038981717942, 6.285254092731849 ], [ -75.549061005627678, 6.285238272888112 ], [ -75.549066086808764, 6.285232622768198 ], [ -75.549072300060757, 6.285225842421063 ], [ -75.549076251630751, 6.285217932123675 ], [ -75.54908189811178, 6.285207763243824 ], [ -75.549083594324586, 6.285198722965492 ], [ -75.549085287252808, 6.285194202322629 ], [ -75.549086416283544, 6.285188552490745 ], [ -75.549086416686166, 6.28518177170346 ], [ -75.549094889315427, 6.285169341436578 ], [ -75.549078294870696, 6.285035461169206 ], [ -75.549131301168927, 6.284232782626844 ], [ -75.55092486601032, 6.284679619567484 ], [ -75.550924853396651, 6.285080960191964 ], [ -75.551303245901792, 6.285111262381625 ], [ -75.551318376055235, 6.285262711700855 ], [ -75.551382598147242, 6.285298148260635 ], [ -75.551842711660569, 6.285330661211099 ], [ -75.55185028424394, 6.285331196536724 ], [ -75.55186678685638, 6.285444060102389 ], [ -75.551869533912196, 6.285554171833492 ], [ -75.5518929618882, 6.285870755601469 ], [ -75.551899610286597, 6.285867800174509 ], [ -75.551909210378838, 6.285865540959777 ], [ -75.551926714763326, 6.285863281121768 ], [ -75.551943655149074, 6.285858761068122 ], [ -75.551961724077898, 6.285854241832189 ], [ -75.551976405753436, 6.285851981310171 ], [ -75.551985441127599, 6.285849723043502 ], [ -75.551997280983102, 6.285846877881426 ], [ -75.551830421547507, 6.286488277477373 ], [ -75.552583356704332, 6.286686564037717 ], [ -75.552659765646197, 6.286715592198683 ], [ -75.552696284081478, 6.286861774389063 ], [ -75.552762337718733, 6.286888090172598 ], [ -75.552858598356281, 6.28692537701883 ], [ -75.55297038390583, 6.286962665744984 ], [ -75.553041223166375, 6.286989429138389 ], [ -75.553132539272127, 6.286998882890103 ], [ -75.553356104379461, 6.28702094363922 ], [ -75.553474184262555, 6.287031975297433 ], [ -75.553543455290352, 6.28709971744328 ], [ -75.55358281734658, 6.287101293506552 ], [ -75.55365838847267, 6.287099719924654 ], [ -75.553754426573263, 6.287112325682401 ], [ -75.553847316367822, 6.287145412046478 ], [ -75.553948075851281, 6.287205277377166 ], [ -75.554038562294295, 6.287276507720255 ], [ -75.554094454101545, 6.287326224083012 ], [ -75.554175189455236, 6.287341759695145 ], [ -75.554296290834401, 6.287347977392613 ], [ -75.554564347562376, 6.287323151260109 ], [ -75.554679929062658, 6.287315301827832 ], [ -75.554699006366988, 6.287620700588174 ], [ -75.554659563628519, 6.288643635750283 ], [ -75.555227812870058, 6.288749291671983 ], [ -75.555206071649749, 6.28899474916101 ], [ -75.555249542924358, 6.28908485614311 ], [ -75.555299224533101, 6.289140783962664 ], [ -75.555330234938808, 6.289152310528097 ], [ -75.555309609268079, 6.28916873766923 ], [ -75.555289845434345, 6.28918568768463 ], [ -75.555280809648522, 6.289193597558835 ], [ -75.555263305012787, 6.28920376752312 ], [ -75.555241280880978, 6.289215068022398 ], [ -75.555233375143487, 6.289219587416654 ], [ -75.555214742664873, 6.28922749722164 ], [ -75.555196672098191, 6.289234276864317 ], [ -75.555178602438801, 6.289241057406208 ], [ -75.555161096589984, 6.289247836093804 ], [ -75.55515432030262, 6.289252356291163 ], [ -75.555145285320847, 6.289259136938929 ], [ -75.555127214348445, 6.289271567209624 ], [ -75.555111969699695, 6.289283996312326 ], [ -75.555095591993023, 6.289296426436728 ], [ -75.555079780720618, 6.289307727281056 ], [ -75.555063405818473, 6.289321286612767 ], [ -75.555049286904264, 6.289332586411398 ], [ -75.555032912812806, 6.289345017421414 ], [ -75.555014841929534, 6.289358576911547 ], [ -75.554998465321106, 6.289373267280608 ], [ -75.554980959963274, 6.289385696590696 ], [ -75.554967408679488, 6.289399256575574 ], [ -75.554954985040126, 6.289412817373337 ], [ -75.55493747847666, 6.289421856311719 ], [ -75.554916020556547, 6.289429766369344 ], [ -75.554897950883856, 6.289436546905676 ], [ -75.554878751558633, 6.289441066386762 ], [ -75.554859551933731, 6.28944219549149 ], [ -75.554839789391565, 6.289443324636564 ], [ -75.554818330874383, 6.289444454843351 ], [ -75.554798565620814, 6.289445584000223 ], [ -75.554779367805878, 6.289446713997346 ], [ -75.554758474910557, 6.289447843243502 ], [ -75.554739840106862, 6.289450102419638 ], [ -75.554727982393302, 6.289456882403978 ], [ -75.554703136130144, 6.289454621620033 ], [ -75.55469184335233, 6.289453491575847 ], [ -75.554676031874024, 6.289452361029173 ], [ -75.554663043017541, 6.289450101016725 ], [ -75.554642715454307, 6.289447840732003 ], [ -75.554628598654659, 6.289442189528583 ], [ -75.55461899855473, 6.289434279489324 ], [ -75.5546116583496, 6.289427498468393 ], [ -75.554602624583083, 6.289417328119264 ], [ -75.554594718557027, 6.289408287804955 ], [ -75.554588506897147, 6.289401506688733 ], [ -75.554580601069702, 6.289394726625036 ], [ -75.55456987432845, 6.289387945891579 ], [ -75.554559709489268, 6.289390206130146 ], [ -75.554545590871498, 6.28939472606663 ], [ -75.554532038685579, 6.289398115818898 ], [ -75.554513968805608, 6.289402636092361 ], [ -75.554503240945181, 6.289403765341054 ], [ -75.554493640626845, 6.289403764373824 ], [ -75.554483476294592, 6.28940150410437 ], [ -75.554474440803489, 6.289402634117029 ], [ -75.554462583790809, 6.289407153840664 ], [ -75.554450724876432, 6.289410544351362 ], [ -75.55444225540316, 6.289416193908206 ], [ -75.554429265919708, 6.289427494501673 ], [ -75.554422489813547, 6.289434274040237 ], [ -75.554415149081791, 6.289442183753831 ], [ -75.554396513846527, 6.289460264686475 ], [ -75.554385785963973, 6.289471564164799 ], [ -75.554375621101187, 6.289483994632343 ], [ -75.55436658629398, 6.28949303461963 ], [ -75.55436037310777, 6.289499815021546 ], [ -75.55435133819698, 6.289507723978994 ], [ -75.554341739473969, 6.289515634789467 ], [ -75.554331009391959, 6.289522414677596 ], [ -75.55431632672807, 6.289534844635515 ], [ -75.554308987603193, 6.289540494088487 ], [ -75.554299387071751, 6.289548404907524 ], [ -75.554292046139381, 6.289554054369204 ], [ -75.554283011235299, 6.289561965134429 ], [ -75.55427171723197, 6.289567614941116 ], [ -75.554263811381958, 6.289571005104453 ], [ -75.554248000991763, 6.289572133888983 ], [ -75.554236141770915, 6.289572133115357 ], [ -75.554224848280697, 6.28957326331774 ], [ -75.554208473071469, 6.289573262928614 ], [ -75.554193791842962, 6.289571003043761 ], [ -75.554184191228629, 6.289567612598582 ], [ -75.554171767891475, 6.289564221490661 ], [ -75.554161603456407, 6.28956083108979 ], [ -75.554146922836708, 6.289555180821287 ], [ -75.554136758401796, 6.28955179041975 ], [ -75.554124901404421, 6.289546139904723 ], [ -75.554116429335849, 6.289542749364151 ], [ -75.554100055348897, 6.289535969110897 ], [ -75.554082549807632, 6.289525797682046 ], [ -75.554072950489939, 6.289526927733604 ], [ -75.554057140396807, 6.289531447794018 ], [ -75.554036245362255, 6.289539357782363 ], [ -75.554019305009135, 6.289545007166273 ], [ -75.554005189087775, 6.289549527078392 ], [ -75.553996717700116, 6.289554046513632 ], [ -75.55398147181721, 6.289563087031855 ], [ -75.553969612175507, 6.289568735982646 ], [ -75.55395888440836, 6.289570996252115 ], [ -75.553949283668558, 6.289576645910889 ], [ -75.553939684935642, 6.289584556716886 ], [ -75.553928955235264, 6.28959585710374 ], [ -75.553919919508104, 6.28960489618747 ], [ -75.553912014039938, 6.289612805946924 ], [ -75.55390241488665, 6.289626366483571 ], [ -75.553897896964187, 6.289635406984103 ], [ -75.553893943053851, 6.289646706788279 ], [ -75.55389055467819, 6.28965687731707 ], [ -75.553889732717693, 6.289659894705597 ], [ -75.553928273738549, 6.289721993408542 ], [ -75.553914268680543, 6.289783442225877 ], [ -75.553923302256166, 6.28979135324162 ], [ -75.553928949384101, 6.289800393764411 ], [ -75.553931773079995, 6.289811693880289 ], [ -75.553933465813543, 6.289826384481213 ], [ -75.553935724175673, 6.289841075028606 ], [ -75.553935724439881, 6.289854634737621 ], [ -75.553934594061232, 6.289864805074988 ], [ -75.553927817947098, 6.28987158551605 ], [ -75.553914831150621, 6.289882886092331 ], [ -75.553908054132421, 6.289889666537692 ], [ -75.553900712478352, 6.289897575349975 ], [ -75.553895064909582, 6.289904355697214 ], [ -75.553888854004938, 6.289916785815519 ], [ -75.55388377084526, 6.289930346874803 ], [ -75.553878689096081, 6.289939386516737 ], [ -75.55387134725386, 6.289945036885018 ], [ -75.553861749315786, 6.289951816658109 ], [ -75.553850455101596, 6.289955206208607 ], [ -75.553834644382576, 6.289963116651042 ], [ -75.553826737809985, 6.289968766163926 ], [ -75.553814879065712, 6.289974416015172 ], [ -75.55380415077255, 6.289981195890081 ], [ -75.553795678672955, 6.289987976486366 ], [ -75.553786644750005, 6.289997016466672 ], [ -75.553778174643853, 6.290006055498225 ], [ -75.553771962445111, 6.290013966020419 ], [ -75.553762362990526, 6.290024136180121 ], [ -75.553762162790605, 6.290024401156622 ] ] ] ] } },
{ "type": "Feature", "properties": { "comuna": "07", "sector": 2, "nombre": "ROBLEDO", "fecha_sinc": "2026-06-17", "Shape_Leng": 22895.499701799999, "Shape_Area": 9280116.0591499992 }, "geometry": { "type": "MultiPolygon", "coordinates": [ [ [ [ -75.591906352646802, 6.2950737484545 ], [ -75.591900439603094, 6.295066046175814 ], [ -75.591888087818987, 6.295052314054824 ], [ -75.591882926638178, 6.2950459099091 ], [ -75.591876025351652, 6.295037343722232 ], [ -75.591847635857107, 6.29500779942604 ], [ -75.591842578820589, 6.295002535704518 ], [ -75.591829705031472, 6.294989034000206 ], [ -75.591829670513803, 6.294988997104584 ], [ -75.591794261331742, 6.294949602512539 ], [ -75.591794224103566, 6.294949565630391 ], [ -75.591788445529787, 6.294944198810419 ], [ -75.591780120783042, 6.294936466014684 ], [ -75.59178007818754, 6.294936440008028 ], [ -75.591779730195341, 6.294936231990927 ], [ -75.591779686696327, 6.294936205988794 ], [ -75.591765943885846, 6.294928023652671 ], [ -75.591765901294849, 6.294927998550132 ], [ -75.591763876798922, 6.294926792623659 ], [ -75.591763835992523, 6.294926762991849 ], [ -75.591757197573102, 6.294921826260693 ], [ -75.59175715676669, 6.294921796628884 ], [ -75.591753463914245, 6.29491904940362 ], [ -75.59175342310786, 6.294919019771802 ], [ -75.591747820342903, 6.294914850881088 ], [ -75.591747779527537, 6.294914819441193 ], [ -75.591732776312227, 6.294902819126904 ], [ -75.591732734606779, 6.29490279040361 ], [ -75.591716903063897, 6.294891745288819 ], [ -75.59171687428578, 6.294891772554002 ], [ -75.591716749319787, 6.294891898840955 ], [ -75.591716717853529, 6.294891930639873 ], [ -75.591705495052139, 6.294882660841793 ], [ -75.591701519947492, 6.294879479253557 ], [ -75.591685942628999, 6.2948683180573 ], [ -75.591672862321673, 6.294853436849394 ], [ -75.591664354848646, 6.294842928544155 ], [ -75.591661050225795, 6.294838846783589 ], [ -75.591661016616172, 6.294838810787507 ], [ -75.591648320176745, 6.294825358822568 ], [ -75.591648285668086, 6.294825323735019 ], [ -75.59163518925466, 6.294812113335547 ], [ -75.591635152062352, 6.294812083685769 ], [ -75.591620390222204, 6.294800472727682 ], [ -75.591620353034372, 6.294800443981942 ], [ -75.59161251946432, 6.294794279120475 ], [ -75.591605583000344, 6.294788820406793 ], [ -75.591605547606108, 6.294788788939902 ], [ -75.591600500631699, 6.294784095635451 ], [ -75.591591448762529, 6.294775679348334 ], [ -75.591591412478252, 6.29477565059809 ], [ -75.591576406528048, 6.294763643961252 ], [ -75.591576370248234, 6.294763616115072 ], [ -75.591560970666549, 6.294751854628279 ], [ -75.591560932606612, 6.294751832215375 ], [ -75.591551536035411, 6.294746239256524 ], [ -75.591544723998226, 6.294742184856034 ], [ -75.591526791112756, 6.294734112819774 ], [ -75.59150972097946, 6.294726560862091 ], [ -75.591494366422495, 6.294720233543121 ], [ -75.591491653866896, 6.29471911601464 ], [ -75.591474729671916, 6.294710929574219 ], [ -75.59147469341454, 6.294710906248296 ], [ -75.591459006361532, 6.29470039019149 ], [ -75.591458973682364, 6.294700359615212 ], [ -75.591448727390201, 6.294690497310519 ], [ -75.591447279330339, 6.29468910408861 ], [ -75.591445499889446, 6.294687390661432 ], [ -75.591445472613458, 6.294687356442009 ], [ -75.591433579798391, 6.294671792174883 ], [ -75.591433553421453, 6.294671757046925 ], [ -75.591426624077982, 6.294662267927797 ], [ -75.591426597696568, 6.2946622318958 ], [ -75.591422288354067, 6.294656331602016 ], [ -75.591422267384772, 6.294656293734965 ], [ -75.591413068700604, 6.294639042646695 ], [ -75.591413054959489, 6.29463900474381 ], [ -75.591406881615541, 6.29462144571314 ], [ -75.591405131472683, 6.29461070043097 ], [ -75.591405083014536, 6.294610403230904 ], [ -75.591404971211517, 6.294609722113488 ], [ -75.591403870491717, 6.294602939783745 ], [ -75.591401421259647, 6.294593156292156 ], [ -75.591399223732708, 6.294584388635137 ], [ -75.591396985431317, 6.294565395188115 ], [ -75.591394739906704, 6.294546402680941 ], [ -75.591393132993886, 6.294527553463018 ], [ -75.591393958118758, 6.29452230844327 ], [ -75.591391209493082, 6.294496244950995 ], [ -75.591372419730561, 6.294508694238173 ], [ -75.591322704202582, 6.294541685774525 ], [ -75.591321368640351, 6.294542571166613 ], [ -75.591301342474623, 6.294555860148598 ], [ -75.591228922393753, 6.294605365235307 ], [ -75.591183484826431, 6.294638480177757 ], [ -75.591112524817774, 6.294694721505122 ], [ -75.59094827882241, 6.29484595787919 ], [ -75.590882730941487, 6.294905106955929 ], [ -75.590848682696418, 6.294936624801188 ], [ -75.590827032414538, 6.294909012426874 ], [ -75.590827004517465, 6.294909035167264 ], [ -75.590622173501046, 6.295074223970397 ], [ -75.590339775177128, 6.295306535738615 ], [ -75.590288992572496, 6.295348309296853 ], [ -75.590283706721948, 6.295352659728594 ], [ -75.590281432104035, 6.295350392748158 ], [ -75.590260239501518, 6.295356230685779 ], [ -75.590235843692938, 6.295362951530904 ], [ -75.590193709527995, 6.295348901582889 ], [ -75.590184146004177, 6.29534262232883 ], [ -75.590144103466159, 6.295302858212855 ], [ -75.590044292852994, 6.295200307931015 ], [ -75.589975560348734, 6.295127056364558 ], [ -75.589914598496335, 6.295059486306355 ], [ -75.589785501530272, 6.294910294431309 ], [ -75.589736259192776, 6.294854309772039 ], [ -75.589713752484499, 6.294828720378022 ], [ -75.589394269335457, 6.294482854588962 ], [ -75.589389564464128, 6.294450010233111 ], [ -75.589365896155456, 6.294423938371493 ], [ -75.589235428839672, 6.294339478579449 ], [ -75.589018595535762, 6.294088347566073 ], [ -75.588989412606537, 6.294054548760947 ], [ -75.5889355661715, 6.294042919101655 ], [ -75.588588274599488, 6.293699565340459 ], [ -75.588422857182948, 6.2935360244257 ], [ -75.588425241260452, 6.293533577924038 ], [ -75.588456725023221, 6.293501435556218 ], [ -75.588064675560261, 6.29323055605648 ], [ -75.588064903036113, 6.293230329813465 ], [ -75.588064806931698, 6.293230263388218 ], [ -75.588020854731994, 6.293191156637093 ], [ -75.588020766692125, 6.293191076610666 ], [ -75.587973892186781, 6.29314936342012 ], [ -75.58797379870343, 6.293149278900285 ], [ -75.587967466194542, 6.293142429360554 ], [ -75.587969961500932, 6.293140001295022 ], [ -75.588139851785115, 6.292974686568587 ], [ -75.588205369182603, 6.292907314470376 ], [ -75.588226192176762, 6.292878663185285 ], [ -75.588296336145092, 6.29282488626257 ], [ -75.588385148928481, 6.292759222184833 ], [ -75.588384156658421, 6.292757178465662 ], [ -75.588375531115005, 6.292739411815114 ], [ -75.588380620790403, 6.292722996565349 ], [ -75.588380811427598, 6.292722812092525 ], [ -75.588444542547236, 6.292661295512143 ], [ -75.588463776015047, 6.292654502747409 ], [ -75.588484708453919, 6.292660727501302 ], [ -75.588492466819801, 6.292665949858673 ], [ -75.588515822591035, 6.292681668966178 ], [ -75.588553707943916, 6.292634027019899 ], [ -75.58868552317459, 6.292468266372232 ], [ -75.588807142706173, 6.292310334957233 ], [ -75.588997214556443, 6.292241836219223 ], [ -75.58903808399063, 6.292222604546651 ], [ -75.589038326326872, 6.292222824843747 ], [ -75.589093541226063, 6.292203404500681 ], [ -75.589119419335816, 6.292192789785982 ], [ -75.589119772807166, 6.292192645188976 ], [ -75.589117188010562, 6.29219050268823 ], [ -75.58900041854551, 6.292093712669208 ], [ -75.588887912362125, 6.292000458105315 ], [ -75.588855139270862, 6.291973293075737 ], [ -75.588784032464048, 6.291914350853969 ], [ -75.588699040005537, 6.29184389894652 ], [ -75.588698891215373, 6.291843775825697 ], [ -75.588442276368454, 6.291631064732374 ], [ -75.588441979696356, 6.291630819389987 ], [ -75.588441256732949, 6.291630245268618 ], [ -75.588439477581545, 6.291628768689576 ], [ -75.588192031721732, 6.291423657716291 ], [ -75.588189178385676, 6.291421293231727 ], [ -75.588167875885844, 6.291403638220198 ], [ -75.588065060422409, 6.291318412351713 ], [ -75.588062758661991, 6.291317592008689 ], [ -75.588056516195621, 6.291312133390036 ], [ -75.588051825288957, 6.291307441875653 ], [ -75.587917800984073, 6.291196348575401 ], [ -75.587907062613269, 6.291187442385485 ], [ -75.587861378392532, 6.2911495772896 ], [ -75.587823871317553, 6.291118489312896 ], [ -75.587593157623246, 6.290927251187407 ], [ -75.587513283332711, 6.290861044457001 ], [ -75.587512515790195, 6.290860408172979 ], [ -75.587509166187246, 6.290857632073496 ], [ -75.587353177319159, 6.290728328935154 ], [ -75.587037634280463, 6.290466769283427 ], [ -75.586893717492998, 6.290347448612701 ], [ -75.586733867438028, 6.290214908702354 ], [ -75.586691842517055, 6.290180110929454 ], [ -75.586569556844893, 6.290078746459887 ], [ -75.58653276711135, 6.290047250651162 ], [ -75.586532414510486, 6.290040447398218 ], [ -75.586538591601311, 6.289978078783479 ], [ -75.586559433234456, 6.289912995828112 ], [ -75.586559581496147, 6.289912829647485 ], [ -75.586614245325336, 6.289851782254528 ], [ -75.586616991866194, 6.28984972995559 ], [ -75.58663939809, 6.289832986658913 ], [ -75.586671533786259, 6.289808974302397 ], [ -75.586675942987981, 6.289805674277464 ], [ -75.586745492414309, 6.289782040771334 ], [ -75.58675408426032, 6.289777131565356 ], [ -75.586784884693301, 6.289759547486979 ], [ -75.586789351352891, 6.289754894675766 ], [ -75.586802483487958, 6.289741221449201 ], [ -75.586807888631569, 6.289735596626088 ], [ -75.58680643233177, 6.28973472417042 ], [ -75.586773230180128, 6.289714839766533 ], [ -75.586595781438874, 6.289364942434047 ], [ -75.586458777754004, 6.289096845516096 ], [ -75.586276082551734, 6.288881574927558 ], [ -75.586273823428201, 6.288836386695087 ], [ -75.586228081966823, 6.288775366339467 ], [ -75.586164270618781, 6.288750508178935 ], [ -75.586146764069468, 6.288729019006236 ], [ -75.586124176994474, 6.288670263538867 ], [ -75.586122482199727, 6.288665743397969 ], [ -75.586117408864794, 6.288653321155764 ], [ -75.586121351513682, 6.288651051385324 ], [ -75.586121351822186, 6.288646545454698 ], [ -75.586117399335251, 6.28863750615126 ], [ -75.586113447101269, 6.288630710770244 ], [ -75.58611005702619, 6.288618282906998 ], [ -75.586104975174848, 6.288609254618638 ], [ -75.58610102170995, 6.288605864908592 ], [ -75.586090856675597, 6.288597954815305 ], [ -75.586082951715255, 6.288592304579661 ], [ -75.586081258823853, 6.288594565020694 ], [ -75.586072787418402, 6.288583264383507 ], [ -75.586069398496747, 6.288578744491995 ], [ -75.586062058492885, 6.288568575584867 ], [ -75.586046247171083, 6.288553884822785 ], [ -75.586036082304801, 6.288547104825527 ], [ -75.58601575438442, 6.288533545725143 ], [ -75.585992036299388, 6.288513204731688 ], [ -75.58597678847994, 6.288508685681317 ], [ -75.585954767094336, 6.288499646314338 ], [ -75.585938390018285, 6.288496256622695 ], [ -75.585903945425827, 6.288483826974613 ], [ -75.585892651309464, 6.288478177237288 ], [ -75.585887004046313, 6.288477047065679 ], [ -75.585875145552777, 6.288473657606856 ], [ -75.585855946331918, 6.288473658616675 ], [ -75.585839571560768, 6.288473659206424 ], [ -75.585829408355977, 6.288478180183604 ], [ -75.585815855157989, 6.288477050268715 ], [ -75.585794961070462, 6.288478181627762 ], [ -75.585736799588219, 6.288478182916783 ], [ -75.585730023884892, 6.288471402409569 ], [ -75.585722680944855, 6.288460089848773 ], [ -75.585716473438254, 6.288427330526511 ], [ -75.585707434385753, 6.288420551276334 ], [ -75.58569501216337, 6.288411511395523 ], [ -75.58568202276318, 6.288397951213359 ], [ -75.585665647153476, 6.288367441840244 ], [ -75.585657741130703, 6.288360661501071 ], [ -75.585654923341465, 6.288357257123961 ], [ -75.585711161784559, 6.288275495023515 ], [ -75.585552832054972, 6.288192587120652 ], [ -75.585339751056082, 6.28810040030314 ], [ -75.585320379762734, 6.288084780550522 ], [ -75.585206194018099, 6.287992708178774 ], [ -75.585059121401386, 6.287889292266049 ], [ -75.584879629939806, 6.287743261050304 ], [ -75.584857240462014, 6.287717686009774 ], [ -75.584827903624003, 6.287665763385434 ], [ -75.584806976957537, 6.287611659193372 ], [ -75.584762282797087, 6.287496109261175 ], [ -75.584656700771319, 6.287357047050755 ], [ -75.584608877572919, 6.287243108261539 ], [ -75.584618839074864, 6.287176364103905 ], [ -75.58462567487264, 6.287055774844646 ], [ -75.584625668131508, 6.286847929607085 ], [ -75.584611986222512, 6.286750873777586 ], [ -75.584564637783586, 6.286510972563691 ], [ -75.584518191121333, 6.286275636990981 ], [ -75.584492707624847, 6.286189063550782 ], [ -75.584328049150329, 6.286675173619531 ], [ -75.584285706318823, 6.286661710621548 ], [ -75.584218918037379, 6.286661712735008 ], [ -75.584179804759074, 6.28665471781942 ], [ -75.584152378568248, 6.286647515932413 ], [ -75.584133229544022, 6.286642488108681 ], [ -75.584131367968482, 6.286632000941963 ], [ -75.584122054361927, 6.286600539799745 ], [ -75.584125776922278, 6.286595784010411 ], [ -75.584101561114849, 6.286518908661529 ], [ -75.584069889920642, 6.286380860317474 ], [ -75.584036359894057, 6.286263791300092 ], [ -75.584031744388426, 6.286254774222405 ], [ -75.584014001246018, 6.286220101872314 ], [ -75.583991647442303, 6.286186906079537 ], [ -75.583985619178236, 6.286175950405099 ], [ -75.583982330622803, 6.286169974420297 ], [ -75.583918103039565, 6.286107411384144 ], [ -75.583856928688618, 6.286054948090936 ], [ -75.583703122280951, 6.285998990110786 ], [ -75.583542323957175, 6.285944781677435 ], [ -75.583416483231218, 6.285902814313658 ], [ -75.583337832215221, 6.285876584242398 ], [ -75.583236457159757, 6.28579614115639 ], [ -75.583154309205781, 6.285712200046105 ], [ -75.583058179209615, 6.285631756291196 ], [ -75.582888642622024, 6.285598534714896 ], [ -75.582772099862424, 6.285584317169555 ], [ -75.582731468751263, 6.285647076767076 ], [ -75.582727073448879, 6.285669854214262 ], [ -75.582643974139671, 6.285651631742829 ], [ -75.582541957870077, 6.285629260780752 ], [ -75.582535626474154, 6.285628093254153 ], [ -75.582519346216642, 6.285625082645121 ], [ -75.582506718684016, 6.2856227519374 ], [ -75.582492371957585, 6.285620101542633 ], [ -75.582483721782424, 6.285618504281166 ], [ -75.582476901767976, 6.285614995788849 ], [ -75.582403124350364, 6.285598815639111 ], [ -75.582403574709872, 6.285596333518201 ], [ -75.582403950300971, 6.285594263123766 ], [ -75.582423713428199, 6.285485174827149 ], [ -75.582426237753751, 6.285472512445575 ], [ -75.582426008239722, 6.285472509059186 ], [ -75.582387414996035, 6.285446012162333 ], [ -75.582402888900361, 6.285321144425607 ], [ -75.58240647147484, 6.2852979053899 ], [ -75.582333880819263, 6.285236209687559 ], [ -75.582305158110131, 6.285195496145741 ], [ -75.582267325456215, 6.285169505373364 ], [ -75.582201821651736, 6.285133346577712 ], [ -75.582119942460054, 6.285118658336959 ], [ -75.582040887467926, 6.285122050423602 ], [ -75.581944893266709, 6.285146914040226 ], [ -75.581856804609757, 6.285155956937745 ], [ -75.581822360102748, 6.285142396787239 ], [ -75.581789042305601, 6.285128837396967 ], [ -75.581776620235615, 6.285126577977028 ], [ -75.581693047056774, 6.285113019093006 ], [ -75.581686271311995, 6.285111889006756 ], [ -75.581645051236677, 6.285105109472567 ], [ -75.581602873093757, 6.285088190865266 ], [ -75.581589260585787, 6.285082536162836 ], [ -75.581425273890886, 6.285014389917871 ], [ -75.581397442114735, 6.285003346584608 ], [ -75.581358765664959, 6.284987993705448 ], [ -75.581269042883875, 6.284946556991616 ], [ -75.581245286766418, 6.284931446847659 ], [ -75.58122628458112, 6.284919358175504 ], [ -75.581191227770475, 6.284907868630444 ], [ -75.581134034998769, 6.284900345207332 ], [ -75.581113063944372, 6.284897584629942 ], [ -75.580922089207249, 6.284869461375876 ], [ -75.580831126848295, 6.284856065384437 ], [ -75.580736530054466, 6.284840934302916 ], [ -75.580689476711328, 6.284833408680772 ], [ -75.580634672512758, 6.28482416287914 ], [ -75.580567388279448, 6.284812812501375 ], [ -75.580528593011437, 6.284808725004277 ], [ -75.580496629292526, 6.284805357783467 ], [ -75.580450277456819, 6.284800472212356 ], [ -75.580403925629255, 6.284795588444928 ], [ -75.580383355044589, 6.284793419840495 ], [ -75.58038331075025, 6.284793415538751 ], [ -75.580367296812526, 6.284792556153763 ], [ -75.580260346210622, 6.284786813385121 ], [ -75.580221990471784, 6.284781527591849 ], [ -75.58018693418461, 6.28477160926045 ], [ -75.580155853453533, 6.284761693000427 ], [ -75.580111316085578, 6.284742548280928 ], [ -75.580066325011686, 6.284720993701671 ], [ -75.580041949870505, 6.284703657974811 ], [ -75.579949294970888, 6.284643480235813 ], [ -75.579866453462259, 6.284582956595363 ], [ -75.57978862447402, 6.28452732188949 ], [ -75.579749997108067, 6.284480124988269 ], [ -75.57971620166029, 6.284441506590002 ], [ -75.579695810435595, 6.284418715826376 ], [ -75.579675423708039, 6.284395920518703 ], [ -75.579644845158001, 6.284362131219924 ], [ -75.579589688331893, 6.284307915192732 ], [ -75.579478523157903, 6.284207279605197 ], [ -75.579418123225906, 6.284163526159081 ], [ -75.579375232328516, 6.284145149828704 ], [ -75.579269322967576, 6.284106649417776 ], [ -75.579217230973711, 6.284092219588891 ], [ -75.579060154983765, 6.28403399854415 ], [ -75.579035466209575, 6.284030015802499 ], [ -75.579004410887634, 6.284027631245189 ], [ -75.578973350640979, 6.284017279017951 ], [ -75.578939101885041, 6.284011706136532 ], [ -75.578912820810686, 6.284009317910804 ], [ -75.578876986644985, 6.284002153521157 ], [ -75.578836371052489, 6.284002154979541 ], [ -75.578786996500327, 6.283990213294259 ], [ -75.578765630012157, 6.2839796278968 ], [ -75.578749741417809, 6.28396936354932 ], [ -75.578735405990059, 6.283959097868338 ], [ -75.578721683117834, 6.283945522929351 ], [ -75.578714720602363, 6.283928122009966 ], [ -75.578703563715834, 6.283914720654149 ], [ -75.578700181191977, 6.283911480827645 ], [ -75.578689241124039, 6.283901191163634 ], [ -75.578686317082912, 6.283883175435576 ], [ -75.578684947103383, 6.283864056291888 ], [ -75.578678768325389, 6.283834626281275 ], [ -75.578675791977702, 6.28382635051 ], [ -75.578661938753484, 6.2838039216095 ], [ -75.578648142229397, 6.283801621863756 ], [ -75.578611351723026, 6.283799325234837 ], [ -75.578348782615535, 6.28381183180988 ], [ -75.578277705724915, 6.28381521735965 ], [ -75.578248202609217, 6.283759991301174 ], [ -75.578240031314408, 6.28375930923554 ], [ -75.578205021561985, 6.283754790595048 ], [ -75.578158152070699, 6.283743491038216 ], [ -75.578107330998918, 6.283728801660022 ], [ -75.578066674524237, 6.283712981770295 ], [ -75.578039006150092, 6.283702811644661 ], [ -75.578013594944537, 6.283693771341542 ], [ -75.577987055661694, 6.28368812149256 ], [ -75.577966162700406, 6.283683601932241 ], [ -75.577939622658718, 6.28367908219002 ], [ -75.577919859112669, 6.28367456248292 ], [ -75.577898966766043, 6.283667782704513 ], [ -75.577882026613835, 6.283662132529011 ], [ -75.577864519947155, 6.28365648243399 ], [ -75.57784927482605, 6.283650832940107 ], [ -75.577832334674326, 6.283645182762551 ], [ -75.577819345673504, 6.283639532992139 ], [ -75.577812569792727, 6.283637272738995 ], [ -75.577800712158577, 6.28363275292001 ], [ -75.577789419232161, 6.283628233028556 ], [ -75.577778125258163, 6.283622583035873 ], [ -75.577765137017423, 6.283615803153817 ], [ -75.57775723143358, 6.283611282833221 ], [ -75.577747633245863, 6.283604502509048 ], [ -75.577740856366134, 6.283594333325182 ], [ -75.577718268747915, 6.283578512910328 ], [ -75.577693423203996, 6.283562692777489 ], [ -75.577695681543261, 6.283544611698019 ], [ -75.577626068053362, 6.283484813378659 ], [ -75.577553873449773, 6.283430756955216 ], [ -75.577522319707469, 6.283401096696345 ], [ -75.577452517784735, 6.283340822813945 ], [ -75.577349725590963, 6.283255671097844 ], [ -75.577295700428877, 6.283207355492722 ], [ -75.577248846605031, 6.283172435618533 ], [ -75.577194823231935, 6.283150908032979 ], [ -75.577133149450404, 6.283141819487308 ], [ -75.577072430611977, 6.283154737088441 ], [ -75.577022232320886, 6.28318248497905 ], [ -75.576958168132634, 6.283202100249905 ], [ -75.57691896489689, 6.283214059239382 ], [ -75.576865897091764, 6.283222192663428 ], [ -75.576808048306646, 6.283212626857221 ], [ -75.57671864293826, 6.283174833701672 ], [ -75.576648842643436, 6.283138001690201 ], [ -75.576572347553352, 6.283087294202543 ], [ -75.576492791357254, 6.283018789484482 ], [ -75.576446894398515, 6.282965689957805 ], [ -75.576426813009178, 6.282914024573656 ], [ -75.57643828685525, 6.282836526759149 ], [ -75.576444024092041, 6.282767640602811 ], [ -75.576448325097815, 6.282718843981433 ], [ -75.576433980012538, 6.282661438314397 ], [ -75.576251826565397, 6.282525101896661 ], [ -75.576084015072354, 6.282418902949024 ], [ -75.575859344031656, 6.282280127709211 ], [ -75.57585313197697, 6.282277868258954 ], [ -75.575842403652473, 6.282272218129772 ], [ -75.575826026942835, 6.282263179281601 ], [ -75.575810216461363, 6.282251878332009 ], [ -75.575794405220066, 6.282241708397282 ], [ -75.575779160354671, 6.282230408276432 ], [ -75.575765042054726, 6.282217977922405 ], [ -75.575753184113324, 6.282203287067269 ], [ -75.575744149434897, 6.282186336554834 ], [ -75.575732855302832, 6.2821716465379 ], [ -75.575723255153875, 6.282155826205483 ], [ -75.575713656185854, 6.282142266082666 ], [ -75.575706880398442, 6.282133225142652 ], [ -75.575700667792333, 6.282126445260649 ], [ -75.575691068553425, 6.282110625826528 ], [ -75.57568485637205, 6.282092544862811 ], [ -75.575676387309088, 6.282075594273835 ], [ -75.575667351866784, 6.282059772965677 ], [ -75.575647586738882, 6.282027003160583 ], [ -75.575637988675055, 6.282013442125998 ], [ -75.575600718980382, 6.281954681063957 ], [ -75.575595072126404, 6.28194903121308 ], [ -75.575557237692394, 6.281919650310089 ], [ -75.575512629690181, 6.281899311079793 ], [ -75.575464631336104, 6.281891400744872 ], [ -75.575397436285911, 6.281881231606861 ], [ -75.575387272325457, 6.28188010182867 ], [ -75.575313298981143, 6.281869932608509 ], [ -75.575287323987098, 6.281867672830828 ], [ -75.575229164077186, 6.281871062966792 ], [ -75.57522125817691, 6.281871063022892 ], [ -75.575084320796591, 6.281930964967032 ], [ -75.575015476976304, 6.281962539257188 ], [ -75.574943763258801, 6.281981198326626 ], [ -75.57487511484095, 6.28199537158552 ], [ -75.574840670624198, 6.281989722478305 ], [ -75.574810741798174, 6.281972771747301 ], [ -75.574787591088921, 6.281946781126521 ], [ -75.574731685308222, 6.281813437746749 ], [ -75.574699499159905, 6.281741115553703 ], [ -75.574675217515335, 6.281717384378276 ], [ -75.574632302441572, 6.281686874778214 ], [ -75.574533484735923, 6.281662014273476 ], [ -75.574477018450708, 6.281646194976818 ], [ -75.574411515770208, 6.281621334983163 ], [ -75.574392316722054, 6.281614554813558 ], [ -75.574335849320377, 6.281581783866529 ], [ -75.574264700503434, 6.281534323239025 ], [ -75.573949610248718, 6.281245036375804 ], [ -75.573787546561988, 6.281099264151593 ], [ -75.573778512125273, 6.281091353542839 ], [ -75.573741243036466, 6.28105858294634 ], [ -75.573714704470248, 6.281042762720204 ], [ -75.573678565223418, 6.281021292173985 ], [ -75.573615885525655, 6.280998691922582 ], [ -75.573577488275163, 6.280991912151518 ], [ -75.573536831584974, 6.280995303634303 ], [ -75.573259013769558, 6.281033727323573 ], [ -75.573185606111778, 6.281039377399107 ], [ -75.573139868824384, 6.281034857763468 ], [ -75.572519293976399, 6.280898128439714 ], [ -75.572343185172898, 6.280861417053617 ], [ -75.572370602341337, 6.280641502772556 ], [ -75.572375007058881, 6.280606185487778 ], [ -75.57237922219214, 6.280572371730915 ], [ -75.572387858629256, 6.28050312217268 ], [ -75.572391110217325, 6.280472909619685 ], [ -75.572623041500094, 6.280476098633295 ], [ -75.572824588985966, 6.280505071515242 ], [ -75.57293736943015, 6.280532091456913 ], [ -75.573234928112853, 6.280604140894504 ], [ -75.574170802857822, 6.280847288416981 ], [ -75.574230793872147, 6.280858542878401 ], [ -75.574315801448606, 6.2808715565135 ], [ -75.574330997648943, 6.280812867930125 ], [ -75.574356223632094, 6.280703939575471 ], [ -75.5743574523013, 6.280696560696167 ], [ -75.574369732032224, 6.280622826183303 ], [ -75.574385635917707, 6.280563447917888 ], [ -75.574381273358313, 6.280562280514687 ], [ -75.574389074054537, 6.280515700611855 ], [ -75.574408421520857, 6.280408579536134 ], [ -75.574428840442238, 6.280317974479958 ], [ -75.574442893542255, 6.280241245948122 ], [ -75.574446404926576, 6.280227147507295 ], [ -75.574456096977642, 6.280212972539004 ], [ -75.574524361049527, 6.280118993922189 ], [ -75.574532548939217, 6.280112766954994 ], [ -75.574606265119385, 6.280056700617735 ], [ -75.574613388113519, 6.280051283528817 ], [ -75.574681704103824, 6.27998166076175 ], [ -75.57470069330148, 6.279962308435256 ], [ -75.574730270786958, 6.279934652390829 ], [ -75.574759074791245, 6.279907719806312 ], [ -75.574794107117725, 6.279874967696131 ], [ -75.574799701291653, 6.279869908917113 ], [ -75.574870200041133, 6.279806143829514 ], [ -75.574876028859777, 6.27980084612044 ], [ -75.574922137891505, 6.279762104155703 ], [ -75.574947453216964, 6.279740841091781 ], [ -75.574968323425026, 6.279723303047418 ], [ -75.574968413526761, 6.279723251975047 ], [ -75.575011667958762, 6.279698224591391 ], [ -75.575052854278198, 6.279676519055956 ], [ -75.575126199539895, 6.279638025444441 ], [ -75.575197975223759, 6.279599687823549 ], [ -75.57521146939456, 6.279593253009975 ], [ -75.575336571330865, 6.279533614772491 ], [ -75.575345830647478, 6.279529197931552 ], [ -75.575356571446079, 6.27951626634212 ], [ -75.575379875017788, 6.279428752663618 ], [ -75.575120273522998, 6.279278773230083 ], [ -75.574977774685507, 6.279134313520034 ], [ -75.574785298000066, 6.278931532035593 ], [ -75.574440949098957, 6.278602728411455 ], [ -75.574326897027717, 6.278497386590656 ], [ -75.5741739544887, 6.27835599661408 ], [ -75.574203143549198, 6.278318432831711 ], [ -75.574300571766543, 6.278193049307769 ], [ -75.574363711110252, 6.278111788496064 ], [ -75.574403231463265, 6.278060516741493 ], [ -75.574436476375823, 6.278020921410413 ], [ -75.574543444385867, 6.277903540943576 ], [ -75.574817774500829, 6.277610117693366 ], [ -75.574819285535526, 6.277611106562548 ], [ -75.574827796364062, 6.277600551057807 ], [ -75.574852672368223, 6.277569697835792 ], [ -75.574857375438881, 6.277563860511152 ], [ -75.574885740376502, 6.277528682147431 ], [ -75.57495835581858, 6.277438615910803 ], [ -75.574998134945432, 6.277389277626889 ], [ -75.575004376395313, 6.277381536862261 ], [ -75.575088895371223, 6.277276690805818 ], [ -75.575131805969789, 6.277223467621014 ], [ -75.575142756216451, 6.277228889792768 ], [ -75.575267581794691, 6.277290699127628 ], [ -75.575291424313505, 6.277308600248061 ], [ -75.575327617453269, 6.277335765338732 ], [ -75.575666203781395, 6.277606128688575 ], [ -75.575848842639942, 6.277745184994786 ], [ -75.5759735502712, 6.277840123993761 ], [ -75.576026719783002, 6.277882540546107 ], [ -75.576401591679698, 6.278181624499198 ], [ -75.576449963707731, 6.278220216812329 ], [ -75.576475966328971, 6.27824173168879 ], [ -75.57681924326279, 6.278525736867496 ], [ -75.576978103271998, 6.278657170658702 ], [ -75.577191108232967, 6.278827957398528 ], [ -75.577240338560074, 6.278867435886134 ], [ -75.578711327056652, 6.277213530181143 ], [ -75.578664562270831, 6.277165174212171 ], [ -75.578187566559123, 6.276720626196541 ], [ -75.578161151629743, 6.276716115651381 ], [ -75.578220913272659, 6.27661714945293 ], [ -75.578229324320446, 6.276603228510772 ], [ -75.578242794543755, 6.276580934328436 ], [ -75.578458905416795, 6.276285773705071 ], [ -75.578571763906211, 6.276129292076464 ], [ -75.578734665545468, 6.275932597957135 ], [ -75.578759037668888, 6.275761763251559 ], [ -75.578731406624144, 6.275641554892472 ], [ -75.578718844774812, 6.275474211083161 ], [ -75.578718842938287, 6.275361080298045 ], [ -75.578741444042976, 6.275181944883258 ], [ -75.578776612513678, 6.275040526541191 ], [ -75.578821827016526, 6.274830755145445 ], [ -75.578836894495922, 6.274795398129493 ], [ -75.578789391415498, 6.274751915120648 ], [ -75.579170986759891, 6.274312214530775 ], [ -75.579241319384764, 6.274222650330337 ], [ -75.579343182104793, 6.274074351584576 ], [ -75.579448729115299, 6.273892775251533 ], [ -75.579629685539174, 6.273645164720477 ], [ -75.579695024481254, 6.273593282023397 ], [ -75.579770424522351, 6.273548475743629 ], [ -75.579800194331668, 6.273535240656721 ], [ -75.579826214269815, 6.273518091279454 ], [ -75.579935641744854, 6.273529334162593 ], [ -75.579937286865103, 6.273176201846937 ], [ -75.579938803573924, 6.273154659102785 ], [ -75.579921208244727, 6.272876398328434 ], [ -75.579902883179727, 6.27272360896406 ], [ -75.579898581295424, 6.272687746171922 ], [ -75.579880988306385, 6.272565114329751 ], [ -75.579830716654882, 6.272407127432678 ], [ -75.579788232858903, 6.272339406562106 ], [ -75.579690188428557, 6.272216749666067 ], [ -75.579609733939918, 6.272148344251252 ], [ -75.579559455233991, 6.272120039107907 ], [ -75.579026469519675, 6.271747345947575 ], [ -75.578924034703959, 6.27167364306794 ], [ -75.578357721657639, 6.271266152879194 ], [ -75.577621103838567, 6.270704754677265 ], [ -75.576497020810663, 6.269865597640806 ], [ -75.576266619640464, 6.26969360983717 ], [ -75.576208553238956, 6.2696502614287 ], [ -75.576184512132258, 6.269632307853157 ], [ -75.576156577111107, 6.269611453222177 ], [ -75.576143981145265, 6.269602041232003 ], [ -75.576234289348335, 6.269379531911641 ], [ -75.576343483854899, 6.269096549443138 ], [ -75.576351471381585, 6.269092237459352 ], [ -75.576365344767424, 6.269056360200679 ], [ -75.576396335482727, 6.268976213376285 ], [ -75.57649921705773, 6.268749345154021 ], [ -75.576676691616342, 6.268324574622532 ], [ -75.576746090143473, 6.268138218617458 ], [ -75.576847695183091, 6.26791215051215 ], [ -75.577210766306578, 6.266310275534201 ], [ -75.576875042828036, 6.266628902056048 ], [ -75.576717275636383, 6.266664785053726 ], [ -75.576528430757492, 6.266585855359747 ], [ -75.575952327327258, 6.266042891387445 ], [ -75.57534754418046, 6.265712813307527 ], [ -75.574883190085131, 6.265607221100598 ], [ -75.573743149454501, 6.265438006161765 ], [ -75.573114334667736, 6.265334741920396 ], [ -75.572126970145675, 6.265093687876383 ], [ -75.57219159811396, 6.26483611404987 ], [ -75.57219414415944, 6.264825964911647 ], [ -75.572407457651309, 6.264001573552464 ], [ -75.572591349104201, 6.263442166890606 ], [ -75.572738463180329, 6.263063094890709 ], [ -75.572907641543878, 6.262599374261407 ], [ -75.573120955429445, 6.26199580160929 ], [ -75.573378404918245, 6.261392228647658 ], [ -75.573657917708346, 6.260762893153718 ], [ -75.573792848116781, 6.260496309999618 ], [ -75.573944787453755, 6.260196125266683 ], [ -75.574144644636888, 6.25980340806104 ], [ -75.574390116180027, 6.259809564969856 ], [ -75.57453202890143, 6.25975959868533 ], [ -75.574646348132802, 6.259721463935588 ], [ -75.574798775564929, 6.259680702059518 ], [ -75.574907836325835, 6.259621531445315 ], [ -75.575032669193618, 6.259580769302731 ], [ -75.575125962344529, 6.25954395003028 ], [ -75.575236531139566, 6.259485740251343 ], [ -75.575241517901503, 6.259483606544888 ], [ -75.575262785282845, 6.259474954940902 ], [ -75.575285362526756, 6.259467921553287 ], [ -75.57535519732491, 6.259438657103202 ], [ -75.575417506993901, 6.259415675010157 ], [ -75.575537121377636, 6.25938620241285 ], [ -75.575646473050824, 6.259343105845733 ], [ -75.575795313275478, 6.259306020199646 ], [ -75.576107550187032, 6.259192308545916 ], [ -75.576108226597299, 6.259192062026369 ], [ -75.576118698372937, 6.259192308973128 ], [ -75.576127215587846, 6.259192308753285 ], [ -75.576128545753278, 6.259192539094699 ], [ -75.576136323000298, 6.259192721516078 ], [ -75.576174890778432, 6.259199628374807 ], [ -75.576220345469864, 6.259205715772435 ], [ -75.576224978000724, 6.259206335837712 ], [ -75.57625818787136, 6.259205276865214 ], [ -75.576291731492788, 6.259189917219448 ], [ -75.576345820260457, 6.259183352927102 ], [ -75.576392102829146, 6.259175676953384 ], [ -75.576462618340173, 6.25915868473976 ], [ -75.576466255213901, 6.25915782879731 ], [ -75.576503802325632, 6.259143602197693 ], [ -75.576564790470087, 6.259117941353607 ], [ -75.576626471738251, 6.25908881083499 ], [ -75.576670134577824, 6.259065925602482 ], [ -75.576730431178518, 6.259032638557307 ], [ -75.576771788287061, 6.259007908551335 ], [ -75.576810584211415, 6.25899004047543 ], [ -75.576849998492364, 6.258978328900703 ], [ -75.576900496560654, 6.258969701890183 ], [ -75.576936216362071, 6.258968472342579 ], [ -75.576988561262112, 6.25896723620103 ], [ -75.577022429446473, 6.258963537639444 ], [ -75.577052605622441, 6.258957373680182 ], [ -75.577090786390116, 6.258948746560089 ], [ -75.577132047096939, 6.258936422876107 ], [ -75.57718377947873, 6.25892101275268 ], [ -75.577255829304619, 6.25890684271092 ], [ -75.57729093107865, 6.258905608039205 ], [ -75.577328498235048, 6.258907455944309 ], [ -75.577369141864978, 6.258914848866342 ], [ -75.577404858554274, 6.258927173357924 ], [ -75.577415544926325, 6.258931756126189 ], [ -75.577421941493412, 6.258932647784883 ], [ -75.577500946471773, 6.258947235972833 ], [ -75.577507872571033, 6.258948513786592 ], [ -75.577568974800855, 6.25895700503406 ], [ -75.577695613896765, 6.258974603104948 ], [ -75.577946339692048, 6.258980509369884 ], [ -75.578189663199751, 6.25898624122362 ], [ -75.578771717482013, 6.258983486485319 ], [ -75.578892802500917, 6.258986119100362 ], [ -75.57903058910081, 6.259011516738199 ], [ -75.579280783382131, 6.259073192508167 ], [ -75.579588991499421, 6.259098584161851 ], [ -75.579839182423001, 6.259105835584697 ], [ -75.580071246643598, 6.259163884256323 ], [ -75.580372203472905, 6.259250957814756 ], [ -75.58066228313929, 6.259352545462168 ], [ -75.580920524521815, 6.259449473432099 ], [ -75.581358856537108, 6.259586860944128 ], [ -75.581720495135897, 6.259740987400073 ], [ -75.582231383662005, 6.260028175162493 ], [ -75.582627468995568, 6.260292392194475 ], [ -75.583563155485336, 6.261062063950765 ], [ -75.58383868793868, 6.261142471283954 ], [ -75.584234773447022, 6.261274572167157 ], [ -75.584518342691297, 6.261392659523552 ], [ -75.584872921508293, 6.261668044936422 ], [ -75.585076616231788, 6.26218011135293 ], [ -75.58532045115841, 6.262528132327487 ], [ -75.585640883494349, 6.262801449243449 ], [ -75.585721065280254, 6.262848907825464 ], [ -75.585964415772111, 6.262507897098351 ], [ -75.585996715938947, 6.262555317763333 ], [ -75.585999812899388, 6.262559863576995 ], [ -75.586105770442558, 6.262715419679577 ], [ -75.586142491843091, 6.262771183070336 ], [ -75.586179985097232, 6.262828100775398 ], [ -75.586218361230664, 6.262886702037552 ], [ -75.586257588500828, 6.262945861433884 ], [ -75.586297302370255, 6.263006041842099 ], [ -75.586366886799581, 6.263108463614007 ], [ -75.586521970949605, 6.263342146487179 ], [ -75.586519926787744, 6.263345170768641 ], [ -75.586512735915463, 6.263355813793973 ], [ -75.586564816902026, 6.263437282996719 ], [ -75.586574183352226, 6.263423699120261 ], [ -75.586636737200905, 6.263521405452575 ], [ -75.586668563139824, 6.263485543685996 ], [ -75.586699817713011, 6.263517843264478 ], [ -75.586667717689394, 6.263564276878395 ], [ -75.58667556119363, 6.263575708245493 ], [ -75.586717435988859, 6.263636736798825 ], [ -75.586955843888347, 6.264029545804099 ], [ -75.587005419036856, 6.264096586415039 ], [ -75.586984909433042, 6.26412256142751 ], [ -75.586958084121648, 6.264156546093014 ], [ -75.586980247152539, 6.264185042720654 ], [ -75.587062806318755, 6.264282193679946 ], [ -75.587114341209997, 6.264340069894083 ], [ -75.587166876331665, 6.264397039796996 ], [ -75.587220400766157, 6.264453088072888 ], [ -75.587274896359204, 6.264508197633524 ], [ -75.587330334030213, 6.264562334267059 ], [ -75.587386727339918, 6.26461549971449 ], [ -75.587444021999545, 6.26466767797 ], [ -75.587445981288255, 6.264664665856922 ], [ -75.587451629659711, 6.26467377821971 ], [ -75.587454456139056, 6.264678616462263 ], [ -75.587457191581734, 6.264683498549787 ], [ -75.587459849570976, 6.2646884307438 ], [ -75.587462426506249, 6.264693415774262 ], [ -75.587464908777619, 6.264698441955358 ], [ -75.587467303590543, 6.264703504731147 ], [ -75.587469614599016, 6.264708612220295 ], [ -75.587471828201942, 6.264713754545069 ], [ -75.587473962535597, 6.264718945177098 ], [ -75.587475997598858, 6.264724158900929 ], [ -75.58747793804271, 6.264729422815988 ], [ -75.587479799955929, 6.264734701583774 ], [ -75.587481561802178, 6.264740025145187 ], [ -75.587483224404764, 6.264745377222769 ], [ -75.5874848058331, 6.264750757727262 ], [ -75.587486287047454, 6.264756153191544 ], [ -75.587487671781986, 6.264761588007292 ], [ -75.587488962635774, 6.264767039559704 ], [ -75.587489669862038, 6.26477029708118 ], [ -75.587532230268053, 6.264813836323571 ], [ -75.587274936960213, 6.265186736532834 ], [ -75.587293341228218, 6.265189138260665 ], [ -75.587305199734956, 6.265190267703074 ], [ -75.587308587984467, 6.265191397355154 ], [ -75.587326091362613, 6.265198177459857 ], [ -75.587344160323539, 6.265204956580961 ], [ -75.587361100974178, 6.265212866847093 ], [ -75.587378040110934, 6.265223036412366 ], [ -75.587394417126475, 6.265232075940354 ], [ -75.587410226748489, 6.265241115555311 ], [ -75.587425471989306, 6.265252416343038 ], [ -75.587453706877554, 6.265278404877103 ], [ -75.587468953019211, 6.265289704754211 ], [ -75.587484198257968, 6.265301004635091 ], [ -75.587500008939855, 6.265311175242886 ], [ -75.587516948984913, 6.265321344796811 ], [ -75.587533324952318, 6.265329254225158 ], [ -75.587550264853661, 6.265338294584113 ], [ -75.587566075532976, 6.265348464284868 ], [ -75.58758132077493, 6.265359764161348 ], [ -75.587596567675163, 6.26536993393081 ], [ -75.587608990697774, 6.265383493465365 ], [ -75.587622543088258, 6.265397052849985 ], [ -75.58763101287586, 6.265414004106812 ], [ -75.587635530922753, 6.265432084171065 ], [ -75.587642307704769, 6.265450163936177 ], [ -75.587650778248545, 6.265465985090293 ], [ -75.587660377401818, 6.265482935292205 ], [ -75.587670541844091, 6.265497625219816 ], [ -75.587682964118315, 6.265512314852291 ], [ -75.587696516519074, 6.265525875136814 ], [ -75.587708375014529, 6.265540564838432 ], [ -75.587723057537985, 6.265552994870305 ], [ -75.587737738255129, 6.265565424910398 ], [ -75.587751854289181, 6.265577855024693 ], [ -75.587767101344085, 6.265589153978259 ], [ -75.58778234750055, 6.265600453839681 ], [ -75.587798722729829, 6.265609494260135 ], [ -75.587830343963191, 6.265628703537826 ], [ -75.587847848556805, 6.265637742901929 ], [ -75.587865917539034, 6.265644522899968 ], [ -75.587882857149509, 6.265651302143324 ], [ -75.587899233284674, 6.265660342554748 ], [ -75.587927466570619, 6.265680682371513 ], [ -75.587943841799159, 6.265689721881294 ], [ -75.587959087961138, 6.265701021734702 ], [ -75.587973769435436, 6.265712320758593 ], [ -75.587989015448187, 6.265722490513608 ], [ -75.588004261611843, 6.265733790364947 ], [ -75.588018943995735, 6.265745090286353 ], [ -75.588034753940832, 6.265756390065402 ], [ -75.588051128273747, 6.265765430478591 ], [ -75.588068068942775, 6.265773339805747 ], [ -75.588084444928342, 6.265781249207544 ], [ -75.588101384699002, 6.265789159441776 ], [ -75.588118889300105, 6.265798198792601 ], [ -75.588136393755292, 6.265806108949845 ], [ -75.588153333371778, 6.265812888180793 ], [ -75.588169707853751, 6.26582305778142 ], [ -75.588183825705201, 6.265835486963962 ], [ -75.588197378125372, 6.265849047226574 ], [ -75.58821205961199, 6.265860347143977 ], [ -75.58822899953249, 6.2658693865649 ], [ -75.588243680869112, 6.265879556384076 ], [ -75.588258926288802, 6.265891986325012 ], [ -75.588275302434809, 6.265901026718857 ], [ -75.588293934900506, 6.265905545527391 ], [ -75.588312004645076, 6.265911195402684 ], [ -75.588328380787615, 6.26592023489022 ], [ -75.588340238258041, 6.265933795378198 ], [ -75.588343063337419, 6.26595300483944 ], [ -75.588346452055262, 6.265971085940681 ], [ -75.588354921873957, 6.265988036267964 ], [ -75.588365085593679, 6.266003856270948 ], [ -75.588376945021466, 6.266018545940566 ], [ -75.588391625764132, 6.266030975950385 ], [ -75.588406871943349, 6.266042275782616 ], [ -75.588422682659953, 6.266052446345696 ], [ -75.588437929592132, 6.266062616075408 ], [ -75.588453740305269, 6.266072785733041 ], [ -75.588469550867174, 6.266081825293363 ], [ -75.58850343057631, 6.266098774011541 ], [ -75.58853731119487, 6.266115723626255 ], [ -75.588554250071326, 6.266123632938838 ], [ -75.58857175453555, 6.266131542170185 ], [ -75.58858869447262, 6.266140582477326 ], [ -75.588605635157052, 6.266148491778679 ], [ -75.588639514724477, 6.266164311292096 ], [ -75.588690335131616, 6.266189170196411 ], [ -75.588707839446286, 6.266195949325128 ], [ -75.588726472524101, 6.26619820881935 ], [ -75.588745106951521, 6.266197078014995 ], [ -75.588763176389705, 6.266193687093735 ], [ -75.588781244318483, 6.266185776695417 ], [ -75.588795359900573, 6.266174475633456 ], [ -75.588813994173464, 6.266172214730882 ], [ -75.588831498182202, 6.266176733662562 ], [ -75.58884843721863, 6.266185773963253 ], [ -75.588863685062364, 6.266195943671071 ], [ -75.588882318444007, 6.266200463351823 ], [ -75.588898693391144, 6.266207242625804 ], [ -75.588916197859163, 6.266215151842315 ], [ -75.588933136897396, 6.266224192139147 ], [ -75.588949513958127, 6.266233231594229 ], [ -75.588980569970644, 6.266254701042375 ], [ -75.588996946133733, 6.266263741403795 ], [ -75.589012191424132, 6.266275041214593 ], [ -75.589028567732313, 6.266285209862443 ], [ -75.58904494208538, 6.266294249326452 ], [ -75.589059623443731, 6.266304419111228 ], [ -75.589074870696436, 6.266316849006214 ], [ -75.589090680524691, 6.266327019544748 ], [ -75.589107621370545, 6.266336058920242 ], [ -75.589139242674122, 6.266355268080639 ], [ -75.58915448781589, 6.266365437788973 ], [ -75.589170299453514, 6.266375608314953 ], [ -75.589186674867676, 6.266385777863787 ], [ -75.589201920006445, 6.266395946665932 ], [ -75.589217167110775, 6.266407246458401 ], [ -75.589233541623017, 6.266417416009435 ], [ -75.589248223895211, 6.266427586685499 ], [ -75.589262904813225, 6.26644114584931 ], [ -75.589305256531489, 6.266477305878285 ], [ -75.589319938355757, 6.266490865034818 ], [ -75.589334054443739, 6.266503295080344 ], [ -75.589349300495911, 6.266513464775168 ], [ -75.589366240451113, 6.266522505046396 ], [ -75.589383744932192, 6.266530414239953 ], [ -75.589400684734088, 6.266538324413918 ], [ -75.589446423514474, 6.266573353870218 ], [ -75.589454329113437, 6.266580133368047 ], [ -75.589500631966729, 6.266610642356964 ], [ -75.58951700739226, 6.266620811889721 ], [ -75.589532818134245, 6.266630981498968 ], [ -75.589548628881161, 6.2666411520116 ], [ -75.589565005057096, 6.266650191442033 ], [ -75.589580814897047, 6.266660361053572 ], [ -75.589597190170409, 6.266669400487032 ], [ -75.589613566352071, 6.266678440819265 ], [ -75.58964914001622, 6.266694260008228 ], [ -75.589666079820418, 6.266702169265645 ], [ -75.589683019779841, 6.266711208617744 ], [ -75.589701089396073, 6.266715728331873 ], [ -75.589719722947976, 6.266721378067593 ], [ -75.589734405385485, 6.266732677913943 ], [ -75.58975247409434, 6.266737196726192 ], [ -75.589771107026436, 6.266738326078075 ], [ -75.589788611521115, 6.266746236156618 ], [ -75.589804423018052, 6.266755275654126 ], [ -75.589821927508964, 6.266763184827049 ], [ -75.589837173569933, 6.266773353596516 ], [ -75.589849596836601, 6.266788044039094 ], [ -75.589861454516424, 6.266802734563246 ], [ -75.589876136958381, 6.266814034403363 ], [ -75.589889688536545, 6.266827594597785 ], [ -75.589902676334745, 6.266841154864913 ], [ -75.589916792438515, 6.266853583980978 ], [ -75.589962532330148, 6.266889743457056 ], [ -75.589978906866179, 6.266899912972439 ], [ -75.589996412270992, 6.266907823036023 ], [ -75.590013352987512, 6.266915732272659 ], [ -75.590029162840707, 6.266925901863711 ], [ -75.590044973597884, 6.266936071449541 ], [ -75.59006134904422, 6.266946241860683 ], [ -75.590077724330627, 6.266955281271885 ], [ -75.590094665356659, 6.266965449790876 ], [ -75.590111039744954, 6.266974490109063 ], [ -75.590127979716854, 6.266983529439931 ], [ -75.590142661264679, 6.266994829272519 ], [ -75.590211551069316, 6.267047938766141 ], [ -75.590218892745995, 6.267053588224098 ], [ -75.590233574449229, 6.267066017243373 ], [ -75.590247690569839, 6.26707844724873 ], [ -75.59025898476385, 6.267088617446139 ], [ -75.590263501808295, 6.2670920080131 ], [ -75.590277054301495, 6.267105567281785 ], [ -75.59029004211564, 6.267119127532209 ], [ -75.590304159298995, 6.267132687625335 ], [ -75.590332958347702, 6.26715980682699 ], [ -75.590345945261149, 6.267173367079327 ], [ -75.590359496859591, 6.267186927252593 ], [ -75.590373049362228, 6.2672004874208 ], [ -75.590386602764539, 6.267214046679759 ], [ -75.590400719948434, 6.267227605864098 ], [ -75.590414836077088, 6.267240035861457 ], [ -75.590428387679026, 6.267253596031514 ], [ -75.590438552549998, 6.267270546952023 ], [ -75.590448717260259, 6.267286366873281 ], [ -75.59046057571021, 6.267299926368837 ], [ -75.590471869790719, 6.26731574613191 ], [ -75.590480905413614, 6.267327046729682 ], [ -75.59049502217573, 6.267343997101802 ], [ -75.590507444723826, 6.267359816710409 ], [ -75.590518738650061, 6.267374506376655 ], [ -75.590531160889583, 6.267388066698809 ], [ -75.590544149621167, 6.267401626932715 ], [ -75.590557136699417, 6.267416316365584 ], [ -75.590571253897906, 6.267429876445196 ], [ -75.590584241723661, 6.267443435777677 ], [ -75.590597229554561, 6.26745699601357 ], [ -75.590611346009254, 6.267471686190298 ], [ -75.590624898526102, 6.267485246346101 ], [ -75.590639580412684, 6.267498806343489 ], [ -75.5906525683952, 6.267513494863311 ], [ -75.590666684537538, 6.267525924848131 ], [ -75.590679673433883, 6.267540615170342 ], [ -75.59069266052407, 6.267555305500818 ], [ -75.590707342256493, 6.267567735400231 ], [ -75.590721459304973, 6.267580165377993 ], [ -75.590737270995433, 6.267590334924536 ], [ -75.59075195166379, 6.267601633827808 ], [ -75.590768326079328, 6.26761067411242 ], [ -75.590785266824298, 6.26761858330974 ], [ -75.590802206666126, 6.267626492510812 ], [ -75.590814629822333, 6.267640052816177 ], [ -75.590820277392183, 6.267658133544275 ], [ -75.590828748223103, 6.267675082877894 ], [ -75.590838347371232, 6.267690903770964 ], [ -75.590848512262028, 6.267707853770285 ], [ -75.590860370895442, 6.267722544246809 ], [ -75.590874487048055, 6.267734974221587 ], [ -75.590884087997068, 6.267750793295776 ], [ -75.59088747640476, 6.267772264626092 ], [ -75.590894253143787, 6.267782434528344 ], [ -75.590917404666953, 6.267810684561662 ], [ -75.590923616405362, 6.267818594353768 ], [ -75.590929827240515, 6.267826504150192 ], [ -75.590943945204771, 6.267838934112288 ], [ -75.590951851588954, 6.267844584376713 ], [ -75.590966532431992, 6.267857014267313 ], [ -75.590974437908656, 6.267862663631616 ], [ -75.590981214179109, 6.267869444152797 ], [ -75.590987425015783, 6.267877353947917 ], [ -75.590994201282157, 6.267884133564753 ], [ -75.59100718929389, 6.267898823875697 ], [ -75.591013399972539, 6.267905603575954 ], [ -75.591020176239624, 6.267912383192144 ], [ -75.591027517196153, 6.267919163632761 ], [ -75.591034294367049, 6.267925943244149 ], [ -75.591041070639136, 6.267932723763898 ], [ -75.591048410688273, 6.267939503304373 ], [ -75.591055186960716, 6.267946283823836 ], [ -75.591061399447483, 6.267953063514093 ], [ -75.591067045597185, 6.267960972482796 ], [ -75.591073257185329, 6.267967753081334 ], [ -75.591085115986374, 6.267983572737741 ], [ -75.591089633679559, 6.267991483668699 ], [ -75.591095844519529, 6.267999393461237 ], [ -75.591100926893461, 6.268007303408376 ], [ -75.591106573793311, 6.268014083181594 ], [ -75.591120126337486, 6.268027643313313 ], [ -75.591126902607613, 6.26803442292683 ], [ -75.59113367887791, 6.268041202540249 ], [ -75.591139889723706, 6.268049113235818 ], [ -75.591146666897842, 6.268055892844433 ], [ -75.591152878483769, 6.268062672537022 ], [ -75.591159654918528, 6.268070583147951 ], [ -75.591165865601354, 6.268077362844694 ], [ -75.59117772441266, 6.268093183400826 ], [ -75.591182805885524, 6.268101093350742 ], [ -75.591189018371523, 6.268107872133918 ], [ -75.591194665437627, 6.268115782903402 ], [ -75.591212170250159, 6.268138383233576 ], [ -75.591217252468113, 6.268145163084196 ], [ -75.591222333942241, 6.268153073033268 ], [ -75.591233064290876, 6.268168893741773 ], [ -75.591239275131045, 6.268176802626751 ], [ -75.591245486724276, 6.268183583221215 ], [ -75.591258473843425, 6.268198272620196 ], [ -75.591273156670141, 6.268211832580052 ], [ -75.591286144539069, 6.268225392783347 ], [ -75.591292355230038, 6.268232173381197 ], [ -75.591305907776061, 6.268245731695594 ], [ -75.591312119371011, 6.268252512288513 ], [ -75.591318895646722, 6.268259291897335 ], [ -75.591326235868422, 6.268267202428453 ], [ -75.591333011984659, 6.268272851943032 ], [ -75.591340917635435, 6.268279632295428 ], [ -75.591347694655425, 6.268285281805177 ], [ -75.591355600306571, 6.268292062157223 ], [ -75.591362376423419, 6.268297711671115 ], [ -75.591369717389824, 6.268304492102802 ], [ -75.59137705728854, 6.268310141540831 ], [ -75.591392303747341, 6.268322572229327 ], [ -75.591407549877772, 6.268332740921286 ], [ -75.591414891584151, 6.268338390349516 ], [ -75.591423360858357, 6.268344040530341 ], [ -75.591432395824171, 6.268344040152767 ], [ -75.591441429886444, 6.268344039779501 ], [ -75.591449900803212, 6.268348558952937 ], [ -75.591457240867769, 6.268355339387098 ], [ -75.59146288777626, 6.268362119152989 ], [ -75.591468534849582, 6.268370029916575 ], [ -75.591474181758429, 6.26837680968222 ], [ -75.591478699617682, 6.268385849795663 ], [ -75.59148208720346, 6.26839489007388 ], [ -75.59148434632263, 6.268403930507858 ], [ -75.591499028092272, 6.26841635946316 ], [ -75.591502981107041, 6.268424269562517 ], [ -75.591506369597155, 6.268433309835791 ], [ -75.591509193402288, 6.268442350189198 ], [ -75.591509758466913, 6.268451390863516 ], [ -75.591510322788565, 6.268461561636105 ], [ -75.591514840489239, 6.26846947165488 ], [ -75.59151935818565, 6.268477380769505 ], [ -75.591525005417523, 6.268486420721303 ], [ -75.591529523118737, 6.268494330739812 ], [ -75.591535170355513, 6.268503371595396 ], [ -75.591539687153642, 6.268511281618146 ], [ -75.591544770444102, 6.268519191551513 ], [ -75.591550417516515, 6.268527101408956 ], [ -75.591556628370853, 6.268535011190394 ], [ -75.591575263328835, 6.26855648123705 ], [ -75.591580910241575, 6.268563261000103 ], [ -75.591586557319587, 6.268571171760765 ], [ -75.59159276817509, 6.268579081541327 ], [ -75.591596722096696, 6.268586991634378 ], [ -75.591600109686908, 6.268596031910358 ], [ -75.591606886670348, 6.26861411154912 ], [ -75.591612534487737, 6.268620891306902 ], [ -75.591626087222579, 6.268635581507019 ], [ -75.59163286260862, 6.268642362016461 ], [ -75.591639638893895, 6.26864914161726 ], [ -75.591646415344627, 6.268657052215579 ], [ -75.591652062259584, 6.26866383197699 ], [ -75.591659402483643, 6.268671740690822 ], [ -75.591672955060261, 6.268685300795007 ], [ -75.591679166665713, 6.268692081379386 ], [ -75.591687072322927, 6.268698860818001 ], [ -75.591701753207175, 6.268711290670585 ], [ -75.591709094926458, 6.268716940995172 ], [ -75.591716999524309, 6.268722591247938 ], [ -75.591724341400493, 6.268729370761674 ], [ -75.59173224690214, 6.268735021009594 ], [ -75.591739586971727, 6.268741800531922 ], [ -75.591746927788307, 6.268747450860085 ], [ -75.591754268600553, 6.268753100284031 ], [ -75.591768385862494, 6.268766659399082 ], [ -75.591789843785847, 6.268784739651224 ], [ -75.591797749445689, 6.268791519086941 ], [ -75.591804525739377, 6.268798299587927 ], [ -75.591812431238253, 6.268803948929767 ], [ -75.591819771152871, 6.268809599260733 ], [ -75.591827112128001, 6.268816378776408 ], [ -75.591842358611757, 6.268828809441135 ], [ -75.59185026427285, 6.268835588875534 ], [ -75.591857605248705, 6.268842368390457 ], [ -75.59186551091021, 6.268849147824416 ], [ -75.591873416576334, 6.268855928162237 ], [ -75.591880756649275, 6.26886270768109 ], [ -75.591887532944895, 6.268869488180167 ], [ -75.591894309236238, 6.268876267775027 ], [ -75.59190165021765, 6.26888304819296 ], [ -75.591908990291316, 6.268889827711107 ], [ -75.591916895958562, 6.268896608047776 ], [ -75.591923672088953, 6.26890225754856 ], [ -75.591931578660052, 6.268909037880412 ], [ -75.591944566240542, 6.268920337866173 ], [ -75.591953601432436, 6.268928246325276 ], [ -75.591961506939001, 6.268933896567461 ], [ -75.591984093504337, 6.268953106741813 ], [ -75.591991433418073, 6.268958756164619 ], [ -75.591998776046879, 6.268964406477906 ], [ -75.592006116122818, 6.268971185993688 ], [ -75.592013456782993, 6.268975706222266 ], [ -75.59202136229078, 6.268981356462954 ], [ -75.592029267632256, 6.268985875706149 ], [ -75.592037737663816, 6.268990395772163 ], [ -75.592046208760962, 6.268996045926737 ], [ -75.59205467804685, 6.269001695185999 ], [ -75.592077265035044, 6.269017515069502 ], [ -75.592084606757425, 6.269023164481278 ], [ -75.592091382149576, 6.269029944076149 ], [ -75.592098722973219, 6.269035594396096 ], [ -75.592107193487976, 6.269043503835958 ], [ -75.592112840250877, 6.269049153494977 ], [ -75.59212808568131, 6.269060454056962 ], [ -75.592135992090249, 6.269066103386362 ], [ -75.592143897438078, 6.269070623530911 ], [ -75.592152367309211, 6.269074013500902 ], [ -75.592160273556189, 6.26907853273657 ], [ -75.592167613477613, 6.269084183059419 ], [ -75.592175518983737, 6.269089832392337 ], [ -75.592189636106596, 6.269102262298596 ], [ -75.592191895402763, 6.269112431912156 ], [ -75.592204882252034, 6.269124861984584 ], [ -75.592218435594475, 6.269137291966186 ], [ -75.592235375086034, 6.269148592279119 ], [ -75.59225005657224, 6.269158761915025 ], [ -75.592264738221544, 6.269170061643312 ], [ -75.592278290825575, 6.269183621719798 ], [ -75.59229240843689, 6.26919944099626 ], [ -75.592304831666667, 6.26921300033024 ], [ -75.592317818683767, 6.269226560490694 ], [ -75.592331371453511, 6.269241250657631 ], [ -75.592345488909672, 6.269255940742394 ], [ -75.592358475928933, 6.269269500900988 ], [ -75.592372027956003, 6.26928532025928 ], [ -75.59238558121794, 6.269303400702386 ], [ -75.592396875407516, 6.269319220381145 ], [ -75.592408169025035, 6.269337301153713 ], [ -75.592421722193222, 6.269361030255761 ], [ -75.592433016879554, 6.26938024111546 ], [ -75.59244148755208, 6.269401710765132 ], [ -75.592448828205434, 6.269418661110179 ], [ -75.592456734612043, 6.269436741461646 ], [ -75.592466899516992, 6.269459342765918 ], [ -75.592475371183411, 6.269475161940578 ], [ -75.592487229240064, 6.269497762098962 ], [ -75.592497959410792, 6.269518103129615 ], [ -75.592507558067936, 6.269536182338438 ], [ -75.592517723227729, 6.269554263264202 ], [ -75.592528453233399, 6.26957347329635 ], [ -75.59253805246945, 6.269589292313662 ], [ -75.592549346512826, 6.269603982795794 ], [ -75.592565722645432, 6.269624323008772 ], [ -75.592578145322676, 6.26964014342304 ], [ -75.592590004377556, 6.269657093102869 ], [ -75.592603556915435, 6.269676302726197 ], [ -75.592618238994845, 6.26969664318155 ], [ -75.592630097893235, 6.269712463670749 ], [ -75.59264703855068, 6.269731672799583 ], [ -75.592661720881139, 6.269747492877162 ], [ -75.592678095955904, 6.269766702994603 ], [ -75.592691648423909, 6.269779132956712 ], [ -75.59271084783029, 6.269798341753188 ], [ -75.592728353595092, 6.269814161416548 ], [ -75.592742470012311, 6.269827721391231 ], [ -75.592757717034559, 6.269843541381558 ], [ -75.592776916947699, 6.269866142259474 ], [ -75.59278708195238, 6.269883091272604 ], [ -75.592841854892995, 6.269946371238292 ], [ -75.592855973613197, 6.269963320571733 ], [ -75.592870090202595, 6.269978010632328 ], [ -75.59288420769623, 6.269992700687815 ], [ -75.592900583691133, 6.27001191078718 ], [ -75.592912442602, 6.270027730359269 ], [ -75.5929265595245, 6.270044680601886 ], [ -75.592939547484278, 6.270058240726943 ], [ -75.592953100131012, 6.270071800768916 ], [ -75.592966652943417, 6.270086490902635 ], [ -75.59298189890751, 6.270101179888415 ], [ -75.592997709233103, 6.270113609510121 ], [ -75.593012955611457, 6.270124909116771 ], [ -75.59304740167407, 6.270150898930473 ], [ -75.593063213071119, 6.2701644586368 ], [ -75.593075635608287, 6.27017914803113 ], [ -75.59309483545556, 6.270194967424155 ], [ -75.593112340753152, 6.270207397691471 ], [ -75.593129279795434, 6.27021530677204 ], [ -75.593152430799321, 6.270219825564006 ], [ -75.593158077425699, 6.270224346013453 ], [ -75.593172195506114, 6.270236775866053 ], [ -75.593196475642245, 6.270245814863087 ], [ -75.593212287707772, 6.270263894930733 ], [ -75.593225839628374, 6.270278585057086 ], [ -75.59324955691126, 6.270312484361393 ], [ -75.5932557692161, 6.270323784374867 ], [ -75.593274403828076, 6.270354294146681 ], [ -75.59328569807677, 6.270370114689329 ], [ -75.593296428133158, 6.27038932468673 ], [ -75.593307722881477, 6.270408535504571 ], [ -75.593316757567038, 6.270431135131162 ], [ -75.593325793239245, 6.270448086096073 ], [ -75.593354029231705, 6.270514756507904 ], [ -75.593360240894526, 6.270533966267272 ], [ -75.593364759572452, 6.270554307267501 ], [ -75.593369842771367, 6.270573518092322 ], [ -75.593375490248533, 6.270596118210189 ], [ -75.593381138135499, 6.270615328951311 ], [ -75.593396953312862, 6.270715901246297 ], [ -75.593401470926594, 6.270735112157355 ], [ -75.593405425086146, 6.270756582426955 ], [ -75.593408813489532, 6.270776922692195 ], [ -75.593411638609808, 6.270800653312093 ], [ -75.593415591867839, 6.270822123585668 ], [ -75.593418980444156, 6.270843594846452 ], [ -75.593439877646688, 6.270930606174615 ], [ -75.593444959787149, 6.270948686908318 ], [ -75.593452302075661, 6.270970156675332 ], [ -75.593460772510966, 6.270989367903738 ], [ -75.59346980746281, 6.271007448052283 ], [ -75.593478843481407, 6.271026657383814 ], [ -75.593488442959526, 6.271043608260136 ], [ -75.593500301349309, 6.271061687989695 ], [ -75.593513854375288, 6.271077508183731 ], [ -75.593544347978877, 6.271111407352177 ], [ -75.593561853750003, 6.271132877422166 ], [ -75.593808623160001, 6.27140181456004 ], [ -75.593940196721519, 6.271538542456716 ], [ -75.5940401463413, 6.271647021816584 ], [ -75.594055957355579, 6.271669622202917 ], [ -75.594113746342245, 6.271738886389351 ], [ -75.59416720358945, 6.271802960936811 ], [ -75.594173979221807, 6.271810871473495 ], [ -75.594177931807991, 6.271815391250747 ], [ -75.594182449985325, 6.271819910938845 ], [ -75.5941999549635, 6.271835730510213 ], [ -75.594219718862462, 6.271852679833099 ], [ -75.594228189293403, 6.271859460018755 ], [ -75.594234965487857, 6.271865109462992 ], [ -75.594251905785811, 6.271880930020089 ], [ -75.594264892758574, 6.271893359991817 ], [ -75.594269410937329, 6.271897879678591 ], [ -75.594280704412597, 6.271908049717016 ], [ -75.594294258046318, 6.271921608780868 ], [ -75.594306116888205, 6.271936299098064 ], [ -75.594320798660618, 6.271947598717282 ], [ -75.594336609414285, 6.271962288443884 ], [ -75.594347903401015, 6.271975848753071 ], [ -75.594365973751025, 6.271996187690024 ], [ -75.594378397284544, 6.272010877919149 ], [ -75.594398160631528, 6.272030087416668 ], [ -75.594414536981034, 6.272044777049573 ], [ -75.594427524131547, 6.272058337104983 ], [ -75.594438818458272, 6.272074156688255 ], [ -75.594450677647998, 6.272091107181086 ], [ -75.594461971806354, 6.272105796672327 ], [ -75.594473830604315, 6.272126137441373 ], [ -75.594489077355846, 6.272145346704233 ], [ -75.594507146989031, 6.272166816631023 ], [ -75.594519004939798, 6.272181506943038 ], [ -75.594531429215905, 6.272195067069457 ], [ -75.594549499240969, 6.272213145812042 ], [ -75.594568134526924, 6.272228966090064 ], [ -75.594587332860769, 6.27224591547754 ], [ -75.594608226337897, 6.272263995598351 ], [ -75.594622343437521, 6.272275295287775 ], [ -75.594643236396308, 6.272289983325604 ], [ -75.594663000892652, 6.272304673336467 ], [ -75.59468050505221, 6.272314843328954 ], [ -75.594694623228605, 6.272327273101474 ], [ -75.594711564112544, 6.272340832541481 ], [ -75.594729068952546, 6.272355521990375 ], [ -75.594752784974418, 6.272373601678737 ], [ -75.594775372349943, 6.27239055053715 ], [ -75.594796829842338, 6.272404110197052 ], [ -75.594814335809261, 6.272414279269551 ], [ -75.594849346113307, 6.272435748415578 ], [ -75.594873062193912, 6.27244817854175 ], [ -75.594890003303888, 6.272457217605533 ], [ -75.594893391774235, 6.272459477272702 ], [ -75.594913153961258, 6.272470777005703 ], [ -75.59492896496414, 6.272480946334102 ], [ -75.594944776143393, 6.27249224665633 ], [ -75.594963975270829, 6.272502414564596 ], [ -75.594979786108297, 6.272511454704157 ], [ -75.594998421067771, 6.272525013871918 ], [ -75.595014797108945, 6.27253744419551 ], [ -75.595033431555152, 6.27254761308988 ], [ -75.595052065274587, 6.272558912982235 ], [ -75.595067312497264, 6.272569082385592 ], [ -75.595085382433325, 6.272580382357554 ], [ -75.595107968627119, 6.272589421464605 ], [ -75.595124909399885, 6.272596200336424 ], [ -75.595143542950197, 6.272606370133587 ], [ -75.595161049099417, 6.27261766927922 ], [ -75.595183070387108, 6.272631227929585 ], [ -75.595205093487138, 6.272644787473673 ], [ -75.5952225981802, 6.272658347709757 ], [ -75.595234457791491, 6.272671906989138 ], [ -75.595251398529314, 6.272684337214952 ], [ -75.595271726316071, 6.272695635932933 ], [ -75.595289796086789, 6.272705805803948 ], [ -75.595305042413216, 6.272715975201186 ], [ -75.595323112357406, 6.272727275160654 ], [ -75.595340618168237, 6.272736314116576 ], [ -75.595359816064288, 6.272744222731554 ], [ -75.595373931990281, 6.272747613565467 ], [ -75.595379579043609, 6.272748742792415 ], [ -75.595397648685136, 6.27275213211276 ], [ -75.59541741273614, 6.272757781353509 ], [ -75.5954354825504, 6.272762300762414 ], [ -75.595455245525457, 6.272766819915834 ], [ -75.595481785315158, 6.272769077846424 ], [ -75.595504935904444, 6.272770207112953 ], [ -75.595529780380161, 6.272770205124823 ], [ -75.595551802323229, 6.27277020446767 ], [ -75.595595281515727, 6.272770202333119 ], [ -75.595614479269372, 6.272771328584402 ], [ -75.595656829991839, 6.272771327517433 ], [ -75.5956788510248, 6.272771325955354 ], [ -75.595731929908141, 6.272771322336184 ], [ -75.595752257610599, 6.272770191840901 ], [ -75.595778232191861, 6.272769060477286 ], [ -75.595795736102431, 6.272765669330571 ], [ -75.595816628144405, 6.272762278566629 ], [ -75.595835263236737, 6.272758887236229 ], [ -75.595853331660152, 6.272754365911318 ], [ -75.595870835226037, 6.272748715487121 ], [ -75.595895680632296, 6.272743063024582 ], [ -75.59591600833069, 6.272741932523562 ], [ -75.595941418770593, 6.272738540151568 ], [ -75.595967956613435, 6.272734019332062 ], [ -75.595991672610751, 6.272734018396166 ], [ -75.596013129504271, 6.272731756723964 ], [ -75.596039103729879, 6.27272836516927 ], [ -75.596064513614877, 6.272727233879542 ], [ -75.596086534643376, 6.272727233205104 ], [ -75.596106299626555, 6.272727231960644 ], [ -75.596126626586695, 6.272727230641784 ], [ -75.596149213934623, 6.272726099779145 ], [ -75.596171234782929, 6.272724968107683 ], [ -75.596193820492701, 6.272724966437572 ], [ -75.596215278638169, 6.272724965835982 ], [ -75.596239559143754, 6.272723834712417 ], [ -75.596264968120607, 6.272722703417716 ], [ -75.596285861572639, 6.272722701996494 ], [ -75.59630844853281, 6.272724960495638 ], [ -75.596346845297546, 6.272729478543605 ], [ -75.596366043577305, 6.272733997747211 ], [ -75.596385242585896, 6.27273738685623 ], [ -75.596405005728073, 6.27274303606003 ], [ -75.596451874034599, 6.272755464316318 ], [ -75.596470507802024, 6.272761113691952 ], [ -75.596511729025536, 6.27277806227367 ], [ -75.596533187135108, 6.27278371120422 ], [ -75.596554643991126, 6.272787099959984 ], [ -75.59657666518882, 6.272788229352932 ], [ -75.596602075585892, 6.272790487399544 ], [ -75.59662466289538, 6.272795006061325 ], [ -75.596642731800827, 6.272799525428189 ], [ -75.596660802135887, 6.272807435056846 ], [ -75.596683953203296, 6.272817604081774 ], [ -75.59670653975914, 6.27282890328203 ], [ -75.596725175134068, 6.27283907299776 ], [ -75.596744937696499, 6.27285263191303 ], [ -75.596764702974681, 6.272866191717725 ], [ -75.596783901754719, 6.272879750714067 ], [ -75.596799714041211, 6.272892180138972 ], [ -75.59683585373854, 6.272924949826595 ], [ -75.596852229259881, 6.27293963934746 ], [ -75.596870299196866, 6.272956588781033 ], [ -75.596886675072042, 6.272973538477605 ], [ -75.596906439250318, 6.272991617733584 ], [ -75.596921121792136, 6.273007437599128 ], [ -75.596938062186595, 6.273023258019913 ], [ -75.59695105121385, 6.273036817062269 ], [ -75.596966297718794, 6.273053766930495 ], [ -75.596979849632774, 6.273067326796353 ], [ -75.596996790731737, 6.273087666664408 ], [ -75.597013167316291, 6.273109135804281 ], [ -75.597027849667086, 6.273129476023273 ], [ -75.597045355084063, 6.27315320607035 ], [ -75.597058344828184, 6.273171286366119 ], [ -75.597072461390084, 6.27319614613011 ], [ -75.597089967892032, 6.273221006258003 ], [ -75.597109731713658, 6.273242475769636 ], [ -75.597131755015099, 6.273262814833021 ], [ -75.597156036151389, 6.273288804896627 ], [ -75.59716958953004, 6.273300104566843 ], [ -75.597184270654978, 6.273312534156904 ], [ -75.597210246777337, 6.273332872594781 ], [ -75.59723283371612, 6.273346431935244 ], [ -75.597249210182909, 6.273355470982175 ], [ -75.5972655850248, 6.27336564102979 ], [ -75.597284784210203, 6.273375810628866 ], [ -75.59730511312199, 6.27338823932234 ], [ -75.597323183287358, 6.27340066927353 ], [ -75.59733955956257, 6.273414228674272 ], [ -75.597355934762177, 6.273426658894325 ], [ -75.597378522606178, 6.273440217316692 ], [ -75.597407885969147, 6.273460556114698 ], [ -75.597437248805647, 6.273477505549239 ], [ -75.59746435433884, 6.273492194247432 ], [ -75.597492024210055, 6.273504623582154 ], [ -75.597501198698907, 6.273508703349029 ], [ -75.597517433341011, 6.273515922287507 ], [ -75.597538891463927, 6.273527221605184 ], [ -75.597567124943978, 6.273538520761784 ], [ -75.597595924545814, 6.27355320918316 ], [ -75.59761399400891, 6.273561118766492 ], [ -75.597635451956407, 6.273571287990474 ], [ -75.597651082695222, 6.273577703487604 ], [ -75.597649849468795, 6.273578990674379 ], [ -75.597685775358755, 6.273594665336472 ], [ -75.597706420577182, 6.273604554709994 ], [ -75.597725213863157, 6.273621422754281 ], [ -75.597736870251481, 6.273633156725704 ], [ -75.597751108619676, 6.273638462598409 ], [ -75.597776921895701, 6.273643251777358 ], [ -75.597801161812555, 6.273642862104867 ], [ -75.597835476793691, 6.273650154965695 ], [ -75.597873676374448, 6.273667384181072 ], [ -75.597906382530468, 6.273673827958858 ], [ -75.597959552585721, 6.273674719557842 ], [ -75.598014122031159, 6.273664645060198 ], [ -75.598080040099319, 6.273666005893514 ], [ -75.598103846850577, 6.273667179686254 ], [ -75.598126415228919, 6.273669148876388 ], [ -75.59814494609634, 6.273668795651763 ], [ -75.598175375460571, 6.273674334884776 ], [ -75.59819929892285, 6.27367153018232 ], [ -75.59831246414204, 6.273654553430283 ], [ -75.598417703580523, 6.273655390920708 ], [ -75.598478135243326, 6.273671269373257 ], [ -75.598523076344861, 6.273686957990915 ], [ -75.598590775351965, 6.273712595062271 ], [ -75.598693663635686, 6.273748564585212 ], [ -75.598737458646355, 6.273773821219946 ], [ -75.598761937491517, 6.273794294451524 ], [ -75.598813431146993, 6.273846507503947 ], [ -75.59883136262647, 6.273884538630117 ], [ -75.598838176678981, 6.273909295322177 ], [ -75.598841263103751, 6.273914047165846 ], [ -75.59885216207455, 6.273930822338688 ], [ -75.598862217691988, 6.273939317700585 ], [ -75.598866452065181, 6.273942894883189 ], [ -75.598873779983407, 6.273954300424889 ], [ -75.598881685801274, 6.273972380561285 ], [ -75.598886769079627, 6.273990460242082 ], [ -75.598890996599408, 6.274000127275826 ], [ -75.598882304106326, 6.274001057314777 ], [ -75.598881229534953, 6.274004275714397 ], [ -75.598883235120098, 6.274007882944784 ], [ -75.598891348783127, 6.274015946758084 ], [ -75.598895297978856, 6.274025239983951 ], [ -75.598895433742769, 6.274035129839159 ], [ -75.598894855959998, 6.274036133512883 ], [ -75.598898271510421, 6.274042940481944 ], [ -75.598912944510687, 6.27404624887308 ], [ -75.598920271959614, 6.27405737686588 ], [ -75.598921800064417, 6.274059985660242 ], [ -75.598922348623773, 6.274078602264773 ], [ -75.598922349169101, 6.274098942035206 ], [ -75.598927997144187, 6.274117022527765 ], [ -75.598937033070854, 6.274133973292524 ], [ -75.59895058505434, 6.274147533074176 ], [ -75.598952281109888, 6.274165612388901 ], [ -75.598948894078958, 6.274183694333469 ], [ -75.598953412857909, 6.274202904189447 ], [ -75.59896696466258, 6.27421533388284 ], [ -75.598985598292401, 6.274214202610216 ], [ -75.599005362387572, 6.274214202141565 ], [ -75.599013833077052, 6.274227760925418 ], [ -75.599007057915955, 6.274245842511062 ], [ -75.598997459854189, 6.274261664373073 ], [ -75.598996896257333, 6.274279744054843 ], [ -75.59900706066351, 6.274296694638855 ], [ -75.59901779156111, 6.274313644218426 ], [ -75.599051674733829, 6.274387094453385 ], [ -75.599053369902407, 6.27440517557847 ], [ -75.599062970342843, 6.27442099525523 ], [ -75.599075958014524, 6.274436815293766 ], [ -75.599090640109139, 6.274449244793502 ], [ -75.599108145461059, 6.274454894215991 ], [ -75.599126214415804, 6.274459413464266 ], [ -75.599141460110005, 6.274470711884408 ], [ -75.599155579143158, 6.274482011376736 ], [ -75.599186071815978, 6.27450687109456 ], [ -75.599200753732234, 6.274518170502618 ], [ -75.599215435831439, 6.274530599996686 ], [ -75.599230118474367, 6.27454077021624 ], [ -75.599245929047939, 6.274553199530816 ], [ -75.599261740156081, 6.274563367762781 ], [ -75.599279244608354, 6.274569017181673 ], [ -75.599280715836514, 6.274569083106994 ], [ -75.599285167516527, 6.274571294962334 ], [ -75.599303497725671, 6.27458039744412 ], [ -75.599359206868655, 6.274598276387292 ], [ -75.599370316495794, 6.274597581146855 ], [ -75.599375239740809, 6.274607432763133 ], [ -75.599389921484317, 6.274617602980495 ], [ -75.599408556568619, 6.274619861038198 ], [ -75.599427190026589, 6.274617600561854 ], [ -75.599445824204636, 6.274614209993958 ], [ -75.599463892968942, 6.274611948703919 ], [ -75.59950059518458, 6.274607426030594 ], [ -75.599520359819309, 6.274605164455043 ], [ -75.599559887560389, 6.274646973983507 ], [ -75.599574004077084, 6.274659403558588 ], [ -75.59959094529728, 6.274668443310523 ], [ -75.599609580028044, 6.27467409162338 ], [ -75.599629342323908, 6.27467409113296 ], [ -75.599647977765457, 6.274672959821623 ], [ -75.599667740239695, 6.274674088511965 ], [ -75.599685809011589, 6.274677476745475 ], [ -75.599705008241529, 6.274676346248821 ], [ -75.599723077007525, 6.274674085853453 ], [ -75.599741146304808, 6.274669564376599 ], [ -75.599759780851358, 6.274674082597238 ], [ -75.599776720985616, 6.274681992259921 ], [ -75.599790838409831, 6.274694421822129 ], [ -75.599789710346485, 6.274713632575565 ], [ -75.599798181620415, 6.274730582497249 ], [ -75.599811169134469, 6.274745272418865 ], [ -75.599828109818844, 6.274756571432911 ], [ -75.599845050324333, 6.274766741263996 ], [ -75.599861426857046, 6.274775780191733 ], [ -75.59987949563569, 6.274779169320626 ], [ -75.59988269590437, 6.274779546698054 ], [ -75.599892282073753, 6.274793758077482 ], [ -75.599905781618844, 6.274819143307383 ], [ -75.599931189099109, 6.274839383103546 ], [ -75.599946023313763, 6.274834933736514 ], [ -75.59998591102574, 6.274821253253529 ], [ -75.600038737697332, 6.274824495069492 ], [ -75.600060312666443, 6.274821266166577 ], [ -75.600098176933201, 6.274811310547281 ], [ -75.600135920790322, 6.274794931206626 ], [ -75.600176289988809, 6.274777412354559 ], [ -75.600209148521927, 6.274763930406657 ], [ -75.600267240217534, 6.274734454904992 ], [ -75.60031253646531, 6.274718264966163 ], [ -75.600313718433526, 6.274718120772889 ], [ -75.600332353865042, 6.274716989437072 ], [ -75.60035042206124, 6.274711337859594 ], [ -75.600368490811931, 6.274709076538532 ], [ -75.600387124439749, 6.274707946113994 ], [ -75.600405758966204, 6.274706814780298 ], [ -75.600424957466416, 6.274706814347416 ], [ -75.600444156865336, 6.274706813005337 ], [ -75.600462225058422, 6.274701161424641 ], [ -75.600479164593253, 6.274694379938777 ], [ -75.600497798033373, 6.27469211942508 ], [ -75.600516432395366, 6.274695508434274 ], [ -75.60053619467341, 6.274695507005195 ], [ -75.600545795089943, 6.274694376242314 ], [ -75.600587015353824, 6.274698893440085 ], [ -75.60060677853437, 6.274698892003809 ], [ -75.600625978115829, 6.274700020740585 ], [ -75.600640094647943, 6.274712450275839 ], [ -75.600654776219471, 6.274721490360939 ], [ -75.600673410556183, 6.274719228932359 ], [ -75.600692609234088, 6.274720357670772 ], [ -75.600711242671025, 6.274718097149466 ], [ -75.600729877006543, 6.274715835719044 ], [ -75.600768274174484, 6.274716963105722 ], [ -75.600787472665118, 6.274716961755377 ], [ -75.600807236029212, 6.274718090396454 ], [ -75.600824741572225, 6.274724869835261 ], [ -75.600839422609454, 6.274736169184583 ], [ -75.600854104736854, 6.274748598613935 ], [ -75.600868787772882, 6.274761028942168 ], [ -75.60088346899812, 6.274773458374618 ], [ -75.600900410037156, 6.274781367083966 ], [ -75.600919042964904, 6.274787016255662 ], [ -75.600936548696822, 6.274794925774319 ], [ -75.600951231544741, 6.274806225109686 ], [ -75.600965348080351, 6.274818653727703 ], [ -75.600982287505303, 6.274827693431372 ], [ -75.600999228546613, 6.27483560213617 ], [ -75.601016169406194, 6.274842381659201 ], [ -75.601031980546679, 6.274852551627837 ], [ -75.601049485186763, 6.274859330156492 ], [ -75.601112730588568, 6.274888707349408 ], [ -75.601130234704669, 6.274897746952832 ], [ -75.601147176122794, 6.27490791582085 ], [ -75.601164680769401, 6.274914695248262 ], [ -75.601182750104073, 6.274921474581337 ], [ -75.60120081978134, 6.27492486365446 ], [ -75.601218324985339, 6.27493503243015 ], [ -75.60123413594367, 6.274944072305011 ], [ -75.601249383487897, 6.274955371533926 ], [ -75.601264064912328, 6.274968931034482 ], [ -75.601279310838081, 6.274981360355759 ], [ -75.601288912250169, 6.274997179954757 ], [ -75.601299641236267, 6.275013000278884 ], [ -75.601313194191334, 6.275026559959748 ], [ -75.601330134716719, 6.275036729727137 ], [ -75.601347075954195, 6.275045768500398 ], [ -75.601364580793444, 6.275053678002869 ], [ -75.601382085257953, 6.275059327335074 ], [ -75.601401284127036, 6.275061586126386 ], [ -75.601419919399234, 6.275064975091007 ], [ -75.601454363296241, 6.275079663198507 ], [ -75.601472433352839, 6.275085312428488 ], [ -75.601491632069695, 6.27509209155893 ], [ -75.601510267713522, 6.275097739784789 ], [ -75.601527772555087, 6.27510564928004 ], [ -75.601544711805602, 6.275113558872977 ], [ -75.60156165323491, 6.275123727721279 ], [ -75.601637886235437, 6.275167793773442 ], [ -75.601654826580287, 6.275176833441277 ], [ -75.601671766732778, 6.275184742119807 ], [ -75.601689836416071, 6.275188131170962 ], [ -75.6017079062877, 6.275192650305805 ], [ -75.601725976159415, 6.275197169439886 ], [ -75.6017429147754, 6.275190388821868 ], [ -75.601760984042443, 6.27518586727517 ], [ -75.601778490317727, 6.275191516581502 ], [ -75.601790913007378, 6.275205076436028 ], [ -75.60180220740952, 6.275219765654473 ], [ -75.601819148278764, 6.275226544237943 ], [ -75.60183834677666, 6.275226543745314 ], [ -75.601856979678388, 6.27522654244684 ], [ -75.601876745043569, 6.275228801113927 ], [ -75.601895377796609, 6.275233320155549 ], [ -75.601912317956163, 6.275241229728044 ], [ -75.601929258300515, 6.275250268479989 ], [ -75.601945635054307, 6.275260438309465 ], [ -75.601963138999409, 6.275268347789607 ], [ -75.601979516459593, 6.275277385720701 ], [ -75.601995891218749, 6.275286425472643 ], [ -75.602013396967408, 6.275294334037412 ], [ -75.602030901628254, 6.275301113425749 ], [ -75.602049537282838, 6.275306762530944 ], [ -75.60206760625347, 6.275311281654855 ], [ -75.60216642426343, 6.27535082619714 ], [ -75.602181105720774, 6.275364386561376 ], [ -75.602195788412587, 6.275374555759927 ], [ -75.6022132947339, 6.275385854567373 ], [ -75.602230235089593, 6.275394894209511 ], [ -75.602247739754162, 6.275401673588015 ], [ -75.602265808917068, 6.275407322786926 ], [ -75.602283315050514, 6.275417491507074 ], [ -75.602298561344071, 6.275426531430955 ], [ -75.602313808203263, 6.275438960701732 ], [ -75.602329619561047, 6.275450259792869 ], [ -75.602345431822883, 6.275461558878765 ], [ -75.602362371464167, 6.275471727698903 ], [ -75.602379312727308, 6.275480767329444 ], [ -75.602394557592447, 6.275492066521601 ], [ -75.602409806076594, 6.275503366599082 ], [ -75.602423922660719, 6.275515796059372 ], [ -75.602439169524843, 6.27552822532421 ], [ -75.60245498160495, 6.275538395225111 ], [ -75.602471355468211, 6.275547434055723 ], [ -75.602488296544408, 6.275555343597227 ], [ -75.602506931636114, 6.275557602429162 ], [ -75.602525001326768, 6.275560991443825 ], [ -75.602541941495602, 6.275568900083525 ], [ -75.602578080926662, 6.275581328531845 ], [ -75.602649232651856, 6.275635565083892 ], [ -75.602663914644495, 6.275646864350332 ], [ -75.602680855915722, 6.275655903966591 ], [ -75.602697229788987, 6.275664943691011 ], [ -75.60271417086561, 6.275672852318139 ], [ -75.602731676253001, 6.275678501585992 ], [ -75.602749181119194, 6.275686411024531 ], [ -75.602767249574612, 6.275693189383649 ], [ -75.602781368885161, 6.275705619719158 ], [ -75.60279379250764, 6.275719178625321 ], [ -75.602805649831552, 6.275733868623009 ], [ -75.602820897750533, 6.275741777527594 ], [ -75.602840096630274, 6.275744036253109 ], [ -75.602859295318538, 6.275745164894463 ], [ -75.602877364581673, 6.27574064420937 ], [ -75.602894868056921, 6.275734992636604 ], [ -75.60291350200238, 6.275730470950716 ], [ -75.602932700497689, 6.275730469506224 ], [ -75.602990860870335, 6.27573159696395 ], [ -75.603009496100256, 6.27572933543702 ], [ -75.603044503371308, 6.275714642029618 ], [ -75.603063135510155, 6.275710121252245 ], [ -75.603078313733874, 6.275707272093606 ], [ -75.603081204954833, 6.275706729740457 ], [ -75.603090239772911, 6.275705599025932 ], [ -75.603148964135528, 6.275692035281581 ], [ -75.603167034341226, 6.275693163195677 ], [ -75.603183973617291, 6.275701072717291 ], [ -75.603202043443289, 6.275699941367903 ], [ -75.60321220604682, 6.275684120278981 ], [ -75.603222369740934, 6.275669428364682 ], [ -75.603231402775975, 6.275652477384969 ], [ -75.603244390296254, 6.275640046060363 ], [ -75.60326076381233, 6.275631005325558 ], [ -75.603274880514462, 6.275617443725445 ], [ -75.603289561384301, 6.275606142199558 ], [ -75.603303676282508, 6.275592581512274 ], [ -75.603316096916018, 6.27557788922227 ], [ -75.603319992043964, 6.27557009487326 ], [ -75.603324567969878, 6.275560938325491 ], [ -75.603332471625336, 6.275543987538467 ], [ -75.603348843618321, 6.275510084964444 ], [ -75.603353359854665, 6.275492003763074 ], [ -75.603358440778379, 6.275473922465673 ], [ -75.603362957922528, 6.275455842164064 ], [ -75.603369166413927, 6.275437760683521 ], [ -75.60337876594113, 6.275420810503676 ], [ -75.603388928531487, 6.275404988511609 ], [ -75.603400784476605, 6.275390297222544 ], [ -75.60341433577554, 6.275377866710322 ], [ -75.603428452275608, 6.275363175027498 ], [ -75.603442003564155, 6.275350742706986 ], [ -75.603457247115884, 6.275338311914854 ], [ -75.603474753275634, 6.275332660317329 ], [ -75.603491126580536, 6.275322488593945 ], [ -75.603504678259966, 6.275312318246587 ], [ -75.603519357443375, 6.275296496393015 ], [ -75.603531779876548, 6.275281804998238 ], [ -75.60354533097231, 6.275268243498171 ], [ -75.603559447850415, 6.275255811980048 ], [ -75.603573562920886, 6.275243380470785 ], [ -75.603588242874679, 6.275232079851961 ], [ -75.603597277487793, 6.275229819049739 ], [ -75.603639063239683, 6.275244506631032 ], [ -75.603654873849678, 6.275235465074974 ], [ -75.603671812934124, 6.27522642423449 ], [ -75.60369044794129, 6.275223032609207 ], [ -75.603709645888159, 6.275225291313629 ], [ -75.6037260211708, 6.275232070830004 ], [ -75.603735056344817, 6.275249020539519 ], [ -75.603751433623628, 6.275256929224191 ], [ -75.603771196394632, 6.275254668398475 ], [ -75.603790394148916, 6.275255797016727 ], [ -75.603808463818353, 6.275259185987958 ], [ -75.603827099595733, 6.275260314687813 ], [ -75.603845732083357, 6.275258053152934 ], [ -75.603863801304342, 6.275253531540073 ], [ -75.603882436370455, 6.275255790324969 ], [ -75.603899376723035, 6.275264828998829 ], [ -75.603916880864048, 6.275273868483763 ], [ -75.603933821028718, 6.275281777977615 ], [ -75.603951327489881, 6.275288556378537 ], [ -75.603970526667879, 6.275287425719788 ], [ -75.603988029010722, 6.275280644947641 ], [ -75.604003839417771, 6.275270473300721 ], [ -75.604020778681374, 6.275262561629316 ], [ -75.604037154864329, 6.275269340225198 ], [ -75.604049578496515, 6.275282899996582 ], [ -75.604064260683643, 6.275295329297755 ], [ -75.604081764245691, 6.275300978528636 ], [ -75.604100400602078, 6.275305497464749 ], [ -75.60410943488796, 6.275306626905413 ], [ -75.604189618276735, 6.275320181382305 ], [ -75.60420712203323, 6.275326960690307 ], [ -75.604224062200444, 6.275334870172191 ], [ -75.604259638593163, 6.275351818011603 ], [ -75.604276013559129, 6.275361987756995 ], [ -75.604291261857725, 6.275372156778303 ], [ -75.604305943147679, 6.275384586073692 ], [ -75.604321755235262, 6.275394755905004 ], [ -75.604338696304282, 6.275402664473027 ], [ -75.604356764945081, 6.275410573758892 ], [ -75.604374269997052, 6.275419613218695 ], [ -75.604409280292231, 6.275438821313715 ], [ -75.604426220654091, 6.275447859964243 ], [ -75.604442597427408, 6.275458028788787 ], [ -75.604457844122862, 6.275469328797652 ], [ -75.604472525418529, 6.275481758085615 ], [ -75.604486643834818, 6.275494187461241 ], [ -75.604501326744071, 6.275505486656882 ], [ -75.604518830188169, 6.275515656200348 ], [ -75.604551017961029, 6.275534864763659 ], [ -75.604567958845507, 6.27554164414309 ], [ -75.604585462610231, 6.275548423433236 ], [ -75.604602403685661, 6.275556331988985 ], [ -75.604619344765894, 6.275564241447968 ], [ -75.604652096712783, 6.275585709168691 ], [ -75.604659438038553, 6.275587968967431 ], [ -75.60466960318962, 6.27559248844146 ], [ -75.60468823574476, 6.275595877286478 ], [ -75.604708000189106, 6.275598135840131 ], [ -75.604726068960645, 6.275601524776744 ], [ -75.604743573435769, 6.275607173973724 ], [ -75.604758821942227, 6.275618473056308 ], [ -75.604773503247202, 6.275630902331071 ], [ -75.604789878735659, 6.27563881098061 ], [ -75.6048073852144, 6.275645590247338 ], [ -75.604824324491474, 6.275653499706197 ], [ -75.60484013658845, 6.275663668610136 ], [ -75.604855382196448, 6.275673838524235 ], [ -75.604871193390935, 6.275684007431259 ], [ -75.604889829170475, 6.275685136086046 ], [ -75.604909590514197, 6.275685134480702 ], [ -75.604928225781336, 6.275688523301631 ], [ -75.604941213225828, 6.275702082944483 ], [ -75.604950249157071, 6.275717903431183 ], [ -75.604957026723596, 6.275735982664375 ], [ -75.604967757424902, 6.275750672770299 ], [ -75.604984131115785, 6.275758582324102 ], [ -75.605002201770077, 6.275767620746836 ], [ -75.605018578760237, 6.275778920529925 ], [ -75.605030437031317, 6.275793610446279 ], [ -75.60504003855786, 6.275809430826994 ], [ -75.605053025100432, 6.2758229895651 ], [ -75.605064319590028, 6.27583767957347 ], [ -75.605078438930349, 6.275850108918726 ], [ -75.605093120247972, 6.275862538178533 ], [ -75.605107236879135, 6.275874967535894 ], [ -75.605123614581643, 6.275885137227513 ], [ -75.605130953790137, 6.275890787274543 ], [ -75.605178389450046, 6.275938245177278 ], [ -75.605188554763615, 6.275954064554359 ], [ -75.605188554604098, 6.275968754720572 ], [ -75.605175004461302, 6.275982316248303 ], [ -75.605170488100626, 6.275999267359498 ], [ -75.605185169939773, 6.276009437351046 ], [ -75.60520436931435, 6.276009435814396 ], [ -75.605222438724141, 6.276006044230036 ], [ -75.605241636684525, 6.27600830286354 ], [ -75.605256318716812, 6.276019602029574 ], [ -75.605264791077829, 6.27603655267962 ], [ -75.605269872793542, 6.276054632206817 ], [ -75.605281167294976, 6.276069322205799 ], [ -75.605293028291328, 6.276084012096778 ], [ -75.605303756492404, 6.276099831379421 ], [ -75.605319003926979, 6.27611000126188 ], [ -75.60533707526524, 6.276128079415241 ], [ -75.605383944476728, 6.276175538293977 ], [ -75.605394675393228, 6.276191357559313 ], [ -75.605408228453697, 6.276204917077028 ], [ -75.605424603263387, 6.27621395668482 ], [ -75.605443238349181, 6.27621621539708 ], [ -75.605461870842859, 6.276213954697527 ], [ -75.605478247968691, 6.276220734127569 ], [ -75.605490106258998, 6.276235423119759 ], [ -75.605497449450695, 6.276253503135919 ], [ -75.605504226148781, 6.276271583259548 ], [ -75.605516084243732, 6.276285142169347 ], [ -75.605533590746944, 6.276291921398772 ], [ -75.605551094342303, 6.27629757055993 ], [ -75.605566341781554, 6.27630773952671 ], [ -75.605581587616584, 6.276319039486759 ], [ -75.605598528723476, 6.276326947993433 ], [ -75.605616035030408, 6.276332597138153 ], [ -75.605634103512315, 6.27633937627749 ], [ -75.605652173999317, 6.276347285487906 ], [ -75.605669114005991, 6.276354063915149 ], [ -75.6056849261401, 6.27636423368178 ], [ -75.605702995526642, 6.276371012813404 ], [ -75.60572049931811, 6.276377791143817 ], [ -75.605738006022847, 6.276385700444764 ], [ -75.605755510017488, 6.276393609758371 ], [ -75.605772451132069, 6.276401519161382 ], [ -75.605788261655519, 6.276412818109172 ], [ -75.60580463918528, 6.276421857686089 ], [ -75.605822709472946, 6.27642863590358 ], [ -75.60585658989838, 6.276444454711642 ], [ -75.605873531010587, 6.276452363205972 ], [ -75.605891600201872, 6.276458012248178 ], [ -75.605909104507347, 6.276462531308299 ], [ -75.605927173500277, 6.27646705026835 ], [ -75.605945243396789, 6.276471569223141 ], [ -75.606016958996221, 6.276488514145181 ], [ -75.606035027591801, 6.276490772939717 ], [ -75.606054226863307, 6.276495291691025 ], [ -75.606072859947162, 6.276496420304105 ], [ -75.606091494837784, 6.276497548907432 ], [ -75.606109565040882, 6.27649867760974 ], [ -75.606128763015064, 6.276500937105553 ], [ -75.606147397001678, 6.276502065711322 ], [ -75.606166032090727, 6.276504324392312 ], [ -75.606184664270032, 6.276505453005623 ], [ -75.606203300262294, 6.276507711680629 ], [ -75.606221369056001, 6.276511100548495 ], [ -75.606240567928452, 6.276513359131328 ], [ -75.606259767504866, 6.276514487628558 ], [ -75.606278399483955, 6.276514486158035 ], [ -75.606316797138206, 6.276513353816617 ], [ -75.606335995610607, 6.276513352235257 ], [ -75.606355194082738, 6.276513350653206 ], [ -75.606374392754176, 6.27651447915062 ], [ -75.606392462954432, 6.276515607842582 ], [ -75.606411098241153, 6.276518996594354 ], [ -75.606429166833919, 6.276521255374128 ], [ -75.606447801017268, 6.276523514048742 ], [ -75.606466998389237, 6.276522383290816 ], [ -75.606486197563342, 6.276521251619195 ], [ -75.606505395833537, 6.276520119951379 ], [ -75.606524030827757, 6.276516729117871 ], [ -75.606542100426324, 6.27651446756432 ], [ -75.606560732704637, 6.276511075839087 ], [ -75.606579930777627, 6.27650881499281 ], [ -75.606599129749156, 6.276506553237302 ], [ -75.606617764736427, 6.276503161496824 ], [ -75.606635833229134, 6.276499769864951 ], [ -75.606671972024571, 6.276492987494629 ], [ -75.606690040115254, 6.27648733570129 ], [ -75.606706980237576, 6.276479423939141 ], [ -75.606727869971962, 6.27645343200472 ], [ -75.606738032441342, 6.276437609981684 ], [ -75.606752713011574, 6.276425178300405 ], [ -75.60676852245679, 6.276415007486732 ], [ -75.606785462574948, 6.276407095723446 ], [ -75.606803530459786, 6.276400313848083 ], [ -75.606820470781528, 6.27639353306793 ], [ -75.606838539769001, 6.276387881267048 ], [ -75.606856608052908, 6.276383359549969 ], [ -75.606874677239745, 6.276378837827878 ], [ -75.606893312020858, 6.276374316904487 ], [ -75.606911944492282, 6.276372056153521 ], [ -75.606931143452542, 6.276369794388489 ], [ -75.606950342613104, 6.276368662702565 ], [ -75.60698817554362, 6.276367529513241 ], [ -75.607007374502274, 6.276365267745636 ], [ -75.60702487719584, 6.27636074703271 ], [ -75.607042382192972, 6.276353965242508 ], [ -75.607059322502693, 6.276347183552475 ], [ -75.607077391482775, 6.276341531745033 ], [ -75.607096023748539, 6.276338140908747 ], [ -75.607114658920779, 6.276335879233913 ], [ -75.607133857173466, 6.27633474754639 ], [ -75.607185693732049, 6.276372356073516 ], [ -75.607333094925522, 6.276429692562832 ], [ -75.607457669554591, 6.276462037759164 ], [ -75.607460075405555, 6.276456919618831 ], [ -75.607474091183789, 6.276427097945089 ], [ -75.607629053726839, 6.276043555125069 ], [ -75.607625224864549, 6.276039411889032 ], [ -75.607597755190113, 6.276009692022006 ], [ -75.607292764759393, 6.275679708126726 ], [ -75.607259353350599, 6.275643557377654 ], [ -75.607216371383302, 6.275398392114376 ], [ -75.60724643756123, 6.275376874804054 ], [ -75.607274372817912, 6.275336010280415 ], [ -75.607319926465223, 6.275281562132651 ], [ -75.607301901329436, 6.275242258210853 ], [ -75.607311194336589, 6.275235282272432 ], [ -75.60732681664571, 6.275228548741155 ], [ -75.607336960147308, 6.275223995075076 ], [ -75.607344582091187, 6.275214376742828 ], [ -75.607349542856937, 6.275205227313625 ], [ -75.607355030630117, 6.275186324021914 ], [ -75.607356291271657, 6.275172391536462 ], [ -75.607355970874423, 6.275157385664806 ], [ -75.607355067414559, 6.275141409923963 ], [ -75.60735109055986, 6.275120591049033 ], [ -75.607338896131196, 6.275094632814 ], [ -75.607323871929097, 6.275069759988247 ], [ -75.607309424676032, 6.275054799161595 ], [ -75.607298684818389, 6.275036456750182 ], [ -75.607290894813147, 6.275012833471767 ], [ -75.607289121057065, 6.274999898816463 ], [ -75.607289732767796, 6.274983378514079 ], [ -75.607292433423069, 6.27497032122314 ], [ -75.607294283516268, 6.274966997708993 ], [ -75.607298726108667, 6.274959025241047 ], [ -75.607299271472613, 6.27495804703951 ], [ -75.607305611586085, 6.274949928607391 ], [ -75.607308684672319, 6.274945991470989 ], [ -75.607317294370347, 6.274934966921369 ], [ -75.607318246568383, 6.27493440437132 ], [ -75.607329902517208, 6.274927488991443 ], [ -75.607330704693922, 6.274927099864814 ], [ -75.607350220137178, 6.274917636562229 ], [ -75.607355989603789, 6.274915403718635 ], [ -75.607365377824308, 6.274911767825229 ], [ -75.607390686684809, 6.274899801243452 ], [ -75.607399395082439, 6.274894088483618 ], [ -75.607405907927856, 6.274889817792618 ], [ -75.607422658000431, 6.274873500085313 ], [ -75.607438615991938, 6.274857966530389 ], [ -75.607450577596595, 6.274852015167411 ], [ -75.607466731306857, 6.274841680814927 ], [ -75.607483828308318, 6.274830265023504 ], [ -75.607484186079205, 6.274830080620601 ], [ -75.607500537981494, 6.274821628446234 ], [ -75.607512413367814, 6.274817597744263 ], [ -75.607520527708417, 6.274813972714331 ], [ -75.607528149801084, 6.27480928966883 ], [ -75.60753656400388, 6.27480346536521 ], [ -75.60753700249829, 6.274803162127831 ], [ -75.60754121929908, 6.274795570491459 ], [ -75.607541938371426, 6.274794276810312 ], [ -75.607544590174101, 6.274788109637432 ], [ -75.607546982065344, 6.274782546769899 ], [ -75.60755504129925, 6.274763485118471 ], [ -75.607561374217823, 6.274758462237375 ], [ -75.60756816204271, 6.274750078492093 ], [ -75.607579377448289, 6.274738333985054 ], [ -75.607593488511441, 6.27472530846135 ], [ -75.607605713679348, 6.274714765850354 ], [ -75.60762248409155, 6.274703265797864 ], [ -75.607631595261168, 6.274697516675899 ], [ -75.607647411690465, 6.274695119875886 ], [ -75.607667061880463, 6.274688409675366 ], [ -75.607681496143925, 6.274674971191724 ], [ -75.607713358153674, 6.274633968681749 ], [ -75.607717321398098, 6.274616272680373 ], [ -75.607684853181198, 6.274572284432406 ], [ -75.607806291522195, 6.274517505323462 ], [ -75.607879093251412, 6.274419584243834 ], [ -75.607748405492131, 6.274262517608257 ], [ -75.607732279262621, 6.274243136141457 ], [ -75.607762395386942, 6.274206429407676 ], [ -75.60778681862493, 6.274158651834611 ], [ -75.607856950305305, 6.27402145887825 ], [ -75.607950059000913, 6.273861253351825 ], [ -75.60797944301649, 6.273810693679376 ], [ -75.608024640438089, 6.273722628806981 ], [ -75.608044195404105, 6.273685524456329 ], [ -75.608075950742105, 6.273625271355125 ], [ -75.608090934711456, 6.273596841663799 ], [ -75.608119046689964, 6.273544668248185 ], [ -75.608119155151044, 6.273544495031767 ], [ -75.608144450084552, 6.273494511729819 ], [ -75.608198409592902, 6.273381028863994 ], [ -75.608214763746361, 6.273351246198803 ], [ -75.608231159970288, 6.273321384670753 ], [ -75.608323514263262, 6.273158856773729 ], [ -75.608391658477643, 6.273007217775546 ], [ -75.608452202259826, 6.272913832008539 ], [ -75.608477779111325, 6.272858414792674 ], [ -75.608503186410672, 6.272797429390733 ], [ -75.608528391806914, 6.272732000619158 ], [ -75.608545422889719, 6.27270789662652 ], [ -75.608557125982045, 6.272676327198544 ], [ -75.60856902323826, 6.272646193360631 ], [ -75.608574026092697, 6.272633524208874 ], [ -75.608578837098136, 6.272621337878572 ], [ -75.608584536497389, 6.272622098736998 ], [ -75.608603275339476, 6.272557527588978 ], [ -75.608603883303985, 6.272554786152341 ], [ -75.608613302697506, 6.272512386571576 ], [ -75.608617596792982, 6.27249418446583 ], [ -75.608630175145308, 6.272475828992229 ], [ -75.608644494006001, 6.272442839814364 ], [ -75.608719468431204, 6.272367646974512 ], [ -75.608844632622251, 6.272344199519131 ], [ -75.609026307739953, 6.272354947877014 ], [ -75.609527113047761, 6.272429056735835 ], [ -75.60981755747784, 6.272486438619024 ], [ -75.610024338436745, 6.272573727797559 ], [ -75.610221557890071, 6.272649057670316 ], [ -75.61036737477562, 6.272646652928509 ], [ -75.610608803340881, 6.272568894402741 ], [ -75.610802425135759, 6.272506686219996 ], [ -75.611068952964658, 6.272430119627744 ], [ -75.611187276733176, 6.272391838457205 ], [ -75.611310375651826, 6.272285385295165 ], [ -75.611788427048339, 6.271853593205364 ], [ -75.611904355494175, 6.271771060151337 ], [ -75.612113510225313, 6.271662207830476 ], [ -75.612270079134774, 6.271597610232295 ], [ -75.612381228959777, 6.271535408877072 ], [ -75.612562889251251, 6.271385895126588 ], [ -75.612751718188008, 6.271205285692075 ], [ -75.612852111257013, 6.271153848351672 ], [ -75.613021830178738, 6.271115561900544 ], [ -75.613225011364506, 6.271050960336335 ], [ -75.613514248067688, 6.270967215328601 ], [ -75.613646916245642, 6.270954047543494 ], [ -75.613694484973493, 6.270941760889451 ], [ -75.613732913796326, 6.270939760123007 ], [ -75.613881920107261, 6.270942272141328 ], [ -75.61390868197941, 6.270949107095115 ], [ -75.613976221595991, 6.270965516875456 ], [ -75.614029632855292, 6.270978189249155 ], [ -75.614185475388865, 6.271058924267908 ], [ -75.614319054317804, 6.27106335922696 ], [ -75.614338723939142, 6.271064958883075 ], [ -75.61444415447319, 6.271067702668139 ], [ -75.614461408620812, 6.271068304540836 ], [ -75.61461707818205, 6.27107373482956 ], [ -75.614849448693377, 6.271082710334925 ], [ -75.614925284088258, 6.271085524908446 ], [ -75.615095088627371, 6.271165612192894 ], [ -75.615177792500106, 6.271161941070016 ], [ -75.615244871371345, 6.271158969033313 ], [ -75.615326638145703, 6.271135876151319 ], [ -75.615489928342924, 6.271088728750325 ], [ -75.615589461127229, 6.271061454455977 ], [ -75.61570849191834, 6.271027644080514 ], [ -75.6157963736255, 6.270974160516388 ], [ -75.615862713710797, 6.270935203343796 ], [ -75.615941868048807, 6.270856604309048 ], [ -75.616055807076904, 6.270808919413525 ], [ -75.616074811938205, 6.270800965525853 ], [ -75.616157173419907, 6.270789898979985 ], [ -75.616254458005656, 6.270784140654638 ], [ -75.616472166651505, 6.270771253545703 ], [ -75.616604982634655, 6.270737451912393 ], [ -75.616682110835427, 6.270717822882681 ], [ -75.616697925602693, 6.270710799818767 ], [ -75.616980681943886, 6.270585227696063 ], [ -75.617012734235914, 6.270570990496427 ], [ -75.617021076958125, 6.270573880678504 ], [ -75.617021572043853, 6.270574057208648 ], [ -75.617037874906956, 6.270575952939988 ], [ -75.617038218429272, 6.27057599281053 ], [ -75.617043760488826, 6.270581263805921 ], [ -75.61705048476874, 6.270584454987187 ], [ -75.617083814095821, 6.270631144883129 ], [ -75.617499062039357, 6.270549160622867 ], [ -75.617694833301627, 6.27048910228654 ], [ -75.617913790149942, 6.270417560420817 ], [ -75.617968769249671, 6.270400811952725 ], [ -75.618093541487482, 6.270320908057977 ], [ -75.61819608508182, 6.270253443860692 ], [ -75.618300541541629, 6.27019435160361 ], [ -75.618399500652828, 6.270147459028768 ], [ -75.618467865776779, 6.27012783743257 ], [ -75.618564438204132, 6.270113955732996 ], [ -75.618696390387086, 6.270118246809215 ], [ -75.618854403299494, 6.270160330030979 ], [ -75.618981812930954, 6.270161034743982 ], [ -75.61928037659851, 6.270139953954794 ], [ -75.619481172282391, 6.27012510350592 ], [ -75.619628662114764, 6.27012245667965 ], [ -75.619780213946285, 6.270098999836604 ], [ -75.619874873589126, 6.270084398807087 ], [ -75.619928263079331, 6.270068150831976 ], [ -75.619930925053083, 6.270067853646669 ], [ -75.619953283584096, 6.270065345185558 ], [ -75.619970550288016, 6.270063416372952 ], [ -75.619994566804309, 6.270063641619258 ], [ -75.620002616294457, 6.270063719795983 ], [ -75.620002878306011, 6.270063720293794 ], [ -75.62000424085015, 6.270063739697502 ], [ -75.620010234812966, 6.270063795607606 ], [ -75.620012518878724, 6.270063809498776 ], [ -75.620013028505241, 6.270063822319118 ], [ -75.620023531898227, 6.270065539029113 ], [ -75.620026867577678, 6.270066088286338 ], [ -75.620032051458452, 6.270066935679671 ], [ -75.620035423303264, 6.270067490180319 ], [ -75.620040570088094, 6.270068326910362 ], [ -75.620043978107304, 6.270068888462501 ], [ -75.620050134044178, 6.270069899148711 ], [ -75.620096894869377, 6.270077564028908 ], [ -75.620114212799223, 6.270079017930773 ], [ -75.62011534440596, 6.270079108101342 ], [ -75.620116869233243, 6.27007923970003 ], [ -75.620122967544077, 6.270079747114635 ], [ -75.620137654354551, 6.270080982736027 ], [ -75.620138679312745, 6.270081065303407 ], [ -75.620162028688071, 6.270083025144177 ], [ -75.620166840851226, 6.27008343321599 ], [ -75.620183247570637, 6.270090212942441 ], [ -75.6201924459113, 6.270094014598736 ], [ -75.620215620374225, 6.270095142676599 ], [ -75.620216027074335, 6.270095169572331 ], [ -75.620217343758767, 6.270095232599452 ], [ -75.62022034764432, 6.270095376689768 ], [ -75.620233872957996, 6.270098315933113 ], [ -75.620238290904496, 6.27009993017753 ], [ -75.620241622697776, 6.270101148453553 ], [ -75.620243501778447, 6.270101840602523 ], [ -75.620246982863407, 6.270103102430559 ], [ -75.620260939408936, 6.270101936009267 ], [ -75.620268025312924, 6.270098663147702 ], [ -75.620268692349242, 6.270098355144933 ], [ -75.620269586523833, 6.270097939327602 ], [ -75.620273695982092, 6.270096036531346 ], [ -75.620286455658544, 6.270092567138298 ], [ -75.620287050241842, 6.2700924050508 ], [ -75.620300620343485, 6.27009562884569 ], [ -75.620302140047627, 6.270096000948127 ], [ -75.620314310808126, 6.270098892720641 ], [ -75.620328267300579, 6.270099162841721 ], [ -75.620328403347457, 6.270099267935742 ], [ -75.620341785857065, 6.270109792913807 ], [ -75.62035034649746, 6.270116519662756 ], [ -75.620357657855422, 6.270117866298809 ], [ -75.620360114855302, 6.270118315982073 ], [ -75.620364082981197, 6.270119048309001 ], [ -75.620364685048685, 6.270119480148253 ], [ -75.620375331765402, 6.270127099614013 ], [ -75.620380292277929, 6.270129171307333 ], [ -75.620384385485963, 6.270130888428619 ], [ -75.620388236066319, 6.270132506413291 ], [ -75.620401867406898, 6.270131349751065 ], [ -75.620401982990671, 6.270131337420249 ], [ -75.620409572392632, 6.270132276743969 ], [ -75.620412919157545, 6.270132693950861 ], [ -75.620415727123458, 6.270133046048554 ], [ -75.620420911197982, 6.270137187813648 ], [ -75.620426569717836, 6.270141715045252 ], [ -75.620428203024204, 6.270144210204659 ], [ -75.620433850475592, 6.270152851846638 ], [ -75.620444235160747, 6.270153051231977 ], [ -75.620447854815339, 6.270153114492142 ], [ -75.620485116318505, 6.270171964805267 ], [ -75.62049246561017, 6.270179096298055 ], [ -75.620493792018735, 6.270180382462335 ], [ -75.620499455771935, 6.270187403954663 ], [ -75.620499902155714, 6.270187959523881 ], [ -75.620503052875648, 6.270188016992679 ], [ -75.620506670736958, 6.270188082973444 ], [ -75.620543934063974, 6.270206935983511 ], [ -75.620551285177243, 6.270214070177987 ], [ -75.620552609747477, 6.270215350022842 ], [ -75.620558271721961, 6.270222376947243 ], [ -75.620561405380471, 6.270226253229628 ], [ -75.620563577224644, 6.270228941874374 ], [ -75.620568937287146, 6.270235577044782 ], [ -75.62056905546369, 6.270235722006522 ], [ -75.620609126628921, 6.270256528188247 ], [ -75.620612097207541, 6.270257781718068 ], [ -75.620621863726313, 6.270261922254945 ], [ -75.620623600232875, 6.270262830280388 ], [ -75.620635782033304, 6.270269197175436 ], [ -75.62063832840731, 6.27027053690412 ], [ -75.620649999307858, 6.270276636041895 ], [ -75.620652899850427, 6.270278157522041 ], [ -75.620653899001027, 6.270278680492107 ], [ -75.620665120603903, 6.27028454501446 ], [ -75.620677002574936, 6.2702907561024 ], [ -75.620686474986911, 6.270295705429983 ], [ -75.620689425359771, 6.270297254686238 ], [ -75.620695555226618, 6.27030046144323 ], [ -75.620699086074168, 6.270303183971205 ], [ -75.620701887660815, 6.270305333360115 ], [ -75.620704617612418, 6.270307430672163 ], [ -75.620716942271144, 6.270316893238119 ], [ -75.620719515360236, 6.270318878327855 ], [ -75.62072440568862, 6.27032263462211 ], [ -75.6207288888112, 6.270326081958371 ], [ -75.620736984179018, 6.27033172615903 ], [ -75.620744010631412, 6.270336627149226 ], [ -75.620585936118559, 6.272927815831681 ], [ -75.620545694247767, 6.273567948940739 ], [ -75.620540749917055, 6.273609250125299 ], [ -75.620495799660247, 6.273603997416213 ], [ -75.620495732209122, 6.273604963284575 ], [ -75.620495470675579, 6.273608673931303 ], [ -75.620495448753516, 6.273608987748104 ], [ -75.620495422589784, 6.27360935673352 ], [ -75.620495416599908, 6.273609423663558 ], [ -75.620495659771748, 6.273609631283328 ], [ -75.620495931985431, 6.27360986497528 ], [ -75.620495994590954, 6.273609918001241 ], [ -75.620496076250546, 6.273609987204809 ], [ -75.620516476601608, 6.273627450897825 ], [ -75.62057047224252, 6.273673671692996 ], [ -75.620572069210198, 6.273675038768132 ], [ -75.620575951838205, 6.273678362531634 ], [ -75.620577082415139, 6.273679329636486 ], [ -75.620577494100772, 6.273679449623488 ], [ -75.62070842945603, 6.273780211176913 ], [ -75.620786491154675, 6.273878459171282 ], [ -75.620799093184871, 6.273994348356602 ], [ -75.620869602546904, 6.274100154953132 ], [ -75.621000207394104, 6.274162968517135 ], [ -75.62100053524334, 6.27416312598952 ], [ -75.621166561803392, 6.27418827916859 ], [ -75.621166711895796, 6.274188301922603 ], [ -75.621312750791617, 6.274256308752753 ], [ -75.621405925278054, 6.274399904219256 ], [ -75.621489040798622, 6.274661910614225 ], [ -75.621607395866903, 6.274838254026142 ], [ -75.621665321725743, 6.274994450301921 ], [ -75.6216927477262, 6.275064848163065 ], [ -75.621704494987611, 6.275099012301972 ], [ -75.621707756205467, 6.275106344121543 ], [ -75.621707860367053, 6.275106576845886 ], [ -75.621710486519191, 6.275112480728184 ], [ -75.62170824344247, 6.275129697016181 ], [ -75.621708245516857, 6.27514167210701 ], [ -75.621714230882588, 6.27515589454499 ], [ -75.621720872545509, 6.275166035507694 ], [ -75.621728447404564, 6.275177600202122 ], [ -75.621732188893546, 6.275188828801359 ], [ -75.621738175159805, 6.275203050329995 ], [ -75.621738179086137, 6.275241224899633 ], [ -75.621735191183035, 6.275277155221922 ], [ -75.621738185764499, 6.275305598039757 ], [ -75.621742675496051, 6.275333293852881 ], [ -75.621745656743229, 6.2753520262919 ], [ -75.621745755644298, 6.275352652306063 ], [ -75.621747916026422, 6.275366227611229 ], [ -75.62175016173147, 6.275379701234936 ], [ -75.621746424315035, 6.275407398474066 ], [ -75.621744182402153, 6.275426110965833 ], [ -75.621743438223874, 6.275448566876825 ], [ -75.621741194131815, 6.275470275414897 ], [ -75.621738207514639, 6.275503210599727 ], [ -75.62173576179741, 6.275514052513281 ], [ -75.621735678707665, 6.275514419975385 ], [ -75.621732973137412, 6.275526415859431 ], [ -75.621729234146358, 6.275539890527579 ], [ -75.62171352822935, 6.275572826133449 ], [ -75.621719516080006, 6.275601270232084 ], [ -75.621721015005747, 6.275622229547912 ], [ -75.621721017105656, 6.27564468443367 ], [ -75.621720271247725, 6.275662649916633 ], [ -75.621715783788034, 6.275679118944972 ], [ -75.621713899269949, 6.27568456898142 ], [ -75.62171378884112, 6.275684889569648 ], [ -75.62170905348691, 6.275698581681382 ], [ -75.621698582488037, 6.275721786048389 ], [ -75.621698392178885, 6.275722032000209 ], [ -75.621698240262972, 6.275722367261103 ], [ -75.621682533040683, 6.275742580121483 ], [ -75.621664106047717, 6.275765448250207 ], [ -75.621661186580781, 6.275775684108785 ], [ -75.621655204636596, 6.275801883725446 ], [ -75.621643373662337, 6.275843647000287 ], [ -75.621642904903553, 6.275845302863176 ], [ -75.621640996097511, 6.275852038586595 ], [ -75.621627535611026, 6.275891710809677 ], [ -75.621622301236243, 6.275914916975632 ], [ -75.621615571847073, 6.275944857696865 ], [ -75.621610337467644, 6.275968062959087 ], [ -75.621608844568257, 6.27599725511382 ], [ -75.621609430649727, 6.276006048625669 ], [ -75.621609661066017, 6.276009485589672 ], [ -75.621611092902228, 6.276030939760554 ], [ -75.621609489945001, 6.276048064247169 ], [ -75.621608851010777, 6.27605489396056 ], [ -75.621608852836843, 6.276070610933481 ], [ -75.621611851374126, 6.276126752144672 ], [ -75.621613261345644, 6.276135527064835 ], [ -75.621618587863381, 6.276168668325499 ], [ -75.621621135267787, 6.276192602153206 ], [ -75.621622332641323, 6.276203849822217 ], [ -75.621629815896554, 6.276227801417406 ], [ -75.62164253682208, 6.27625774144975 ], [ -75.621651516527322, 6.276283191702561 ], [ -75.62165678175721, 6.276316361293709 ], [ -75.621659002031194, 6.276330347642839 ], [ -75.621660499558047, 6.276358790725707 ], [ -75.621657511248586, 6.276376756593271 ], [ -75.621657197960317, 6.27637716227474 ], [ -75.621644795714928, 6.276393226156046 ], [ -75.621629836053742, 6.276415683661726 ], [ -75.621629735056459, 6.276415902948723 ], [ -75.621620861485013, 6.276435146794604 ], [ -75.621616619375033, 6.276445395608125 ], [ -75.62161646462549, 6.276445525663024 ], [ -75.621616277149712, 6.276445976821056 ], [ -75.621605118647281, 6.276455286612268 ], [ -75.621604914839153, 6.276455362669644 ], [ -75.621587942112072, 6.276461729053673 ], [ -75.621577030788742, 6.276468796456174 ], [ -75.621568121071562, 6.276478648264256 ], [ -75.621564761283793, 6.276495502198698 ], [ -75.621563908312382, 6.276505781047264 ], [ -75.621568191867084, 6.276548605432204 ], [ -75.621567709278651, 6.276549122256315 ], [ -75.621569427535476, 6.276599653895841 ], [ -75.621569321278571, 6.276604239790989 ], [ -75.621568575489363, 6.27663648481173 ], [ -75.62156772123862, 6.27666474801697 ], [ -75.621561270462493, 6.27669114345396 ], [ -75.621561186369803, 6.27669149103202 ], [ -75.621559258872395, 6.276692323376313 ], [ -75.621558891934569, 6.276692479807584 ], [ -75.621555674668528, 6.276702244339608 ], [ -75.621551348565333, 6.276715389260295 ], [ -75.621546597772536, 6.276728343744763 ], [ -75.621541657269546, 6.276741302795758 ], [ -75.621539170796311, 6.276755014384289 ], [ -75.621538527284713, 6.276768874950784 ], [ -75.621529436110222, 6.276779298127622 ], [ -75.621528183866118, 6.276793383236718 ], [ -75.62152754589404, 6.276807448091822 ], [ -75.621527299990845, 6.276821503750591 ], [ -75.621527671868577, 6.27683533753367 ], [ -75.62152661555416, 6.276849216441045 ], [ -75.621521259382149, 6.276861982298925 ], [ -75.621517538647979, 6.276875314039168 ], [ -75.621516483241635, 6.276889193846132 ], [ -75.621516455845949, 6.276903041382043 ], [ -75.621517621804642, 6.276916857626746 ], [ -75.62151779765334, 6.276930696912091 ], [ -75.621518164156527, 6.276944539762721 ], [ -75.621517514299313, 6.276958395840908 ], [ -75.621516664825577, 6.276972262863708 ], [ -75.621516622984373, 6.276986112280036 ], [ -75.621517002346962, 6.277000358274385 ], [ -75.621517977724992, 6.277014185418169 ], [ -75.621518143645687, 6.277028026561325 ], [ -75.621518725326865, 6.277042259789455 ], [ -75.621518072796391, 6.27705612311351 ], [ -75.621514569004788, 6.277069656275638 ], [ -75.621509837389965, 6.277083012969459 ], [ -75.621505092943309, 6.277095971943671 ], [ -75.621500146160386, 6.277108940067993 ], [ -75.621495609566551, 6.277122089660606 ], [ -75.621492106646357, 6.277135616490267 ], [ -75.621489626507483, 6.277149329856063 ], [ -75.621487140902573, 6.277163034208725 ], [ -75.621481783880199, 6.277175810920709 ], [ -75.621475803336835, 6.277188384631761 ], [ -75.621468389625861, 6.277200189843441 ], [ -75.621464468353068, 6.277213528917663 ], [ -75.621463420390882, 6.277227812800216 ], [ -75.621466032783786, 6.277241798090078 ], [ -75.62146945261874, 6.277255546993192 ], [ -75.621472875292213, 6.277269502006358 ], [ -75.621476083687952, 6.27728306573329 ], [ -75.621479700251584, 6.277296406826181 ], [ -75.621480269167776, 6.27731043580226 ], [ -75.62147758937212, 6.277324151976665 ], [ -75.621474684552894, 6.277337676714771 ], [ -75.621471797849409, 6.277351391213561 ], [ -75.621468902015124, 6.277364905962181 ], [ -75.621466005295417, 6.277378424331452 ], [ -75.621461886295791, 6.277391971425086 ], [ -75.621457142742585, 6.277404928587794 ], [ -75.621452411933916, 6.277418085482707 ], [ -75.621447704511382, 6.277432666146022 ], [ -75.621443195413065, 6.277446435783225 ], [ -75.62143970457592, 6.277460571885907 ], [ -75.62143833745094, 6.277471920095286 ], [ -75.621438031281514, 6.277474471062104 ], [ -75.621438821758971, 6.277488902136803 ], [ -75.621442493030742, 6.277499453044137 ], [ -75.6214447674421, 6.2775145059068 ], [ -75.621464173214903, 6.277574032879422 ], [ -75.621461822665935, 6.277574280612832 ], [ -75.621404224820907, 6.277564116474349 ], [ -75.621336460437959, 6.277516661291491 ], [ -75.621216736191016, 6.277372028282679 ], [ -75.621128072488816, 6.2772771136223 ], [ -75.620984074323687, 6.277185595058995 ], [ -75.620838950837395, 6.277092889622384 ], [ -75.62079659354518, 6.277065830030776 ], [ -75.620640731315433, 6.276927980970765 ], [ -75.620580303301296, 6.276853404309134 ], [ -75.620549611001181, 6.276804121559119 ], [ -75.620533868894427, 6.276790996660766 ], [ -75.620468024346792, 6.276685858393992 ], [ -75.620329028072888, 6.276546803683069 ], [ -75.620113927785965, 6.276454114662023 ], [ -75.619657267012997, 6.276384627586578 ], [ -75.619488500841612, 6.276358156222584 ], [ -75.619293264732065, 6.276348243055214 ], [ -75.619157599560722, 6.276424413349937 ], [ -75.619088117717951, 6.276510510758953 ], [ -75.619025255353634, 6.276613162662789 ], [ -75.618960641236953, 6.276723977016341 ], [ -75.618903799416429, 6.276757514447484 ], [ -75.618355739549088, 6.27690203894445 ], [ -75.618245322535259, 6.276930914547829 ], [ -75.618178112809559, 6.276940537257149 ], [ -75.618067693393243, 6.276940548120649 ], [ -75.617995674941298, 6.276930937552023 ], [ -75.617897250611406, 6.276905695927061 ], [ -75.61770521345548, 6.276843174530807 ], [ -75.617604392184063, 6.276814318654346 ], [ -75.617517974722361, 6.276804699565635 ], [ -75.617426751779831, 6.276804707389598 ], [ -75.617364340143482, 6.276819149935491 ], [ -75.617321140155198, 6.276848018267968 ], [ -75.617282739689401, 6.276886507982892 ], [ -75.617264021225765, 6.276905704323916 ], [ -75.617240309412765, 6.27694412690874 ], [ -75.617225629636295, 6.276967860404981 ], [ -75.617206437488065, 6.277031143660283 ], [ -75.617196842043569, 6.277084256193851 ], [ -75.61720644850655, 6.277155447865583 ], [ -75.617211540124828, 6.277271841473747 ], [ -75.617216067549577, 6.277376935378213 ], [ -75.617201167330165, 6.2774301549055 ], [ -75.617198594613953, 6.277439647717089 ], [ -75.617189498921846, 6.277459139479572 ], [ -75.61718179566013, 6.277473595911571 ], [ -75.617148369638187, 6.277516757337811 ], [ -75.617109963533352, 6.277545626114585 ], [ -75.617047556792826, 6.27756486827826 ], [ -75.616922730925182, 6.277564879581012 ], [ -75.616826710108171, 6.277555271382364 ], [ -75.61668987666485, 6.277501168828524 ], [ -75.616627899591847, 6.277492296219962 ], [ -75.616555448080348, 6.277481931846007 ], [ -75.616546382300115, 6.277482090183014 ], [ -75.616423947167178, 6.277481943851068 ], [ -75.616211035943692, 6.27753461648319 ], [ -75.615969751484357, 6.277631123112607 ], [ -75.615783538066879, 6.277712686937605 ], [ -75.615600094200033, 6.277785104078064 ], [ -75.615523800036328, 6.277808764031489 ], [ -75.615432886674895, 6.277808771839186 ], [ -75.615379260404268, 6.277813989592757 ], [ -75.615278428666457, 6.277765894976182 ], [ -75.61514639915039, 6.277684119137272 ], [ -75.615059976836747, 6.277607148230344 ], [ -75.614887135068102, 6.277520566853241 ], [ -75.614778455053255, 6.27750041690389 ], [ -75.614757512505975, 6.277496532839237 ], [ -75.614599077905041, 6.27747729774455 ], [ -75.614507864177568, 6.277482114654859 ], [ -75.614441514105579, 6.27748935496892 ], [ -75.614287020709568, 6.277506190132201 ], [ -75.614038133991556, 6.27753542494882 ], [ -75.614023095856766, 6.277537893114635 ], [ -75.613866160100144, 6.277554339866561 ], [ -75.613745073964608, 6.277549011336167 ], [ -75.613596442603992, 6.277523698692229 ], [ -75.613521469619229, 6.277511402738584 ], [ -75.613490075451949, 6.277506259931173 ], [ -75.613340302623385, 6.27747254514685 ], [ -75.613276425042997, 6.277458167744009 ], [ -75.61312538774267, 6.277468196727837 ], [ -75.613014952686768, 6.277486921596395 ], [ -75.612966357588746, 6.27750620827557 ], [ -75.61288993726329, 6.277562231153533 ], [ -75.612020427720338, 6.277888013608388 ], [ -75.611925772628169, 6.277892898815946 ], [ -75.611919103812568, 6.277893243100731 ], [ -75.611898945798714, 6.277895407691584 ], [ -75.611878193593114, 6.277896184801699 ], [ -75.6118608174679, 6.277895634171002 ], [ -75.611812006639084, 6.277891606116865 ], [ -75.611769692608718, 6.277882994586967 ], [ -75.611709247474906, 6.277865564929686 ], [ -75.611654545585168, 6.277849162542581 ], [ -75.611631093759982, 6.277843422177937 ], [ -75.611614348207041, 6.277839051444561 ], [ -75.611578870507543, 6.277830531440976 ], [ -75.611536589575863, 6.277820946953462 ], [ -75.611500771322895, 6.277819509251253 ], [ -75.611497268659221, 6.277819368521221 ], [ -75.611442941792845, 6.277826725679951 ], [ -75.611250216238616, 6.277881078618476 ], [ -75.611010472799435, 6.277969030511633 ], [ -75.610860345742324, 6.278031993519374 ], [ -75.610761689681809, 6.278074923334264 ], [ -75.610644447624807, 6.278132162241762 ], [ -75.610576773361956, 6.278164015484498 ], [ -75.61039137709561, 6.278252361425701 ], [ -75.610075458430956, 6.278415085622337 ], [ -75.609984782355667, 6.278474789289353 ], [ -75.609896488788536, 6.278534492817363 ], [ -75.609721342983491, 6.27867373141209 ], [ -75.609663685888052, 6.278715237925502 ], [ -75.609548098917273, 6.278797184606781 ], [ -75.609457424354048, 6.278868829085953 ], [ -75.609378195042765, 6.278940778101279 ], [ -75.609320585970252, 6.279008080888371 ], [ -75.609277386323413, 6.279060948962914 ], [ -75.609214984963785, 6.279195527983921 ], [ -75.609182401338202, 6.2792627014411 ], [ -75.609166502769639, 6.27929415623669 ], [ -75.609132750282683, 6.279363743948901 ], [ -75.609099143994214, 6.279426224998458 ], [ -75.609069799234348, 6.279446566309299 ], [ -75.609078981422527, 6.279446723928925 ], [ -75.609091404376301, 6.279460283487983 ], [ -75.609101005067117, 6.279470453325181 ], [ -75.60911004016566, 6.279480623270728 ], [ -75.609117946293466, 6.279493051771516 ], [ -75.609122465198809, 6.279505482700677 ], [ -75.609125289336973, 6.279519043120387 ], [ -75.60912811437889, 6.279532603535505 ], [ -75.609130372920333, 6.279546163159703 ], [ -75.609134328244892, 6.279559723361738 ], [ -75.609139410237944, 6.279573283368692 ], [ -75.609145622309669, 6.279585713988914 ], [ -75.609153529140343, 6.279597013310056 ], [ -75.609167645687378, 6.279598142593676 ], [ -75.609178374233409, 6.279590230968927 ], [ -75.609186842493116, 6.279578929532983 ], [ -75.609198701324985, 6.279571018599013 ], [ -75.609211687449942, 6.279566497702578 ], [ -75.60922467468653, 6.279563106878893 ], [ -75.609238790814899, 6.279561976005859 ], [ -75.609252908259165, 6.279563104378953 ], [ -75.609261944265384, 6.27957327431545 ], [ -75.60927097957709, 6.279584574333683 ], [ -75.609281144962608, 6.279594744060769 ], [ -75.609291960587242, 6.279602317692032 ], [ -75.609292438401724, 6.27960265252421 ], [ -75.609306555156365, 6.279604911881372 ], [ -75.609320107012991, 6.279606041265096 ], [ -75.609334225152438, 6.279606039553477 ], [ -75.609348340585797, 6.279606038759046 ], [ -75.609358101571118, 6.279606851643226 ], [ -75.609389089312828, 6.279610897351072 ], [ -75.609411383108906, 6.279629727166135 ], [ -75.60941282214452, 6.27962985921374 ], [ -75.609422604764347, 6.279653331416656 ], [ -75.609431921932995, 6.279675685807064 ], [ -75.609463726719696, 6.279720227633509 ], [ -75.609466003805906, 6.279724994246097 ], [ -75.609498344136796, 6.279792700002307 ], [ -75.609513401740585, 6.27983944810157 ], [ -75.609513807379997, 6.279841073390823 ], [ -75.609517173524608, 6.279852616847992 ], [ -75.609517761815184, 6.279854633589292 ], [ -75.609517761617568, 6.279868194530009 ], [ -75.609517763227061, 6.279881755461733 ], [ -75.609516634754655, 6.279896444876676 ], [ -75.609514376702919, 6.279910006232091 ], [ -75.609513239840794, 6.279913582046754 ], [ -75.609508842164885, 6.27995196155497 ], [ -75.609515261765296, 6.279960525358086 ], [ -75.609515510981353, 6.279960857713984 ], [ -75.609524546306901, 6.279972157722623 ], [ -75.609535276185966, 6.279981197257405 ], [ -75.609536895149034, 6.279982080586744 ], [ -75.609541398886009, 6.279986567583669 ], [ -75.609560686135794, 6.279994757099963 ], [ -75.609582313944642, 6.280003950201167 ], [ -75.609620681704484, 6.280049374174353 ], [ -75.609632345172315, 6.280063181594525 ], [ -75.609641288114275, 6.280085496254379 ], [ -75.609650387420231, 6.280108003603012 ], [ -75.609650902876922, 6.28011135962382 ], [ -75.609651043852381, 6.280112272023636 ], [ -75.609652739536969, 6.280125832638739 ], [ -75.609653304030942, 6.280139392568841 ], [ -75.609652176477383, 6.280154083786177 ], [ -75.609655000638554, 6.280167644195593 ], [ -75.609662341897831, 6.280178943610172 ], [ -75.609673636263551, 6.280186852957115 ], [ -75.609683145813193, 6.280194864326743 ], [ -75.609686287957956, 6.280196991278503 ], [ -75.609702529007308, 6.280207982303819 ], [ -75.609713933551859, 6.280215700342533 ], [ -75.609718811922306, 6.280218490350083 ], [ -75.609731235458781, 6.280225269407761 ], [ -75.609744224168281, 6.280229788201179 ], [ -75.60975777666863, 6.280234307797516 ], [ -75.609771328050854, 6.280237696416895 ], [ -75.609784376461917, 6.280240960072502 ], [ -75.609811408544104, 6.280243343918347 ], [ -75.609842573264487, 6.280246092273847 ], [ -75.609849794625418, 6.28024892302526 ], [ -75.609923476509607, 6.280277790053066 ], [ -75.609942630592954, 6.280297872248825 ], [ -75.609962422801161, 6.280344111206517 ], [ -75.609971471945826, 6.280387188017998 ], [ -75.609981134812486, 6.280401487271168 ], [ -75.61000390935601, 6.28043518827193 ], [ -75.610013430453293, 6.280474339999246 ], [ -75.610022305403177, 6.280510199643055 ], [ -75.610044934582646, 6.28054935737997 ], [ -75.61008156143447, 6.280612740128568 ], [ -75.610086616757116, 6.280621484305232 ], [ -75.610102089309706, 6.280657565062496 ], [ -75.610132194027216, 6.28068782477183 ], [ -75.610173118696451, 6.280747727115847 ], [ -75.610176841709745, 6.280776301310267 ], [ -75.61017990987537, 6.28079983862593 ], [ -75.610191180204311, 6.280824854736779 ], [ -75.610227775071721, 6.280860422339793 ], [ -75.610235270135561, 6.280880277917364 ], [ -75.610276278987769, 6.280929510985154 ], [ -75.610293253076435, 6.280946717362038 ], [ -75.610311157938185, 6.280963593630164 ], [ -75.610312511430152, 6.280964870643126 ], [ -75.610341712025246, 6.281018562703909 ], [ -75.610319524247672, 6.281071227473338 ], [ -75.610313705901163, 6.281085229695689 ], [ -75.610308971921711, 6.281118114170484 ], [ -75.610335326367363, 6.281146769778249 ], [ -75.610353769539884, 6.281181370202852 ], [ -75.610356183668628, 6.281188249818419 ], [ -75.610370180890342, 6.281228145825422 ], [ -75.61037283094241, 6.281265495673122 ], [ -75.610359484348166, 6.281296849163179 ], [ -75.610377972388619, 6.281332654474614 ], [ -75.610389347539439, 6.281344437293623 ], [ -75.610391453637504, 6.281346617323583 ], [ -75.610435000694778, 6.281391720589936 ], [ -75.610437969299824, 6.281414492653944 ], [ -75.610438694443729, 6.281420036358589 ], [ -75.610433499476741, 6.281435660974203 ], [ -75.61049617030821, 6.281561983718505 ], [ -75.610501282264451, 6.281572297053084 ], [ -75.6105013991818, 6.281572913943779 ], [ -75.610513134242709, 6.281635681339013 ], [ -75.610512893005307, 6.281665220053593 ], [ -75.610512283745109, 6.28173855426755 ], [ -75.610512280827777, 6.281738875224065 ], [ -75.610512224660965, 6.281765303041778 ], [ -75.610512094673112, 6.28182603404843 ], [ -75.610512021151933, 6.281860216091567 ], [ -75.610511996996664, 6.281871680621034 ], [ -75.610511992011453, 6.281873942608753 ], [ -75.610511941363953, 6.281897852586468 ], [ -75.61051189828919, 6.281918388567358 ], [ -75.610511863540751, 6.28193479565601 ], [ -75.610521240048868, 6.281952537169823 ], [ -75.610531567907032, 6.281972082057688 ], [ -75.6105669184372, 6.282010481902583 ], [ -75.610604963380254, 6.282051811012858 ], [ -75.610611636686855, 6.282059059915648 ], [ -75.610617513305826, 6.282065443992194 ], [ -75.610687578518906, 6.282141557030574 ], [ -75.61068819487069, 6.282150648814715 ], [ -75.610688766290338, 6.282159064585 ], [ -75.610688974009904, 6.282162127413258 ], [ -75.610690662975571, 6.282187013225569 ], [ -75.610692873831283, 6.282219622544017 ], [ -75.610690583334332, 6.28222141317308 ], [ -75.610680193740123, 6.282229533795181 ], [ -75.610680854511713, 6.282243003728702 ], [ -75.610684293419993, 6.282248471502333 ], [ -75.610700400998866, 6.282279243998694 ], [ -75.610706875228189, 6.28230690489437 ], [ -75.610704332453253, 6.282306300115483 ], [ -75.610705490088023, 6.282315045653446 ], [ -75.610711598573232, 6.282361222655169 ], [ -75.610712958442434, 6.282394760172374 ], [ -75.610723497371112, 6.282417854246259 ], [ -75.610726123648178, 6.282423608143519 ], [ -75.610730237132714, 6.282433898429571 ], [ -75.610737146109344, 6.28244057297616 ], [ -75.61073963188835, 6.282442974409814 ], [ -75.610742940033489, 6.28244577314088 ], [ -75.610756023034227, 6.282462665304414 ], [ -75.610771759946587, 6.282480887652135 ], [ -75.610771899789611, 6.282492805199186 ], [ -75.610771943088849, 6.282496414901345 ], [ -75.610771972675423, 6.28249890544356 ], [ -75.610771992945942, 6.282500614923033 ], [ -75.610760647534505, 6.282497159290452 ], [ -75.610757397294662, 6.282496007470938 ], [ -75.610757355662187, 6.282495993213846 ], [ -75.610744254622574, 6.28249106549347 ], [ -75.610741005477422, 6.282489770826632 ], [ -75.61073655838409, 6.28248795326489 ], [ -75.610733460093954, 6.282486652420445 ], [ -75.610725274604931, 6.282483086987304 ], [ -75.61072120866973, 6.282481244920817 ], [ -75.610720216146319, 6.282480787900771 ], [ -75.610719941745629, 6.282480659990008 ], [ -75.610719901902144, 6.282480642107736 ], [ -75.610719865677069, 6.28248062511139 ], [ -75.610719814960177, 6.282480600954951 ], [ -75.610719755190431, 6.28248057322747 ], [ -75.610719662823044, 6.28248053119772 ], [ -75.610719515207833, 6.282480462321984 ], [ -75.610718176710066, 6.28247983796984 ], [ -75.610716654344984, 6.282479122321391 ], [ -75.610716141755162, 6.282478880783978 ], [ -75.61071095487732, 6.282476376212451 ], [ -75.610710484823471, 6.282476148927642 ], [ -75.610710386104671, 6.282476101505263 ], [ -75.610710160573333, 6.282475989623564 ], [ -75.610707979544244, 6.282474910214598 ], [ -75.610707914331002, 6.282474877993984 ], [ -75.610707700576555, 6.282474772381946 ], [ -75.610700859843334, 6.282471274367222 ], [ -75.610700569071739, 6.282471124840681 ], [ -75.610698645923648, 6.282470121893427 ], [ -75.610697136687108, 6.282469321197556 ], [ -75.610688052407852, 6.282464346298538 ], [ -75.610684056601286, 6.28246207264401 ], [ -75.610677906511484, 6.28245846630946 ], [ -75.610677821331421, 6.282458416107287 ], [ -75.610674121162901, 6.282456180755332 ], [ -75.61067388914941, 6.282456037263855 ], [ -75.610668317130546, 6.282452577213154 ], [ -75.610668231024491, 6.282452522495316 ], [ -75.610668202930782, 6.282452505458386 ], [ -75.610668173929099, 6.282452487521975 ], [ -75.610668138575974, 6.282452464192866 ], [ -75.610665435741296, 6.282450744600951 ], [ -75.610665378636909, 6.282450707819556 ], [ -75.610662569598588, 6.282448889311066 ], [ -75.610662534249968, 6.282448866886035 ], [ -75.61066214628255, 6.282448612973543 ], [ -75.610659029768158, 6.282446556423811 ], [ -75.610658985353126, 6.282446527715572 ], [ -75.610658921892778, 6.282446484637465 ], [ -75.610658861156409, 6.282446444257928 ], [ -75.610658736060714, 6.282446361708806 ], [ -75.610658110550702, 6.282445942634946 ], [ -75.610657854911381, 6.282445772139548 ], [ -75.610657731622666, 6.282445689581377 ], [ -75.610657638248128, 6.282445626763273 ], [ -75.610656515016217, 6.28244486753499 ], [ -75.610651348270181, 6.282441326807243 ], [ -75.610651312000044, 6.282441300770503 ], [ -75.610651275738917, 6.282441276541917 ], [ -75.610646160117426, 6.282437660521722 ], [ -75.610635658828372, 6.282429905473548 ], [ -75.610635598060441, 6.282429858765687 ], [ -75.610635559061834, 6.282429829126349 ], [ -75.610635497394924, 6.282429783327095 ], [ -75.61063227669068, 6.282427306908573 ], [ -75.610632247661925, 6.28242728354787 ], [ -75.61063220775533, 6.282427253009024 ], [ -75.61063216603273, 6.282427220671108 ], [ -75.610632138819966, 6.282427199109464 ], [ -75.610629237165824, 6.282424926320064 ], [ -75.610629178209408, 6.282424880507267 ], [ -75.610629130126341, 6.282424840968592 ], [ -75.610626116694377, 6.282422438552311 ], [ -75.610621777176121, 6.282422263132408 ], [ -75.610620712636234, 6.282422221436006 ], [ -75.610616422818651, 6.282422047576071 ], [ -75.610609568333274, 6.282421770800481 ], [ -75.610605254121566, 6.282421597062206 ], [ -75.61060116583073, 6.282421432140688 ], [ -75.610565251457317, 6.282417638092899 ], [ -75.610550855895056, 6.282414200394493 ], [ -75.610537359492469, 6.282410977893645 ], [ -75.610507858919007, 6.282391922898475 ], [ -75.610460985950397, 6.282347367868377 ], [ -75.610458539819561, 6.282347300522658 ], [ -75.610449759225858, 6.282347057769813 ], [ -75.610411919949129, 6.282314183317059 ], [ -75.610397547200961, 6.282304266990947 ], [ -75.610394351341128, 6.282302061664708 ], [ -75.610384518977838, 6.282295277848251 ], [ -75.610367982488555, 6.282286118173522 ], [ -75.61034870158818, 6.282265449927936 ], [ -75.610347609744039, 6.282264281001858 ], [ -75.610344175213811, 6.282260596917105 ], [ -75.610341692665344, 6.282257936902575 ], [ -75.61034090057143, 6.282257087422146 ], [ -75.610339151070406, 6.282255212994387 ], [ -75.61033570657041, 6.282251522630857 ], [ -75.610334408521894, 6.282250131430746 ], [ -75.610323764340166, 6.282238722867432 ], [ -75.610318882801565, 6.282233490114936 ], [ -75.610318853736786, 6.282233459521918 ], [ -75.610290048496182, 6.282224475903318 ], [ -75.61026676591176, 6.282210683130673 ], [ -75.610184702814649, 6.2821620699962 ], [ -75.610143191917331, 6.282139929687187 ], [ -75.610050644060863, 6.282090677248653 ], [ -75.609849446004162, 6.282013183516163 ], [ -75.609747196485387, 6.281966683472553 ], [ -75.60967646446619, 6.281951631237269 ], [ -75.609611344875134, 6.281931471055669 ], [ -75.609602094942503, 6.281928606134141 ], [ -75.609602066941179, 6.281928788894546 ], [ -75.609598340055683, 6.281952915224282 ], [ -75.609594609837799, 6.281970209570183 ], [ -75.609593105874168, 6.281997476369098 ], [ -75.609593098454738, 6.281997619248001 ], [ -75.609593188021421, 6.281997643210726 ], [ -75.609590913478016, 6.28201550618031 ], [ -75.609585232936041, 6.282047553711125 ], [ -75.609581132858636, 6.282067683235082 ], [ -75.609575464867518, 6.282094997936143 ], [ -75.609573058481033, 6.282143691000971 ], [ -75.609572618006865, 6.282187465195528 ], [ -75.609572366486944, 6.282212411344514 ], [ -75.609572213040224, 6.282534368671281 ], [ -75.609507122655202, 6.282558875379425 ], [ -75.609307218246059, 6.282632756710511 ], [ -75.60916206134398, 6.282686405803373 ], [ -75.60914348688496, 6.282693270824812 ], [ -75.609039741739153, 6.282719435863179 ], [ -75.609039885805103, 6.282720424189131 ], [ -75.609040564557787, 6.282735515036613 ], [ -75.609037787678602, 6.282759728848753 ], [ -75.609029854777546, 6.282778383992148 ], [ -75.609028114778653, 6.282781860659799 ], [ -75.609023108674236, 6.282791880055054 ], [ -75.609018350229249, 6.282807357850515 ], [ -75.609011425658053, 6.282824746794973 ], [ -75.609000314127968, 6.282841210077922 ], [ -75.609002984878174, 6.282853714406634 ], [ -75.609022221201982, 6.28294375530086 ], [ -75.609034323754557, 6.282979114286036 ], [ -75.609059238507086, 6.283051903536514 ], [ -75.609095919594381, 6.283105278984345 ], [ -75.609099762994035, 6.283110872227122 ], [ -75.609128637547798, 6.283151514930236 ], [ -75.609214185537766, 6.283250317036796 ], [ -75.60945569627151, 6.283541176360101 ], [ -75.609471719147081, 6.283560210980726 ], [ -75.609627831626923, 6.283745674045726 ], [ -75.609760515349549, 6.28391429738419 ], [ -75.609832248157829, 6.284050636213825 ], [ -75.609839290597421, 6.284085883895011 ], [ -75.609856270263649, 6.284075189954061 ], [ -75.609879899822118, 6.284150211312461 ], [ -75.609876703951926, 6.284171380517217 ], [ -75.609876457309511, 6.284173014485062 ], [ -75.609874036055757, 6.284175944886339 ], [ -75.609841977819144, 6.284214749985032 ], [ -75.609803715571857, 6.284257985224413 ], [ -75.609769152853715, 6.284303688165275 ], [ -75.609756813502116, 6.284324687853001 ], [ -75.609744470855617, 6.284343214946738 ], [ -75.609725320627291, 6.284379937735995 ], [ -75.60970557564734, 6.284424404077074 ], [ -75.609693823573551, 6.284479468616918 ], [ -75.609690775614197, 6.284488626616769 ], [ -75.609690437689181, 6.284494784968773 ], [ -75.609689054564143, 6.28450079484834 ], [ -75.609686663315571, 6.284506481586234 ], [ -75.609683337191058, 6.28451167666119 ], [ -75.609679172088619, 6.284516224095748 ], [ -75.609674292040623, 6.284519993085623 ], [ -75.609668840142916, 6.284522870812663 ], [ -75.609662975003914, 6.284524775119413 ], [ -75.60965687432261, 6.284525647258649 ], [ -75.609650712359723, 6.284525463758906 ], [ -75.609644671647246, 6.284524229133184 ], [ -75.609638932159939, 6.284521978645491 ], [ -75.609595728626161, 6.284510864621077 ], [ -75.609504377561876, 6.284488640446713 ], [ -75.609410560813117, 6.284466415904707 ], [ -75.609369824611548, 6.284456538051575 ], [ -75.609308071485088, 6.284448043449425 ], [ -75.609245810068003, 6.28444506344671 ], [ -75.609200175782263, 6.284446936625294 ], [ -75.609183528364269, 6.284447620017838 ], [ -75.609121721385193, 6.284455690803537 ], [ -75.609060869506152, 6.284469217355176 ], [ -75.609001459161277, 6.284488087854276 ], [ -75.608943954026742, 6.284512156241918 ], [ -75.608598945196249, 6.284669707831921 ], [ -75.608282637810603, 6.284818339410417 ], [ -75.608198912581017, 6.284848926694523 ], [ -75.608186161022587, 6.284853585677543 ], [ -75.608163977558988, 6.284862388939508 ], [ -75.608139869381091, 6.284874046892527 ], [ -75.608100017798009, 6.284799653268983 ], [ -75.607785164080966, 6.284498291406948 ], [ -75.607755171052347, 6.284526578212144 ], [ -75.607721350092817, 6.28448673578476 ], [ -75.607673594771526, 6.284429588566844 ], [ -75.607672596272366, 6.284428477029078 ], [ -75.607613459187434, 6.284362580996791 ], [ -75.607527332643969, 6.284264457707179 ], [ -75.607523643378499, 6.284260060661462 ], [ -75.607523069857464, 6.284259377337706 ], [ -75.607478871449118, 6.284205985905072 ], [ -75.607437391808048, 6.284152793359109 ], [ -75.607432442367454, 6.284146446203161 ], [ -75.607420619417127, 6.284126398790518 ], [ -75.607420658005992, 6.284126346162303 ], [ -75.607420374293028, 6.284125981431493 ], [ -75.607400272050285, 6.284091887283576 ], [ -75.607351013751412, 6.284008337983228 ], [ -75.607304196587748, 6.283928925246787 ], [ -75.607237789322852, 6.283816286396569 ], [ -75.60715733633036, 6.283677937276685 ], [ -75.607128456676634, 6.283628276398972 ], [ -75.607120521655318, 6.283614414173975 ], [ -75.607111521170353, 6.283598693081487 ], [ -75.607103178528718, 6.283583352031306 ], [ -75.607103149675595, 6.283583363928025 ], [ -75.607086992126995, 6.28355378667373 ], [ -75.607068181170263, 6.283519352455615 ], [ -75.607058889469684, 6.283502122121617 ], [ -75.60704692397438, 6.283479932766694 ], [ -75.607046852849336, 6.283479802032046 ], [ -75.607057287206217, 6.283470852199299 ], [ -75.607057348382355, 6.283470799458481 ], [ -75.60701390411235, 6.283372150334264 ], [ -75.606951577787243, 6.28326161016908 ], [ -75.60686092507369, 6.283162413483424 ], [ -75.606818431155759, 6.283139741676214 ], [ -75.606762063622625, 6.283155132345771 ], [ -75.606756399979702, 6.283156678507806 ], [ -75.606730238226731, 6.283163820868531 ], [ -75.60636718233647, 6.28352664922616 ], [ -75.606336646793935, 6.283531280192018 ], [ -75.606331116950145, 6.283532117801832 ], [ -75.606283122572449, 6.283520002114328 ], [ -75.60628116490355, 6.283519506501382 ], [ -75.606260066662614, 6.283514180057418 ], [ -75.606255616847449, 6.283506373942663 ], [ -75.606216836399739, 6.283438347433723 ], [ -75.606188963719347, 6.283386583107315 ], [ -75.606185765527172, 6.283380643070323 ], [ -75.606171585337933, 6.283337540136344 ], [ -75.606143444830749, 6.283293680474136 ], [ -75.606127136200541, 6.283275122660724 ], [ -75.606066653827725, 6.283164526105404 ], [ -75.605986184867703, 6.283014356967538 ], [ -75.60597272825585, 6.282992091822548 ], [ -75.605972506448552, 6.282992365051618 ], [ -75.605968830923288, 6.28298564175776 ], [ -75.605944266965409, 6.283016279096438 ], [ -75.605944273313426, 6.283016465302207 ], [ -75.605947659186683, 6.283086970023464 ], [ -75.605947668272179, 6.283087161639982 ], [ -75.605949127523175, 6.283117487558446 ], [ -75.605954969598073, 6.283168299443905 ], [ -75.605956781092942, 6.28317827219743 ], [ -75.605964379069178, 6.283220084403052 ], [ -75.605973847935957, 6.283258753793349 ], [ -75.605984470968124, 6.283297680512905 ], [ -75.606011967222287, 6.283397248271267 ], [ -75.606014146965677, 6.283407687493857 ], [ -75.606015844954811, 6.283415186386132 ], [ -75.606018019841002, 6.283424468429601 ], [ -75.606020281075146, 6.283432946328878 ], [ -75.606023520079034, 6.283444906333033 ], [ -75.60602597141019, 6.283454726725274 ], [ -75.606028028155251, 6.283461874859965 ], [ -75.606029915186866, 6.28346814508942 ], [ -75.606034836139941, 6.283482204084938 ], [ -75.606038394481615, 6.283492791934438 ], [ -75.606048137724983, 6.283534665765576 ], [ -75.606050142696247, 6.283544299432664 ], [ -75.606052061724725, 6.283554092643591 ], [ -75.606053651609201, 6.283563288100074 ], [ -75.606055391061801, 6.283573489035303 ], [ -75.606056755964218, 6.283583408865189 ], [ -75.606056760532411, 6.283583600504191 ], [ -75.606057530015917, 6.28359950821234 ], [ -75.60605753458411, 6.28359969985134 ], [ -75.606057595647783, 6.283609787104134 ], [ -75.606057593891506, 6.283609978774667 ], [ -75.606057317939801, 6.283620064995242 ], [ -75.606057308955599, 6.283620256701766 ], [ -75.606056696829029, 6.283630329228997 ], [ -75.606056683313867, 6.283630518245937 ], [ -75.606055698312531, 6.283640827688772 ], [ -75.606054343618226, 6.283651287241118 ], [ -75.606052633582124, 6.283661694320934 ], [ -75.606050569049174, 6.283672037171089 ], [ -75.606048149956308, 6.28368230313503 ], [ -75.606045382573953, 6.283692481332774 ], [ -75.606042267738019, 6.283702558199134 ], [ -75.606038809907474, 6.28371252195898 ], [ -75.606035014440195, 6.28372235992881 ], [ -75.606030884918624, 6.283732065762262 ], [ -75.606026423967677, 6.283741622268976 ], [ -75.606021639678261, 6.283751021272082 ], [ -75.606016537403789, 6.283760249183909 ], [ -75.606011120722172, 6.283769298754066 ], [ -75.606005398605305, 6.283778157280932 ], [ -75.605999376415596, 6.283786812984956 ], [ -75.605993463405284, 6.283795620931679 ], [ -75.605987604750581, 6.283802098831966 ], [ -75.605978400365089, 6.283812564967705 ], [ -75.605966240593958, 6.283825210167196 ], [ -75.605954465492701, 6.283836358125528 ], [ -75.605937874977627, 6.283850291102244 ], [ -75.605935317362992, 6.283851970947287 ], [ -75.60592604980701, 6.283857552734214 ], [ -75.605918602558617, 6.283862172562669 ], [ -75.605906763626081, 6.283870481170426 ], [ -75.605886369808772, 6.283886146308189 ], [ -75.605879045237884, 6.283892359391674 ], [ -75.605844882223181, 6.283921343142126 ], [ -75.605811393886341, 6.283955722605967 ], [ -75.605806571176146, 6.28396067199224 ], [ -75.605768211992526, 6.284008662930285 ], [ -75.605741548975317, 6.284049431755714 ], [ -75.605732652135757, 6.284066140736289 ], [ -75.605715718677033, 6.284097940653407 ], [ -75.605694497433106, 6.284148674083929 ], [ -75.605694314567856, 6.284149328634593 ], [ -75.605689199299306, 6.284167744626813 ], [ -75.605682659423096, 6.284191289249674 ], [ -75.605679307833185, 6.284203357145497 ], [ -75.605677966655094, 6.284208184306504 ], [ -75.605677904634874, 6.284208430521393 ], [ -75.605677451796879, 6.284210572701053 ], [ -75.605675755553875, 6.284218669827768 ], [ -75.605671492516521, 6.284238581416519 ], [ -75.605671393482453, 6.284239196674546 ], [ -75.605662798710583, 6.284293713967326 ], [ -75.605660915073685, 6.284307726423162 ], [ -75.605660912413896, 6.284307918098258 ], [ -75.605660062543436, 6.28434228585474 ], [ -75.605660058980135, 6.284342477534343 ], [ -75.605659688457067, 6.284363149929138 ], [ -75.605659691218236, 6.284363341577255 ], [ -75.605660688360018, 6.2843850513501 ], [ -75.605660699257115, 6.284385243861669 ], [ -75.605662142785334, 6.284407326596503 ], [ -75.605662154576933, 6.284407517295453 ], [ -75.605664376224567, 6.284441434885923 ], [ -75.605664388919664, 6.284441625580402 ], [ -75.605666474855994, 6.284473509700406 ], [ -75.605666487551076, 6.284473700394904 ], [ -75.605668991811356, 6.284511935295926 ], [ -75.605669004506467, 6.284512125990425 ], [ -75.605671279150272, 6.284546887713117 ], [ -75.605671293647859, 6.284547077494535 ], [ -75.605672721687469, 6.284561330197057 ], [ -75.605672721729192, 6.28456152005053 ], [ -75.60567270919492, 6.284568620641379 ], [ -75.60567271737257, 6.284568811358392 ], [ -75.60568035292269, 6.284685487213634 ], [ -75.605680365617815, 6.284685677908122 ], [ -75.60568595911036, 6.284771115830845 ], [ -75.605685971805514, 6.284771306525284 ], [ -75.605687078758294, 6.284788212451142 ], [ -75.60568709235244, 6.284788402237088 ], [ -75.605690432460548, 6.284824839304315 ], [ -75.605690452523191, 6.284825057988082 ], [ -75.60569551975081, 6.284859417944024 ], [ -75.60569797627933, 6.284876086605194 ], [ -75.605709052043451, 6.284927172551592 ], [ -75.60572353425195, 6.284977207264379 ], [ -75.605727600880073, 6.284990071728314 ], [ -75.605741221606579, 6.285026227908919 ], [ -75.605744472333626, 6.285033643118822 ], [ -75.605756130813958, 6.285060219661333 ], [ -75.60576218713193, 6.285074020761237 ], [ -75.605779532472567, 6.285106974252721 ], [ -75.605786266376541, 6.28512022049411 ], [ -75.605809862279244, 6.285158987602155 ], [ -75.605813352206255, 6.285164722769348 ], [ -75.605838360474635, 6.285200257128713 ], [ -75.605843365215975, 6.285207367058719 ], [ -75.605876107830497, 6.285247849676569 ], [ -75.60589271882445, 6.285265783066848 ], [ -75.605911589021531, 6.285286157920665 ], [ -75.605934192696324, 6.285307469755228 ], [ -75.605949456067904, 6.285321858693843 ], [ -75.605989533440621, 6.2853550839602 ], [ -75.605999405386441, 6.285362185892289 ], [ -75.606031959151593, 6.285385607014877 ], [ -75.606076270110236, 6.285413148098258 ], [ -75.606122110607899, 6.285437581510585 ], [ -75.606169493086881, 6.285459047319726 ], [ -75.606218441691453, 6.285477313964539 ], [ -75.606268465188606, 6.285492256421359 ], [ -75.606319222972203, 6.285503697383951 ], [ -75.606370702956539, 6.285511931637788 ], [ -75.606422570489073, 6.285516525996961 ], [ -75.606474513488351, 6.285517769510623 ], [ -75.6065148912664, 6.285516067394203 ], [ -75.606544371867315, 6.285695230732006 ], [ -75.606544345819117, 6.285695261600106 ], [ -75.606513251714787, 6.285731800757054 ], [ -75.606457078231813, 6.285797810930214 ], [ -75.606452868240282, 6.285802062045077 ], [ -75.606415698427512, 6.285839598851839 ], [ -75.606398323572165, 6.285857146609346 ], [ -75.60634345752203, 6.28581324853635 ], [ -75.606332731608774, 6.285804669112951 ], [ -75.606245917597832, 6.285753226812682 ], [ -75.606245846010168, 6.285753184678621 ], [ -75.606184029269855, 6.285716551047232 ], [ -75.606134597887348, 6.285672287717545 ], [ -75.606066423358413, 6.28567035304205 ], [ -75.605979083219381, 6.285691959943923 ], [ -75.605977799981545, 6.285692273724614 ], [ -75.605967187704323, 6.285694899609212 ], [ -75.605865877925893, 6.285706456951376 ], [ -75.605756652981199, 6.285715767358922 ], [ -75.605703527458601, 6.28573997097512 ], [ -75.605655238829925, 6.285723062516556 ], [ -75.605614851287754, 6.285670919400652 ], [ -75.60558187770593, 6.285646839473081 ], [ -75.605565487177557, 6.285647599236436 ], [ -75.605513608214608, 6.285681181721484 ], [ -75.605465407610282, 6.285703725309618 ], [ -75.605462711474743, 6.285704987264896 ], [ -75.605202629815608, 6.285826621235846 ], [ -75.605208695702856, 6.285840891506576 ], [ -75.605357715713211, 6.285931840756321 ], [ -75.605357511851963, 6.285931907769439 ], [ -75.605337630104088, 6.285938470952868 ], [ -75.604828794933638, 6.286108295704794 ], [ -75.604684298957437, 6.286153138845967 ], [ -75.604438491157921, 6.286237681756718 ], [ -75.604232364345762, 6.286307957759803 ], [ -75.60397649212544, 6.286387256454577 ], [ -75.603858037385564, 6.286067589288068 ], [ -75.603761033313447, 6.285919512771305 ], [ -75.60370277685881, 6.285840651079553 ], [ -75.603564584375505, 6.285653567600934 ], [ -75.603536639348761, 6.285619223899082 ], [ -75.603463221360769, 6.285520996627241 ], [ -75.603370383939946, 6.285414929260607 ], [ -75.603321347734308, 6.285368157513002 ], [ -75.60326568626499, 6.285315074014597 ], [ -75.603202461701017, 6.285254773941226 ], [ -75.603089279091165, 6.285188145577427 ], [ -75.603038573980541, 6.285182575912004 ], [ -75.602931949318872, 6.285201542655478 ], [ -75.602801361870007, 6.285174253677825 ], [ -75.602635779219227, 6.285100791002287 ], [ -75.602416796113317, 6.284895447489425 ], [ -75.602121079615316, 6.284632937373646 ], [ -75.602096096122636, 6.284614880035711 ], [ -75.602095981913664, 6.284614988188293 ], [ -75.601532939132852, 6.285149082630077 ], [ -75.601492028152606, 6.285182776557287 ], [ -75.601366196140759, 6.285286409668312 ], [ -75.601518423521739, 6.285580421601452 ], [ -75.601548614530159, 6.28573196671756 ], [ -75.601533491436641, 6.285881533277465 ], [ -75.601559184335997, 6.286050071036635 ], [ -75.601588714863482, 6.286193418618991 ], [ -75.601621955672414, 6.286249261960381 ], [ -75.601625527160607, 6.286391512847626 ], [ -75.601640805634361, 6.286500521632107 ], [ -75.601761789967711, 6.286533259503742 ], [ -75.601766616314848, 6.286689641034901 ], [ -75.601781637019982, 6.286807123102637 ], [ -75.601917714798901, 6.286948690666564 ], [ -75.601933884070689, 6.287040038529133 ], [ -75.601953047015755, 6.287365783601033 ], [ -75.60203874981319, 6.287562888369727 ], [ -75.602041668110573, 6.28756759487766 ], [ -75.602219874873356, 6.287666864470848 ], [ -75.602282299391533, 6.287867037764277 ], [ -75.602252656748249, 6.288072291216368 ], [ -75.602378350888216, 6.288104354391163 ], [ -75.602513728972198, 6.288234654068018 ], [ -75.602798732209138, 6.28834457641244 ], [ -75.602848293140909, 6.288699334041572 ], [ -75.603127417314084, 6.288681069691958 ], [ -75.603100659782598, 6.288777711269253 ], [ -75.603097503462152, 6.288787814576606 ], [ -75.603097338093548, 6.288788535942045 ], [ -75.60309728755513, 6.288789273912489 ], [ -75.603097350839903, 6.288790007699491 ], [ -75.603110681462212, 6.28887025043974 ], [ -75.603147185949766, 6.289089956581952 ], [ -75.603147368474595, 6.289090685254349 ], [ -75.603147665537179, 6.289091371768836 ], [ -75.603148062622978, 6.289092004444904 ], [ -75.603148556037027, 6.289092567027777 ], [ -75.603240295187234, 6.289181831237387 ], [ -75.603251165726249, 6.289192406174809 ], [ -75.603247800628736, 6.289246784483566 ], [ -75.603241176875926, 6.289353871663741 ], [ -75.603241189637146, 6.289354620167486 ], [ -75.603241319795188, 6.289355356333231 ], [ -75.603241561843504, 6.289356063011241 ], [ -75.603241912977154, 6.289356721229996 ], [ -75.603242363199001, 6.289357319286514 ], [ -75.60324289975658, 6.289357836450786 ], [ -75.603243511767332, 6.289358264640454 ], [ -75.603244184716729, 6.289358592174974 ], [ -75.603438589600785, 6.28943495710922 ], [ -75.603500825024781, 6.289459403864589 ], [ -75.603503582871568, 6.289609730070421 ], [ -75.603503649667985, 6.289610443046025 ], [ -75.603503822978666, 6.289611135601251 ], [ -75.603504096416117, 6.289611795110981 ], [ -75.603504466289792, 6.289612406224477 ], [ -75.603504923488174, 6.289612953618048 ], [ -75.603505458926733, 6.289613427392215 ], [ -75.603506057191879, 6.289613816775025 ], [ -75.603570501151154, 6.289649029880953 ], [ -75.603718571599302, 6.289729934393389 ], [ -75.603762753449075, 6.289789528080724 ], [ -75.603806938047711, 6.289849127170823 ], [ -75.603820558918912, 6.289867499508044 ], [ -75.603855931310704, 6.28999946783077 ], [ -75.603883517965798, 6.290102388434285 ], [ -75.603860679968292, 6.290237101505213 ], [ -75.60386061353779, 6.290237913688015 ], [ -75.603860685343321, 6.29023872518162 ], [ -75.603860895267843, 6.290239512480817 ], [ -75.603861236865228, 6.290240251208059 ], [ -75.603861699198973, 6.290240922432407 ], [ -75.603862268608424, 6.2902415045244 ], [ -75.603869819160792, 6.290247993334032 ], [ -75.604174579040162, 6.290509895143124 ], [ -75.604184295258108, 6.290517997752506 ], [ -75.604184975254341, 6.290518469900428 ], [ -75.604185725102511, 6.290518816938911 ], [ -75.60418652396794, 6.290519028122992 ], [ -75.604287247605654, 6.290536331425051 ], [ -75.604289526438777, 6.290536722370351 ], [ -75.604331787084988, 6.290580261185287 ], [ -75.604383563717249, 6.290633603240022 ], [ -75.604414482036375, 6.290665457502425 ], [ -75.604414836060073, 6.290665788433131 ], [ -75.60441539283336, 6.290666191582018 ], [ -75.604470565734516, 6.290700286297048 ], [ -75.604494174226005, 6.290767084799744 ], [ -75.60449450309919, 6.290767808220357 ], [ -75.604494949094629, 6.290768464155974 ], [ -75.604495496785219, 6.290769039122556 ], [ -75.604496130721287, 6.290769515115776 ], [ -75.604496837273757, 6.290769876834561 ], [ -75.604497592915493, 6.290770117163655 ], [ -75.604498378627866, 6.290770227157317 ], [ -75.604601492838512, 6.29077606484178 ], [ -75.604781526966022, 6.290786259758233 ], [ -75.604782296679176, 6.290786241453881 ], [ -75.604783053112726, 6.29078609664657 ], [ -75.604783778232601, 6.290785832658804 ], [ -75.604784450390795, 6.290785456831031 ], [ -75.604785051539707, 6.290784973773637 ], [ -75.604844117070229, 6.29072934129517 ], [ -75.604919387093162, 6.29069687512802 ], [ -75.604996465710215, 6.290765730310508 ], [ -75.605000866491935, 6.290769660932371 ], [ -75.605044213683584, 6.290808392745316 ], [ -75.604972545785614, 6.290865111509103 ], [ -75.604684331125753, 6.290987227468694 ], [ -75.604597392957245, 6.291024058792496 ], [ -75.604573841656872, 6.291034039619095 ], [ -75.604520149061244, 6.291056788827698 ], [ -75.604112488006677, 6.291187473271953 ], [ -75.603713090726217, 6.291315522507149 ], [ -75.602781919666782, 6.291729411553038 ], [ -75.602458821859955, 6.291857319347661 ], [ -75.602285277764565, 6.291926023732373 ], [ -75.601462231980619, 6.292223548596807 ], [ -75.601462194100776, 6.292223562346551 ], [ -75.601328701025594, 6.292063976897142 ], [ -75.601289070472589, 6.291867180615985 ], [ -75.601302158606487, 6.291762512919847 ], [ -75.601320114696875, 6.291708632313131 ], [ -75.601245927024848, 6.291643323169593 ], [ -75.601248921240696, 6.291569765924145 ], [ -75.601248930536002, 6.291569636596073 ], [ -75.601255017555516, 6.291400205595913 ], [ -75.601246223677251, 6.291019258801662 ], [ -75.601184359967377, 6.290912117550553 ], [ -75.601184137331984, 6.29091222533957 ], [ -75.601184076940996, 6.290912254570586 ], [ -75.601054531278891, 6.290976287687606 ], [ -75.600633508937022, 6.291184393822147 ], [ -75.600371675212941, 6.290751719433021 ], [ -75.600213879084578, 6.290669206048883 ], [ -75.600213851152304, 6.290669221557089 ], [ -75.600212516803765, 6.29066998129036 ], [ -75.600112767364436, 6.290726343078576 ], [ -75.600006656868331, 6.290786302175145 ], [ -75.599892963498689, 6.290850537288321 ], [ -75.599892921155217, 6.290850561909009 ], [ -75.599890126270495, 6.290852143479584 ], [ -75.59988999384602, 6.290852222792873 ], [ -75.599889957822626, 6.290852246478028 ], [ -75.599663691962135, 6.291011184546621 ], [ -75.599663528108096, 6.291011302891384 ], [ -75.599570607433193, 6.29107875610709 ], [ -75.599570445309681, 6.291078859074005 ], [ -75.599538514468875, 6.291103557186037 ], [ -75.599469836837415, 6.291026996211056 ], [ -75.599469498736667, 6.291026596487253 ], [ -75.599469467783663, 6.291026549629741 ], [ -75.599469424986154, 6.291026482941657 ], [ -75.599469086943856, 6.291025913252528 ], [ -75.599469009264695, 6.291025736441621 ], [ -75.599468978028497, 6.291025632629097 ], [ -75.599468849865261, 6.291025296953284 ], [ -75.599468754444089, 6.291024822791824 ], [ -75.599468716528264, 6.291024647591096 ], [ -75.599468687045203, 6.291023987767208 ], [ -75.599468762085905, 6.291023452184531 ], [ -75.599475050198052, 6.290978474166882 ], [ -75.599479615094182, 6.290945816344956 ], [ -75.599479682677512, 6.290945416409846 ], [ -75.599479643040183, 6.290944713241144 ], [ -75.599479532821363, 6.290943988726141 ], [ -75.599479257993281, 6.290943230675869 ], [ -75.599478552425751, 6.290942158345547 ], [ -75.599400190482513, 6.290840818903568 ], [ -75.599399862801576, 6.29084033414529 ], [ -75.599399818116169, 6.290840251193305 ], [ -75.59939969496952, 6.290840015844138 ], [ -75.599399453409561, 6.290839406799678 ], [ -75.599399382576465, 6.290839153108698 ], [ -75.599399320612136, 6.29083886592304 ], [ -75.599399270087744, 6.290838517203714 ], [ -75.599399250633269, 6.290838238847155 ], [ -75.599399265139027, 6.290837703565816 ], [ -75.599399315618768, 6.290837316372823 ], [ -75.599399344472658, 6.290837122758297 ], [ -75.599407243069365, 6.290790586244142 ], [ -75.599407250953732, 6.290790536481074 ], [ -75.599407362458464, 6.2907900658099 ], [ -75.599407523732538, 6.290789610260188 ], [ -75.599408155846945, 6.29078808466074 ], [ -75.599408872774262, 6.290786353415351 ], [ -75.599409456674564, 6.290784943776802 ], [ -75.599440400070634, 6.290710292618773 ], [ -75.599440445619166, 6.290710185711854 ], [ -75.599460513156885, 6.290661145830792 ], [ -75.599382988771652, 6.290510174206402 ], [ -75.599315452049197, 6.290426449067184 ], [ -75.599131532107265, 6.290291178094455 ], [ -75.599130579838615, 6.290290643104034 ], [ -75.599129457045052, 6.290290338595978 ], [ -75.599128164184975, 6.290290356783089 ], [ -75.59912813620322, 6.290290362346763 ], [ -75.599126417358931, 6.290291022735233 ], [ -75.599126390339094, 6.290291040047017 ], [ -75.599125630326938, 6.290291738154925 ], [ -75.599125538627575, 6.290291830826392 ], [ -75.599125299373242, 6.29029204899382 ], [ -75.599094364306623, 6.290332032643543 ], [ -75.59909288605914, 6.290333472046783 ], [ -75.599092853667699, 6.290333499330067 ], [ -75.599092803233077, 6.290333532127598 ], [ -75.59909271129105, 6.29033357598049 ], [ -75.599092654477957, 6.290333597960889 ], [ -75.599091643385606, 6.290333952867806 ], [ -75.599091573923388, 6.29033397491115 ], [ -75.599091101294576, 6.290334139995826 ], [ -75.599091072400313, 6.290334143755907 ], [ -75.59909017474142, 6.290334052391883 ], [ -75.599088986027425, 6.290333937162406 ], [ -75.599087435525149, 6.290333019111378 ], [ -75.599084593434284, 6.29032928498248 ], [ -75.599054642731844, 6.290289919860284 ], [ -75.599036289619463, 6.290265800207762 ], [ -75.598990335322583, 6.290207471394446 ], [ -75.598988266199797, 6.290206008961505 ], [ -75.598924159971247, 6.290184029092935 ], [ -75.598923297877661, 6.290183821830543 ], [ -75.598922120567664, 6.29018381955253 ], [ -75.598922091673401, 6.290183823312604 ], [ -75.598921112604046, 6.290184076803905 ], [ -75.598921085548241, 6.29018408688331 ], [ -75.598920219461846, 6.290184530571107 ], [ -75.598920196051552, 6.29018454696085 ], [ -75.598919404281531, 6.290185218104449 ], [ -75.598919044743511, 6.290185595082565 ], [ -75.598918954001562, 6.29018569859806 ], [ -75.598918934241226, 6.290185722202232 ], [ -75.598918684387357, 6.290185989242103 ], [ -75.598882125647094, 6.290225227888452 ], [ -75.598881640629372, 6.290225627188658 ], [ -75.5988812599916, 6.290225940082832 ], [ -75.598880333428511, 6.290226395824458 ], [ -75.598880305464732, 6.290226405004326 ], [ -75.598879360562265, 6.290226624874952 ], [ -75.598878375784508, 6.290226638816122 ], [ -75.598877462339203, 6.290226461643551 ], [ -75.598876658312975, 6.290226121193939 ], [ -75.598875524242231, 6.290225365610448 ], [ -75.598875475277623, 6.290225330595419 ], [ -75.598874816289154, 6.290224903537372 ], [ -75.598853501726452, 6.290210844635299 ], [ -75.598852711762021, 6.290209879403377 ], [ -75.598852209131152, 6.290208734639849 ], [ -75.598852044789382, 6.290207664134809 ], [ -75.59885189475321, 6.290203109273227 ], [ -75.598849940217193, 6.290143804781871 ], [ -75.598842725056215, 6.290098623629102 ], [ -75.598830858172533, 6.290024283150025 ], [ -75.598786963934117, 6.28993176839777 ], [ -75.598775540686859, 6.289915238266011 ], [ -75.59873032908385, 6.289877438946728 ], [ -75.598683670346801, 6.289838429942924 ], [ -75.59867039719262, 6.289826548698244 ], [ -75.598622330161362, 6.28978469073469 ], [ -75.598501587754939, 6.289663364941834 ], [ -75.598422783140066, 6.289559042156199 ], [ -75.59836196849318, 6.289603059202593 ], [ -75.598322358388103, 6.289631728135681 ], [ -75.59831602483726, 6.289636311636874 ], [ -75.597845598390194, 6.289971222147524 ], [ -75.597751669857544, 6.290038092428123 ], [ -75.597621515882466, 6.290130752489256 ], [ -75.59762148795906, 6.290130769805474 ], [ -75.597531524161838, 6.29018238404412 ], [ -75.597531494422441, 6.290182399561232 ], [ -75.596963264848014, 6.290468344330601 ], [ -75.596956355647748, 6.290471821391233 ], [ -75.596792420285865, 6.290554323028638 ], [ -75.596069442487959, 6.290918133171266 ], [ -75.596063164167177, 6.290921292471483 ], [ -75.596062920258589, 6.290921483539134 ], [ -75.596037332071219, 6.290959121591174 ], [ -75.595959438567974, 6.291067040035009 ], [ -75.595876424359957, 6.291171065687989 ], [ -75.595843731909525, 6.291209662114885 ], [ -75.595792145369103, 6.291272400781415 ], [ -75.595766805420212, 6.291384425551088 ], [ -75.595750614920846, 6.29162206271587 ], [ -75.595754145865598, 6.291628236247754 ], [ -75.595754351036618, 6.291628614033979 ], [ -75.595754136594365, 6.291634557565487 ], [ -75.595753757372506, 6.291644982497104 ], [ -75.595755864344682, 6.291649517696826 ], [ -75.595760283019075, 6.291659059004068 ], [ -75.595760162309659, 6.291659496270928 ], [ -75.595718335056574, 6.291811448179806 ], [ -75.595699497719281, 6.291808263661626 ], [ -75.59566000179565, 6.291801586347448 ], [ -75.595219280777016, 6.291667562316774 ], [ -75.595215160607253, 6.291680473963712 ], [ -75.595203260962847, 6.291717765522616 ], [ -75.595200669931288, 6.291726017212759 ], [ -75.595184801831081, 6.291776568637286 ], [ -75.595176833050644, 6.291801946682623 ], [ -75.595170508091684, 6.291822105484274 ], [ -75.595268737113585, 6.291855296652132 ], [ -75.595225731500861, 6.292084413404205 ], [ -75.595210805567518, 6.292171499139157 ], [ -75.595203469810912, 6.292220099659874 ], [ -75.595192507870181, 6.292317049012452 ], [ -75.595227870082525, 6.292343545177592 ], [ -75.595251373515396, 6.292361149067485 ], [ -75.595398540232054, 6.292373288771834 ], [ -75.595398708339388, 6.292373298785003 ], [ -75.595458998324006, 6.292373433926911 ], [ -75.595522674664494, 6.292368091630904 ], [ -75.595522666162353, 6.292368380976241 ], [ -75.595516565644942, 6.292389519581631 ], [ -75.595512199031504, 6.292404657376746 ], [ -75.595511422675585, 6.292407342714458 ], [ -75.595510348710903, 6.292411050229155 ], [ -75.595504924202842, 6.292429856584075 ], [ -75.595504675483767, 6.292430716689146 ], [ -75.595499173635829, 6.292449778377009 ], [ -75.595495106316648, 6.292463869577036 ], [ -75.595493711759048, 6.292468701543243 ], [ -75.595490267977169, 6.29248062891089 ], [ -75.595487745345963, 6.292489371173111 ], [ -75.595482333217205, 6.292508123222562 ], [ -75.59547702583987, 6.292526499561348 ], [ -75.595471726589565, 6.292544874955792 ], [ -75.595465612670637, 6.292566044367248 ], [ -75.59545913022184, 6.292588510242318 ], [ -75.595453452516196, 6.292608184862145 ], [ -75.595448453382687, 6.292625497384165 ], [ -75.595443752729977, 6.292641781396298 ], [ -75.595442397217354, 6.29264647032522 ], [ -75.595440666953621, 6.292652476542335 ], [ -75.595438041256045, 6.292661570097388 ], [ -75.595434525545642, 6.292673750963383 ], [ -75.595430784162971, 6.292686702316858 ], [ -75.595425863231796, 6.292703751365399 ], [ -75.595418930349794, 6.292727760019726 ], [ -75.595414116057839, 6.292744449621616 ], [ -75.595413142573619, 6.292747831171137 ], [ -75.595411660934587, 6.292752958298165 ], [ -75.595409630387095, 6.292759993938474 ], [ -75.595407685999007, 6.292766730806542 ], [ -75.595406151888781, 6.29277184463343 ], [ -75.595401994717804, 6.292771844507235 ], [ -75.595394621947449, 6.292783143188996 ], [ -75.595371530342192, 6.292837745519886 ], [ -75.595387497451398, 6.292893386824149 ], [ -75.595400736202393, 6.292939630298923 ], [ -75.595411439873999, 6.292977006578531 ], [ -75.595416663459531, 6.292995250100011 ], [ -75.595424623518809, 6.293023068606301 ], [ -75.595432583521116, 6.293050875359368 ], [ -75.595442538773966, 6.293085644396815 ], [ -75.595447512301718, 6.293103022155078 ], [ -75.595448508101413, 6.293106499690221 ], [ -75.595455971585721, 6.293132572187801 ], [ -75.595464435388905, 6.29316212219751 ], [ -75.59547241890759, 6.293189932447516 ], [ -75.59548039515019, 6.293217732788453 ], [ -75.595486336249209, 6.293238543016857 ], [ -75.595496274558172, 6.293273354625816 ], [ -75.595512182628298, 6.293328924786588 ], [ -75.595528124668405, 6.293384602361096 ], [ -75.595544050194988, 6.293440228483651 ], [ -75.595556490862421, 6.29348368142382 ], [ -75.595559972989662, 6.293495849193349 ], [ -75.595575881050877, 6.293551413017848 ], [ -75.59559139806565, 6.293607922636126 ], [ -75.59560782769897, 6.293663712593411 ], [ -75.595615873935301, 6.293690865262362 ], [ -75.595625653281871, 6.293723864083236 ], [ -75.595631207342407, 6.293742604096445 ], [ -75.595642100387735, 6.29377934927708 ], [ -75.595658578992143, 6.293834808094219 ], [ -75.595666732137403, 6.293862381525967 ], [ -75.595672393943786, 6.293881529642219 ], [ -75.595674984529722, 6.293890289874401 ], [ -75.595691468571118, 6.293945749564466 ], [ -75.595707867791006, 6.294001230467989 ], [ -75.595724351839308, 6.294056689249889 ], [ -75.595740751983115, 6.294112171952849 ], [ -75.595749261927338, 6.294140814026366 ], [ -75.595757229745132, 6.294167636186398 ], [ -75.595773637114974, 6.294223116137186 ], [ -75.595775400903364, 6.294230044309219 ], [ -75.595787703179781, 6.294278365438951 ], [ -75.595803906662468, 6.29433390606865 ], [ -75.595820062331839, 6.294389460495241 ], [ -75.595832830622825, 6.294433189329694 ], [ -75.595836277553616, 6.294444997446261 ], [ -75.595845783936682, 6.294477786055698 ], [ -75.595852416993452, 6.294500556469949 ], [ -75.595859761481378, 6.294525760723146 ], [ -75.595868616902706, 6.294556100725733 ], [ -75.595884778011339, 6.29461165421318 ], [ -75.595900977927442, 6.294667197560892 ], [ -75.595917136332318, 6.294722750153741 ], [ -75.595924831066682, 6.294749159597059 ], [ -75.595933337149788, 6.294778290780725 ], [ -75.595949493776942, 6.294833846994738 ], [ -75.595957037820057, 6.294859750001427 ], [ -75.595965695504788, 6.294889386709133 ], [ -75.59597272612983, 6.294913610695289 ], [ -75.595981852143268, 6.294944942919113 ], [ -75.595998030426912, 6.2950004899787 ], [ -75.59610121468674, 6.295144151714545 ], [ -75.596059480779701, 6.295146636683118 ], [ -75.595843189708432, 6.295157940369136 ], [ -75.595809291360311, 6.295159711905124 ], [ -75.595771031851058, 6.295161711260145 ], [ -75.595635609795323, 6.295168914954642 ], [ -75.595635486916919, 6.29516891556582 ], [ -75.59559093334633, 6.295168915667839 ], [ -75.595590574640724, 6.295168915643778 ], [ -75.595566642567221, 6.295168915337575 ], [ -75.595450373190644, 6.295168915910491 ], [ -75.59545001448501, 6.295168915886355 ], [ -75.595231363120845, 6.295168917505175 ], [ -75.595218407348653, 6.295166208240844 ], [ -75.595155432924003, 6.295153038979207 ], [ -75.595148147333944, 6.295151514780691 ], [ -75.595129995321642, 6.295147718440933 ], [ -75.595129920253299, 6.295147703445017 ], [ -75.595129867862696, 6.295147706417784 ], [ -75.59509988302311, 6.295149355382699 ], [ -75.595054202541391, 6.295151866226638 ], [ -75.59499129057339, 6.295155274608974 ], [ -75.594990475801879, 6.295155319343782 ], [ -75.59496647337096, 6.295156618511692 ], [ -75.594942123482838, 6.295153451480015 ], [ -75.594932844445637, 6.295152243671154 ], [ -75.594830574562806, 6.295138798738062 ], [ -75.594766334221049, 6.295130349553084 ], [ -75.594766214875818, 6.295130333873188 ], [ -75.594764825225027, 6.295130150927438 ], [ -75.59476470407273, 6.295130135256525 ], [ -75.59471185940852, 6.295123186216326 ], [ -75.594692843717098, 6.295120685169666 ], [ -75.594633176050479, 6.295093830720528 ], [ -75.594579989222979, 6.295066195468976 ], [ -75.594569275394463, 6.295060627210559 ], [ -75.594542942422081, 6.295046944801272 ], [ -75.594533778514887, 6.295044175982145 ], [ -75.594522832872755, 6.295040870864996 ], [ -75.594491081798438, 6.29503127829194 ], [ -75.594488957100225, 6.295030637018401 ], [ -75.594470248334886, 6.29502498645426 ], [ -75.594458365220305, 6.295021398500861 ], [ -75.59444283174102, 6.29501670674026 ], [ -75.594408683606616, 6.295006392874624 ], [ -75.5943981252546, 6.295003203358292 ], [ -75.594396786000146, 6.295002797758914 ], [ -75.594349516323618, 6.294992418933215 ], [ -75.59431816813013, 6.294985535659081 ], [ -75.594281504028331, 6.294977484528097 ], [ -75.594198349996333, 6.294975430671247 ], [ -75.594197991254546, 6.294975423413776 ], [ -75.59418885176531, 6.29497520666414 ], [ -75.594166940161003, 6.294982883579498 ], [ -75.594156102067899, 6.294986681220572 ], [ -75.594087863392957, 6.295010593222032 ], [ -75.594024232882333, 6.295032890238803 ], [ -75.594024200414012, 6.295032902153124 ], [ -75.593937106581237, 6.295085197216463 ], [ -75.59393707505231, 6.295085216358692 ], [ -75.593924837746769, 6.29509109218302 ], [ -75.59389731461421, 6.295104305500787 ], [ -75.593874632862978, 6.295115194791684 ], [ -75.593873292494237, 6.295115838825502 ], [ -75.593843871925102, 6.295129962933599 ], [ -75.593819800225134, 6.295141520009148 ], [ -75.593808088969368, 6.295144704503177 ], [ -75.593796188225653, 6.295147940566858 ], [ -75.593772146719985, 6.295154478075795 ], [ -75.593768454415681, 6.295155482771395 ], [ -75.593747661269759, 6.295161136223929 ], [ -75.593685224839405, 6.295165524816468 ], [ -75.593681658893985, 6.295165773982278 ], [ -75.593681506248586, 6.295165784685744 ], [ -75.593681459256587, 6.29516578311117 ], [ -75.593665739600993, 6.29516490563312 ], [ -75.593653319695207, 6.295164213363191 ], [ -75.593634494617831, 6.295163164174981 ], [ -75.593628087634769, 6.295162806361873 ], [ -75.593627501075687, 6.295162774018197 ], [ -75.593576718402815, 6.295150029443795 ], [ -75.593563340163158, 6.295146672205316 ], [ -75.593457798812125, 6.295120187520026 ], [ -75.593381020351032, 6.295102165750944 ], [ -75.593295273911139, 6.295092451765989 ], [ -75.593279855605402, 6.295087118406671 ], [ -75.593252804104409, 6.295077760961676 ], [ -75.593251344187763, 6.295077256510559 ], [ -75.593242343017465, 6.295074144213531 ], [ -75.593195203166218, 6.295070085010619 ], [ -75.593192295233706, 6.295069835470787 ], [ -75.593174445366003, 6.295068298642898 ], [ -75.593174198588514, 6.295068276363216 ], [ -75.593156824862021, 6.295066734456522 ], [ -75.593145043813252, 6.295065689122234 ], [ -75.593122398359952, 6.295063689729812 ], [ -75.593122295318352, 6.295063682105141 ], [ -75.593119253383207, 6.29509432543193 ], [ -75.593118633808629, 6.295100566619701 ], [ -75.593108118588731, 6.295206560948065 ], [ -75.593108119826994, 6.29527016343695 ], [ -75.593096297095485, 6.295318976172115 ], [ -75.593081515939929, 6.295352997591808 ], [ -75.593046038126204, 6.295385539725218 ], [ -75.593013726230723, 6.295396581715624 ], [ -75.592985431895528, 6.295406250343041 ], [ -75.592980671447478, 6.295409955386159 ], [ -75.592932214590888, 6.295447667313128 ], [ -75.592874550034296, 6.295477249448765 ], [ -75.592848363999195, 6.295503736932686 ], [ -75.59284833433108, 6.295503766914559 ], [ -75.592892041148303, 6.295543403132173 ], [ -75.592912543530886, 6.295561991178557 ], [ -75.592923493151787, 6.295571920459039 ], [ -75.592955092201962, 6.295600572662992 ], [ -75.592955288246344, 6.295600749791393 ], [ -75.592985701099167, 6.295628340175066 ], [ -75.592988041877305, 6.295630463966006 ], [ -75.593087593521375, 6.295720793431347 ], [ -75.593091145116077, 6.295724569275752 ], [ -75.59308637276169, 6.295727514053754 ], [ -75.593081376372879, 6.295730649800551 ], [ -75.593069531614859, 6.295738070534209 ], [ -75.593066533959444, 6.295739951438931 ], [ -75.59306462551956, 6.29574119407929 ], [ -75.593032580536033, 6.295761961683396 ], [ -75.593029976781096, 6.295763651679168 ], [ -75.59302726672027, 6.295765404584261 ], [ -75.593019839984308, 6.295770215903707 ], [ -75.593004247112916, 6.295780324087969 ], [ -75.593002095448952, 6.295781714396805 ], [ -75.592987178958111, 6.29579138345619 ], [ -75.592977516816887, 6.295797643360965 ], [ -75.592971196076647, 6.295801738582063 ], [ -75.59296427371379, 6.295806225544455 ], [ -75.592961738714038, 6.295808114998708 ], [ -75.592954673695914, 6.295813351243097 ], [ -75.592949028334118, 6.29581753351538 ], [ -75.592942792447701, 6.295822159006035 ], [ -75.592940206967299, 6.29582407221701 ], [ -75.592929563604258, 6.29583197608318 ], [ -75.592928053015086, 6.295833095600424 ], [ -75.592926448832159, 6.29583429062087 ], [ -75.592923718400741, 6.295836308520618 ], [ -75.592912000073937, 6.295844991615539 ], [ -75.592908268664672, 6.295847767582804 ], [ -75.592904481367185, 6.295850570045898 ], [ -75.592898717215348, 6.295854848740076 ], [ -75.592893712389923, 6.295860108197538 ], [ -75.592890190705887, 6.295863815222803 ], [ -75.592885942745852, 6.295868285279137 ], [ -75.592884812897822, 6.295869475230266 ], [ -75.592881668619555, 6.295874765221777 ], [ -75.59287872403165, 6.295879692591386 ], [ -75.592871640625148, 6.295891600992427 ], [ -75.59287064510967, 6.295893277571907 ], [ -75.592869999041866, 6.2958943629588 ], [ -75.59286873379655, 6.29589649020335 ], [ -75.592865777561386, 6.295901437520508 ], [ -75.592863902133331, 6.295904598441428 ], [ -75.592858042444348, 6.295912020171261 ], [ -75.592851344187991, 6.295920518299733 ], [ -75.592848340956451, 6.295922914553758 ], [ -75.592846981987876, 6.29592399896273 ], [ -75.592836147994149, 6.29593263517142 ], [ -75.592835915805495, 6.295932821660365 ], [ -75.592835723210271, 6.295932975405895 ], [ -75.592835666023674, 6.295932922349689 ], [ -75.592796603243585, 6.295896900152981 ], [ -75.592796538855779, 6.295896852557028 ], [ -75.592766824953941, 6.295875012218831 ], [ -75.592766762377664, 6.295874965517873 ], [ -75.592702562717975, 6.295827775421847 ], [ -75.592668972024967, 6.295803083902167 ], [ -75.592668911269215, 6.295803039904404 ], [ -75.592635063940307, 6.29577815980077 ], [ -75.592635002276552, 6.295778114903433 ], [ -75.592591681068313, 6.295746269867734 ], [ -75.592581258626311, 6.29573860899429 ], [ -75.592577282918171, 6.295735308082865 ], [ -75.592572291948244, 6.295731161481796 ], [ -75.592572237494707, 6.295731112932351 ], [ -75.592568300901789, 6.295727500824951 ], [ -75.592568247342811, 6.295727450462899 ], [ -75.592526365182877, 6.295688989486357 ], [ -75.592508270650526, 6.295671110909744 ], [ -75.592504288483212, 6.295668328968045 ], [ -75.592477279208168, 6.295649462227003 ], [ -75.592477221176452, 6.295649420927909 ], [ -75.592440515590724, 6.29562373862488 ], [ -75.592398834088073, 6.295594575037836 ], [ -75.592367444433123, 6.295572610993016 ], [ -75.592367387309437, 6.295572570593462 ], [ -75.592324035683063, 6.29554223728512 ], [ -75.592294340547681, 6.295524718285634 ], [ -75.592267205427902, 6.2955087117399 ], [ -75.592246871316362, 6.295496718948699 ], [ -75.592246804258451, 6.295496679502544 ], [ -75.592211638723029, 6.2954781787237 ], [ -75.59217981960974, 6.295461437824653 ], [ -75.592172822144875, 6.295444233692586 ], [ -75.592172853615608, 6.29544420279773 ], [ -75.592178642583278, 6.295438550698602 ], [ -75.592131940356353, 6.295390677786731 ], [ -75.592083626194565, 6.295384505173653 ], [ -75.592056143234316, 6.295357027633352 ], [ -75.592045442677929, 6.295339200902013 ], [ -75.592045410799045, 6.295339149528134 ], [ -75.592011701006214, 6.295282973231364 ], [ -75.592011673676325, 6.295282928163377 ], [ -75.59199153843069, 6.295250552007159 ], [ -75.59198862112514, 6.295246046124246 ], [ -75.591968464876913, 6.295214899611731 ], [ -75.591968464728893, 6.295214869777988 ], [ -75.591966702211877, 6.295147722967388 ], [ -75.591932995398821, 6.295105437748468 ], [ -75.591925197786168, 6.295096141002016 ], [ -75.591912122891742, 6.295081260682505 ], [ -75.591906352646802, 6.2950737484545 ] ] ] ] } },
{ "type": "Feature", "properties": { "comuna": "14", "sector": 5, "nombre": "EL POBLADO", "fecha_sinc": "2026-06-17", "Shape_Leng": 22136.779074599999, "Shape_Area": 14493996.986500001 }, "geometry": { "type": "MultiPolygon", "coordinates": [ [ [ [ -75.581526464131244, 6.195225703428756 ], [ -75.581337149423845, 6.195757492975854 ], [ -75.581056175241585, 6.196503412121892 ], [ -75.580802670793801, 6.197172803373012 ], [ -75.580710618006776, 6.197439441414807 ], [ -75.580607655313415, 6.197719146006327 ], [ -75.580519402152888, 6.197984130095612 ], [ -75.580438503543064, 6.198227033173308 ], [ -75.58037231411069, 6.198444173243342 ], [ -75.580306125591434, 6.198679713267314 ], [ -75.58023993614988, 6.198915253309963 ], [ -75.580173747124846, 6.199180237620307 ], [ -75.580114915949039, 6.199430500149345 ], [ -75.580063435494239, 6.199702844442156 ], [ -75.580019313469478, 6.199967827106507 ], [ -75.579975190435746, 6.200254892982448 ], [ -75.579886940620412, 6.200773816804043 ], [ -75.579859881529657, 6.201044677948484 ], [ -75.579828114647697, 6.201362666702877 ], [ -75.579761930063171, 6.20182638543797 ], [ -75.579710453144088, 6.20220177932701 ], [ -75.579585435488141, 6.20300040767407 ], [ -75.579469525371238, 6.203954345342439 ], [ -75.57946823288772, 6.203964986401478 ], [ -75.57946370127425, 6.204002273090957 ], [ -75.579459013391869, 6.204040863329682 ], [ -75.579453068534534, 6.204089779832989 ], [ -75.579313342159637, 6.204969376791004 ], [ -75.579173616419993, 6.205940980898349 ], [ -75.578997121276061, 6.207151805618621 ], [ -75.578967742251763, 6.20735591243921 ], [ -75.578872103221741, 6.208020358428971 ], [ -75.578673543126499, 6.209400477282498 ], [ -75.578563234475169, 6.21023222836269 ], [ -75.578379380123167, 6.211516658888955 ], [ -75.578313195712454, 6.212002460649624 ], [ -75.57816611206124, 6.213025587598342 ], [ -75.578120200538706, 6.213375069165933 ], [ -75.578082355601381, 6.213663144726069 ], [ -75.578026382641681, 6.214089199093505 ], [ -75.577860124370972, 6.215152732213849 ], [ -75.577857235818684, 6.215171211369821 ], [ -75.577831213509882, 6.215364594062801 ], [ -75.577710152015783, 6.216264264498911 ], [ -75.577627986555029, 6.216844243726761 ], [ -75.577622319188848, 6.21688425371006 ], [ -75.57757042275621, 6.217250589729066 ], [ -75.577430692545832, 6.218365724886766 ], [ -75.577349792933788, 6.218880968205396 ], [ -75.57724683587108, 6.21970535873545 ], [ -75.577099745858902, 6.220629117788432 ], [ -75.576930596135568, 6.221858341895059 ], [ -75.576805570398463, 6.222745298465921 ], [ -75.576673191192114, 6.223650656684447 ], [ -75.576504038533798, 6.224832035245931 ], [ -75.576464934302081, 6.225112178643088 ], [ -75.576364303495325, 6.225833082124012 ], [ -75.57635027364816, 6.22593044852396 ], [ -75.576195148953275, 6.227007101812234 ], [ -75.576077477007985, 6.227875654805883 ], [ -75.575937741303662, 6.229005510215406 ], [ -75.575812713739978, 6.229940308441526 ], [ -75.575739167540902, 6.230484996359849 ], [ -75.575658267709031, 6.230959756515388 ], [ -75.575621494204157, 6.231217378800069 ], [ -75.575618864684785, 6.231343743339663 ], [ -75.575258574573411, 6.231234817065139 ], [ -75.575047731460316, 6.231171844867748 ], [ -75.574504422315968, 6.231008953687917 ], [ -75.574170941807921, 6.230905341779339 ], [ -75.573993799041034, 6.230850329537801 ], [ -75.573865524503177, 6.230789202953711 ], [ -75.573694490971519, 6.230691404571242 ], [ -75.573517347545561, 6.23056915229174 ], [ -75.57314114961568, 6.230284966317416 ], [ -75.573052210772858, 6.230223935858591 ], [ -75.572579249155055, 6.229873392976553 ], [ -75.572017565186428, 6.229461593402751 ], [ -75.571469524817473, 6.229059799712662 ], [ -75.571373394945923, 6.228989313630662 ], [ -75.571026159413933, 6.228734741229985 ], [ -75.570739632291563, 6.228523678463332 ], [ -75.570162486561003, 6.228105740883613 ], [ -75.569853851139769, 6.227887464655613 ], [ -75.569405662532489, 6.227563406621715 ], [ -75.569166472125545, 6.226489256943124 ], [ -75.568627898957061, 6.226457710336703 ], [ -75.568564412043159, 6.226447607022343 ], [ -75.568565302401296, 6.226511252630199 ], [ -75.568542790359274, 6.226510673323476 ], [ -75.568523042121157, 6.22649415044278 ], [ -75.568493965640343, 6.226463645978279 ], [ -75.56847857299833, 6.226442127568663 ], [ -75.568477455043563, 6.226334824418786 ], [ -75.568431212325564, 6.226335357857057 ], [ -75.568402314034458, 6.226178340076161 ], [ -75.568370301182782, 6.226002461795528 ], [ -75.568347802722315, 6.225878853431334 ], [ -75.568343392201555, 6.225859911551866 ], [ -75.568336611820541, 6.225841684593318 ], [ -75.568326389468496, 6.225822555831817 ], [ -75.568313562355314, 6.225805069829576 ], [ -75.568298389664776, 6.225789577016834 ], [ -75.568281177382374, 6.225776391432373 ], [ -75.568300888270727, 6.225732269766175 ], [ -75.568276560206129, 6.225717536657202 ], [ -75.568173458774254, 6.225695231881773 ], [ -75.568042837809799, 6.225695447284504 ], [ -75.568019600000881, 6.225699260846222 ], [ -75.567942054594951, 6.22569674880291 ], [ -75.5677735915569, 6.225669148551981 ], [ -75.567425962480215, 6.225573801234287 ], [ -75.567258675235976, 6.225544799149049 ], [ -75.567179954516575, 6.225531147033009 ], [ -75.567127178554685, 6.225515029777451 ], [ -75.566843024495455, 6.225428271237859 ], [ -75.566796893119701, 6.225377330266629 ], [ -75.566774598989781, 6.225343866093046 ], [ -75.566760668130357, 6.225251842837007 ], [ -75.566752308891893, 6.22511520255269 ], [ -75.566757881680985, 6.224945098161671 ], [ -75.566735588651625, 6.224844709307595 ], [ -75.566671498959366, 6.224735954749177 ], [ -75.566607408269022, 6.224674607262039 ], [ -75.566475010356697, 6.22463446029201 ], [ -75.566335181230116, 6.224590688742725 ], [ -75.566323439961906, 6.224630836104009 ], [ -75.56614157751369, 6.224599919913027 ], [ -75.565979313783004, 6.224564437600836 ], [ -75.565808696677649, 6.22454138556145 ], [ -75.565773917627126, 6.224509328207167 ], [ -75.565252182985375, 6.224656875277739 ], [ -75.565178312120608, 6.224377280391514 ], [ -75.565105140967219, 6.224092166174323 ], [ -75.565074308811347, 6.223916530976173 ], [ -75.565066657287289, 6.223770900326499 ], [ -75.565075548782147, 6.223606683344652 ], [ -75.565103020775652, 6.223409966956038 ], [ -75.565158435151048, 6.223080321256946 ], [ -75.565353129446294, 6.221887535287752 ], [ -75.565438137546067, 6.221431995278629 ], [ -75.565452710629657, 6.22126791347142 ], [ -75.565476994642466, 6.22117903774215 ], [ -75.565506137377454, 6.221081050441951 ], [ -75.565532850492886, 6.221037747387725 ], [ -75.56558142499162, 6.220976219137548 ], [ -75.565661572305316, 6.220882778419238 ], [ -75.565741709538869, 6.220825807130733 ], [ -75.565972431589387, 6.220652614085928 ], [ -75.566101144966012, 6.220591086039087 ], [ -75.566147849739735, 6.220549764340725 ], [ -75.566186144411105, 6.220515879911928 ], [ -75.566266290211161, 6.220427004857051 ], [ -75.566312433437801, 6.220356355248478 ], [ -75.566346427223365, 6.220256088688838 ], [ -75.566361000970289, 6.220176326447475 ], [ -75.566348860164155, 6.220000854592677 ], [ -75.566179669487553, 6.219511049945585 ], [ -75.566046082292644, 6.219162346884399 ], [ -75.566041293886514, 6.219138091588301 ], [ -75.566033941586738, 6.219100808989663 ], [ -75.566031510455261, 6.219005090724747 ], [ -75.566048512276041, 6.218768062961114 ], [ -75.566048512887122, 6.21859257273539 ], [ -75.566029081502194, 6.218492287298574 ], [ -75.565987797381197, 6.218385169089226 ], [ -75.565955911476877, 6.218337987388797 ], [ -75.565924645289996, 6.218291728466747 ], [ -75.565827496450666, 6.218209678209704 ], [ -75.565744867741643, 6.218158590455717 ], [ -75.565623373313414, 6.218106148164698 ], [ -75.565557762313475, 6.218101591049194 ], [ -75.565431408354414, 6.218097025159479 ], [ -75.565428629583295, 6.218097247500959 ], [ -75.565202992630418, 6.218115267051752 ], [ -75.564981866001915, 6.218117544197498 ], [ -75.564980926962605, 6.21811746648456 ], [ -75.56487252314129, 6.218108421201109 ], [ -75.564780179945032, 6.218087899978794 ], [ -75.564668407781213, 6.218040021104964 ], [ -75.564602797196656, 6.21799213507004 ], [ -75.564527473143343, 6.217916892129416 ], [ -75.564466724181997, 6.217823396139966 ], [ -75.564425414215762, 6.217718509994487 ], [ -75.564408412973563, 6.217625024923193 ], [ -75.564396264159413, 6.217513295143712 ], [ -75.564374398412014, 6.216954649168636 ], [ -75.564342807909526, 6.216813276213392 ], [ -75.56420067770685, 6.216590240217738 ], [ -75.563980787563494, 6.216352959525171 ], [ -75.563759937618144, 6.216184183991305 ], [ -75.563646705309168, 6.216016440335208 ], [ -75.563646679914285, 6.216016233420301 ], [ -75.563642988741236, 6.216012923349266 ], [ -75.563499625935791, 6.215862436741634 ], [ -75.563463157386209, 6.215835216817893 ], [ -75.563392713689638, 6.21578262911017 ], [ -75.56329794172234, 6.215723341605125 ], [ -75.563205610932428, 6.215675453743618 ], [ -75.563023367311644, 6.215613889006675 ], [ -75.562709910732465, 6.215538643243969 ], [ -75.562367726516271, 6.215464784208514 ], [ -75.562359324903071, 6.21546296973838 ], [ -75.56198093510092, 6.215381295546581 ], [ -75.561829532158214, 6.215349101382966 ], [ -75.561608019796296, 6.215301990358671 ], [ -75.561596538982286, 6.215299548890344 ], [ -75.561324337630182, 6.215237971037253 ], [ -75.560963979125717, 6.215162597856714 ], [ -75.560767146408793, 6.215121425184528 ], [ -75.560756973205699, 6.215119243163623 ], [ -75.560614082509971, 6.215088573242627 ], [ -75.5605174585355, 6.215069197333768 ], [ -75.560123285334996, 6.214983478971078 ], [ -75.559961643125931, 6.214948327649126 ], [ -75.559959017714434, 6.214947756318248 ], [ -75.559548761944626, 6.214858533310374 ], [ -75.559467962845986, 6.214840930323402 ], [ -75.559276532728617, 6.214799214593303 ], [ -75.559091815753789, 6.214771839653237 ], [ -75.558702919784224, 6.214680570439852 ], [ -75.558265415105751, 6.21458017873302 ], [ -75.55819936338942, 6.214570016303845 ], [ -75.558185108449933, 6.214567823241742 ], [ -75.557957842261757, 6.214532872199351 ], [ -75.557953200877122, 6.214533521204124 ], [ -75.557949003145566, 6.214532876102022 ], [ -75.557834818333347, 6.21454883006696 ], [ -75.557744933188673, 6.214578471128493 ], [ -75.557666855095178, 6.214611512322759 ], [ -75.557621026646686, 6.214630902840324 ], [ -75.557523851479729, 6.214717524846244 ], [ -75.557450965983037, 6.214840633641452 ], [ -75.557407231930725, 6.214959179418415 ], [ -75.557390218605974, 6.21506632447019 ], [ -75.55739507680515, 6.215166636269535 ], [ -75.557409654672426, 6.215262391376627 ], [ -75.557465525675212, 6.215383215360903 ], [ -75.557628296503566, 6.21569783128429 ], [ -75.557810496829674, 6.216071714461473 ], [ -75.557878517578004, 6.216183416809611 ], [ -75.557881479184374, 6.216188122781715 ], [ -75.557856719465548, 6.216199647868052 ], [ -75.55785988688875, 6.216204506541053 ], [ -75.557891320575465, 6.216255474026017 ], [ -75.557898910526376, 6.216268044060966 ], [ -75.557907714454828, 6.216282621650659 ], [ -75.55791386090425, 6.21629279919036 ], [ -75.557909587171409, 6.216299609674289 ], [ -75.557904185593571, 6.216308213928924 ], [ -75.557898315150922, 6.216317569048572 ], [ -75.557895104272134, 6.216322971223279 ], [ -75.557892268021732, 6.216327938520251 ], [ -75.557885245820486, 6.216332832054972 ], [ -75.557872339205872, 6.216343069282837 ], [ -75.557865115445438, 6.216349625529969 ], [ -75.557855896627657, 6.216357992403308 ], [ -75.557846028388383, 6.216366950085695 ], [ -75.55783956649833, 6.216372816432234 ], [ -75.557829711757194, 6.216381763200057 ], [ -75.557814964541521, 6.216395487412535 ], [ -75.557798776278105, 6.216410691380696 ], [ -75.557790514850382, 6.216418446967616 ], [ -75.557778333214699, 6.216429894892332 ], [ -75.557771937037188, 6.216435899247915 ], [ -75.557748445584608, 6.216447022199142 ], [ -75.557733041531549, 6.21645905621009 ], [ -75.55772934432963, 6.216461971749998 ], [ -75.557708526469369, 6.216464567842222 ], [ -75.557654594865113, 6.216458880830753 ], [ -75.557537331579127, 6.216517814480305 ], [ -75.557516168702179, 6.216565291798364 ], [ -75.557485568760924, 6.216624769721442 ], [ -75.557435663594632, 6.216685412450297 ], [ -75.557390512802101, 6.216737939559387 ], [ -75.557378705034751, 6.216751602526909 ], [ -75.557360245282652, 6.216802459854332 ], [ -75.557349106838245, 6.216832921392951 ], [ -75.557335167007921, 6.216855938563326 ], [ -75.557321182817759, 6.216878936962424 ], [ -75.557314312304811, 6.216889609677342 ], [ -75.557308437123282, 6.216898735178416 ], [ -75.557250551833434, 6.21697824353266 ], [ -75.557253162137101, 6.21698802321533 ], [ -75.557253141476622, 6.216988047726064 ], [ -75.557148551494436, 6.217001396716562 ], [ -75.557106992748402, 6.217052439081293 ], [ -75.557089064846892, 6.217074458440533 ], [ -75.557080753413672, 6.21713019490951 ], [ -75.557080730029853, 6.217130216721126 ], [ -75.557019303435027, 6.217183970812235 ], [ -75.556968252654414, 6.217201438309677 ], [ -75.556968220184032, 6.217201449316021 ], [ -75.556968105638632, 6.217201488746785 ], [ -75.556952323471364, 6.217206889382533 ], [ -75.55694065922593, 6.217209314581035 ], [ -75.556901428252502, 6.217217476816487 ], [ -75.556830893326349, 6.217269758802058 ], [ -75.556830867192943, 6.217269772490064 ], [ -75.556771254875599, 6.217313105253982 ], [ -75.556743969150361, 6.217387836510843 ], [ -75.556756432035897, 6.217446917075412 ], [ -75.556749046416883, 6.217510281497307 ], [ -75.556748030171178, 6.217518905213098 ], [ -75.556724828037034, 6.217551775806928 ], [ -75.556695257827343, 6.217593667603764 ], [ -75.556662209403868, 6.217597236913259 ], [ -75.556647803997862, 6.217579444299827 ], [ -75.556609222466747, 6.217539167056656 ], [ -75.556601933836333, 6.217531558152798 ], [ -75.556578801148689, 6.217547767627564 ], [ -75.556573864257913, 6.217576262576288 ], [ -75.556536185872147, 6.217611830543161 ], [ -75.556535897650392, 6.217612199003134 ], [ -75.556487215551201, 6.217674526472932 ], [ -75.556487148022399, 6.217674573813039 ], [ -75.556437765520002, 6.217708995963674 ], [ -75.556437691729357, 6.21770924314049 ], [ -75.556428593056609, 6.217740239990124 ], [ -75.556422417649145, 6.217761276672973 ], [ -75.556448979071547, 6.217796520199377 ], [ -75.55644245291532, 6.217869299403088 ], [ -75.556416494653703, 6.217928589427305 ], [ -75.556397988461001, 6.217967239819557 ], [ -75.556395313606558, 6.217976071370376 ], [ -75.556374040416713, 6.218046364241282 ], [ -75.556363878073029, 6.218054858633545 ], [ -75.556312251861812, 6.218097976447544 ], [ -75.556269531899545, 6.218120943036388 ], [ -75.556266722172097, 6.218122429414994 ], [ -75.556211062990755, 6.21818928765607 ], [ -75.556204337114309, 6.218197741910856 ], [ -75.55617705513103, 6.218232133057695 ], [ -75.556167182131517, 6.218244605904154 ], [ -75.556119384380239, 6.218286173637972 ], [ -75.556089554750088, 6.218333663080854 ], [ -75.556069612408422, 6.218351630962505 ], [ -75.556068484410915, 6.218352647206715 ], [ -75.556063235713481, 6.218357375742797 ], [ -75.55605102564391, 6.218368378075592 ], [ -75.556042727577434, 6.218375854467281 ], [ -75.556040065898415, 6.218378252367642 ], [ -75.556035853242832, 6.218383126875182 ], [ -75.55602960478636, 6.218390357378049 ], [ -75.556015358653582, 6.218406840282966 ], [ -75.555987941403657, 6.218431751672535 ], [ -75.555986237564682, 6.218432881907709 ], [ -75.555953522386659, 6.218454577728362 ], [ -75.555929420082421, 6.218467760437107 ], [ -75.55590531776798, 6.218480941337077 ], [ -75.555826518283837, 6.218514409145014 ], [ -75.555770471148008, 6.218529974128612 ], [ -75.55569261132139, 6.218540276995876 ], [ -75.555556073990616, 6.218558386787158 ], [ -75.555498152881896, 6.218572783672717 ], [ -75.555498094229819, 6.218572798422084 ], [ -75.555497681845196, 6.218572898964417 ], [ -75.555444992040265, 6.218532213426929 ], [ -75.555444992554285, 6.218531945810184 ], [ -75.555349117763512, 6.218458190089139 ], [ -75.555348730559743, 6.218457892704532 ], [ -75.555168331531107, 6.218319112336993 ], [ -75.554959432405838, 6.218154997536693 ], [ -75.554898709533916, 6.218102570308655 ], [ -75.554847707335483, 6.218045590007022 ], [ -75.554719651138115, 6.217840443710864 ], [ -75.554701250284694, 6.217815627383136 ], [ -75.554551124014495, 6.217612125606749 ], [ -75.554460564325638, 6.217533861360219 ], [ -75.554400990646343, 6.217500312465333 ], [ -75.55419128340354, 6.217413093192188 ], [ -75.554060215921979, 6.217359418291458 ], [ -75.554007785694267, 6.217330352602197 ], [ -75.553964894938773, 6.217294569411203 ], [ -75.553910762836892, 6.217239152804746 ], [ -75.553702764463054, 6.217026219369219 ], [ -75.55327000145904, 6.216608418110546 ], [ -75.55304028209207, 6.216386634921502 ], [ -75.552609191271074, 6.215992202934784 ], [ -75.552354396075771, 6.215756982402683 ], [ -75.552209933475964, 6.215623608687633 ], [ -75.55200262758035, 6.215432228162238 ], [ -75.551959176861644, 6.215392674564142 ], [ -75.551949899406893, 6.215384222589725 ], [ -75.551947344129488, 6.215381897818641 ], [ -75.551943649096557, 6.215378527077728 ], [ -75.551938129359257, 6.215373517869525 ], [ -75.551914624515874, 6.215352111874004 ], [ -75.551909673664014, 6.21534760712091 ], [ -75.551898798288093, 6.215337708156696 ], [ -75.55189049624903, 6.215330132068255 ], [ -75.551878518315377, 6.215319219501434 ], [ -75.551875319764406, 6.215316326441834 ], [ -75.551858580687082, 6.215301093545907 ], [ -75.551851020926946, 6.215294195566987 ], [ -75.551847877357972, 6.215291276022591 ], [ -75.551842321703901, 6.215286312191291 ], [ -75.551838129361926, 6.215282479140653 ], [ -75.551827191169323, 6.215272480121542 ], [ -75.551814941936684, 6.215261323849822 ], [ -75.551813044532835, 6.215259597130646 ], [ -75.551797660163842, 6.215245583655887 ], [ -75.551796270090776, 6.215244336374719 ], [ -75.551793649468223, 6.215241949534672 ], [ -75.551780045527778, 6.215229572932696 ], [ -75.551765510485282, 6.215216329268996 ], [ -75.551757670387559, 6.215209186724892 ], [ -75.551754670561223, 6.215206474429555 ], [ -75.551739983084204, 6.215193094076723 ], [ -75.55172404884523, 6.215178584187376 ], [ -75.551719711300805, 6.215174615316338 ], [ -75.55168657699582, 6.215144446200587 ], [ -75.551669838780043, 6.215129202440728 ], [ -75.551656496665814, 6.215116602159257 ], [ -75.55165387651202, 6.215114124905204 ], [ -75.55165169046434, 6.215112117497934 ], [ -75.551632530828911, 6.215094579055691 ], [ -75.551625378380052, 6.215088026280817 ], [ -75.551616171562969, 6.215079607406966 ], [ -75.55161305531243, 6.215076732029328 ], [ -75.551594148868944, 6.215059428333557 ], [ -75.551589334026644, 6.215055025082419 ], [ -75.551564790577487, 6.215032559942586 ], [ -75.551557355935756, 6.215025752666834 ], [ -75.55155596388262, 6.215024469229921 ], [ -75.551541285187909, 6.215011034578684 ], [ -75.551531989451163, 6.215002535666227 ], [ -75.551527319731008, 6.214998251055297 ], [ -75.551521141016892, 6.214992600394132 ], [ -75.551515513040414, 6.214987438002907 ], [ -75.551512034891402, 6.214984266016809 ], [ -75.551506019362634, 6.214978733005259 ], [ -75.551497418708578, 6.214970867225824 ], [ -75.551463173776611, 6.214939504604216 ], [ -75.551447808357906, 6.214925482883189 ], [ -75.551439786770104, 6.214917047432733 ], [ -75.551434221844772, 6.214911470655506 ], [ -75.55142876589116, 6.214906009981685 ], [ -75.551426353789935, 6.214903586871638 ], [ -75.551422071683035, 6.21489931033295 ], [ -75.551416533982447, 6.214893758738881 ], [ -75.551407050202968, 6.214882983289742 ], [ -75.55139861301484, 6.214874168312137 ], [ -75.551391711511712, 6.214864947210328 ], [ -75.551391458572098, 6.214864576844253 ], [ -75.55138572297578, 6.214855454989948 ], [ -75.551384565910283, 6.214853628858898 ], [ -75.551379191976949, 6.214844941941262 ], [ -75.551377375745261, 6.214841686889861 ], [ -75.551375994284712, 6.214839227160317 ], [ -75.551374973590868, 6.214837391329777 ], [ -75.551373690356868, 6.214835067645845 ], [ -75.551369038739693, 6.214824979494544 ], [ -75.551368948386752, 6.214824790068644 ], [ -75.551368803210323, 6.214824472524499 ], [ -75.551368270629411, 6.214823252745461 ], [ -75.551361983048636, 6.214808698075582 ], [ -75.551355506654915, 6.214793581963589 ], [ -75.55134999581594, 6.214779170912739 ], [ -75.551348497892974, 6.214775040958942 ], [ -75.551344613662366, 6.21476428006473 ], [ -75.551343096234191, 6.214759102347267 ], [ -75.551341632791519, 6.214754066313679 ], [ -75.551338733115287, 6.214744953370635 ], [ -75.551338452939376, 6.214743805605596 ], [ -75.551337992176343, 6.214741553895821 ], [ -75.55133797453216, 6.214741454529457 ], [ -75.55133754076023, 6.214740116739685 ], [ -75.551336339609065, 6.214734954673355 ], [ -75.55133337643791, 6.214719603711517 ], [ -75.551331218542813, 6.214707879748359 ], [ -75.551329267513026, 6.214695964020316 ], [ -75.551328345350925, 6.21468589312466 ], [ -75.551326567581299, 6.214675622935567 ], [ -75.55132643142943, 6.214673616479494 ], [ -75.551325790385235, 6.214666013337778 ], [ -75.551324553025964, 6.214653339236754 ], [ -75.551324165342479, 6.214640383473874 ], [ -75.55132369579654, 6.214628812291028 ], [ -75.551323226367842, 6.214619139728363 ], [ -75.551322802845192, 6.214610369240941 ], [ -75.551322395371329, 6.21459724360178 ], [ -75.551322440964981, 6.214585897766677 ], [ -75.551322883714519, 6.214575790446669 ], [ -75.551323318847906, 6.214566352201184 ], [ -75.551325007780491, 6.214552756252699 ], [ -75.551324836351299, 6.214555051699006 ], [ -75.551327175955223, 6.21454543338443 ], [ -75.551328243331454, 6.214539710671313 ], [ -75.551328603862828, 6.214537849186766 ], [ -75.551329028813669, 6.214535670050339 ], [ -75.551330998481177, 6.214526711710067 ], [ -75.551333148500035, 6.214511685954017 ], [ -75.551333338733059, 6.214510855067258 ], [ -75.551333473774974, 6.214509444915518 ], [ -75.551336618545733, 6.214495558954671 ], [ -75.551354976481576, 6.214434121382578 ], [ -75.551360107907897, 6.214416863465299 ], [ -75.551366522929555, 6.214395256935258 ], [ -75.551372476060379, 6.214375288161065 ], [ -75.551376144312826, 6.214362983665874 ], [ -75.551381014310536, 6.214346593143518 ], [ -75.551388657192888, 6.214320883282673 ], [ -75.551390563344825, 6.214314492003732 ], [ -75.551392433748177, 6.214308181362722 ], [ -75.551393391277983, 6.214304972592227 ], [ -75.551394719477287, 6.214300506230555 ], [ -75.551397710140378, 6.214290635240824 ], [ -75.551398983853375, 6.214286485578937 ], [ -75.551399642819561, 6.214284686845374 ], [ -75.551402895256956, 6.214275519793993 ], [ -75.55140339288026, 6.214274172987681 ], [ -75.55140402514364, 6.214272644710405 ], [ -75.551410447959853, 6.214256779210669 ], [ -75.551411342879959, 6.214254076137221 ], [ -75.551414342065655, 6.214244286475926 ], [ -75.551416474003034, 6.214237505342031 ], [ -75.551425789160547, 6.214207302144479 ], [ -75.551427505376864, 6.214201616080423 ], [ -75.551429249218444, 6.214196038375609 ], [ -75.551437904187978, 6.214168130271492 ], [ -75.551442566311678, 6.214153034527662 ], [ -75.551443162371569, 6.21415111766006 ], [ -75.551447255136665, 6.21413785547742 ], [ -75.551450850769527, 6.214126229412301 ], [ -75.551451546359786, 6.214123969408432 ], [ -75.55145628047849, 6.214108628304857 ], [ -75.551462134673486, 6.214089688881225 ], [ -75.551462911166766, 6.214087157255368 ], [ -75.551466308428402, 6.214076173158405 ], [ -75.551469742084876, 6.214065055078294 ], [ -75.551471557490004, 6.214059142509347 ], [ -75.551476508122832, 6.214042987570481 ], [ -75.551478207165474, 6.214033738511696 ], [ -75.551478397196362, 6.214032490833579 ], [ -75.55147920092169, 6.214027174432864 ], [ -75.551480403095084, 6.21401942858686 ], [ -75.55148259818138, 6.214011129156249 ], [ -75.551483475584604, 6.214007603431915 ], [ -75.551484332548725, 6.214002461266494 ], [ -75.551485724318141, 6.213991503124353 ], [ -75.551484803500088, 6.213980210777078 ], [ -75.551485038959669, 6.213968332412963 ], [ -75.551485048162206, 6.213963306448764 ], [ -75.551484768490454, 6.213954952964332 ], [ -75.551484561240173, 6.213948316929848 ], [ -75.551484534309509, 6.213933544888023 ], [ -75.551483440995298, 6.213919640509832 ], [ -75.55148241195495, 6.21390913706443 ], [ -75.551481247102984, 6.213900258951297 ], [ -75.551481075412667, 6.21389893888264 ], [ -75.551479774363798, 6.213890106632113 ], [ -75.551479494181365, 6.213888207555814 ], [ -75.551478880619271, 6.213874684202294 ], [ -75.551475583602524, 6.213864667263456 ], [ -75.55147138408968, 6.213854469339286 ], [ -75.551465981697419, 6.213846622469673 ], [ -75.55146400339936, 6.213843855512228 ], [ -75.55146054403609, 6.21383895568709 ], [ -75.551453714503566, 6.213830792036281 ], [ -75.551445728711329, 6.213822655664949 ], [ -75.551439107562231, 6.21381780184065 ], [ -75.551436903608192, 6.213816201363593 ], [ -75.55143603700283, 6.213815594371541 ], [ -75.551432937955511, 6.213813099534506 ], [ -75.551431266918897, 6.213811851798409 ], [ -75.551425512655669, 6.21380747567749 ], [ -75.551416207641992, 6.213802106809831 ], [ -75.55141449177917, 6.213800930714337 ], [ -75.551407536172874, 6.213796600172364 ], [ -75.55140294656789, 6.213793751791727 ], [ -75.551396053697886, 6.213789504124374 ], [ -75.5513863167415, 6.213784676187459 ], [ -75.551376551732943, 6.213781900704278 ], [ -75.551366921601158, 6.213779367774096 ], [ -75.551362613125207, 6.213778427506019 ], [ -75.551361501723477, 6.21377820232361 ], [ -75.551360092694722, 6.213777894495907 ], [ -75.55135712007133, 6.213777262408653 ], [ -75.551348972204067, 6.213775236759509 ], [ -75.551337228221357, 6.213771990747407 ], [ -75.551329568044252, 6.213770868657344 ], [ -75.551327977691528, 6.213770615951094 ], [ -75.551325837319126, 6.21377039844734 ], [ -75.551317643708956, 6.213769566437154 ], [ -75.551305438693419, 6.213768698637768 ], [ -75.55129345205475, 6.213767215896652 ], [ -75.551293153833669, 6.213767197445718 ], [ -75.551292232496579, 6.213767043674181 ], [ -75.551288139777185, 6.213766256965993 ], [ -75.551281030250124, 6.213764855561254 ], [ -75.55126901553011, 6.213763544735043 ], [ -75.551257895153469, 6.213763535119918 ], [ -75.551250407027581, 6.213763245783183 ], [ -75.551230912615409, 6.213762458369017 ], [ -75.551223568048783, 6.213762151160993 ], [ -75.551204345303617, 6.213762620949151 ], [ -75.551200515189947, 6.213762710858954 ], [ -75.551197840432934, 6.21376277349408 ], [ -75.551196657070534, 6.213762800903906 ], [ -75.551185320365704, 6.213763081644981 ], [ -75.551185230055211, 6.213763088409577 ], [ -75.551185103573488, 6.213763088115917 ], [ -75.551151669711828, 6.213763902241532 ], [ -75.551111434737976, 6.213764886612612 ], [ -75.551097504581946, 6.213765229594055 ], [ -75.551074216873218, 6.213765798556958 ], [ -75.551072914561217, 6.213765888923869 ], [ -75.551064603637812, 6.213766584509645 ], [ -75.55105765723529, 6.213767163209105 ], [ -75.551051307247675, 6.213767398182476 ], [ -75.551045145985583, 6.213767614162809 ], [ -75.551034377349453, 6.213768418348476 ], [ -75.551025226647312, 6.213768074648925 ], [ -75.551015885146953, 6.213767694801673 ], [ -75.551014468173108, 6.21376761303766 ], [ -75.551013491482323, 6.213767596052645 ], [ -75.551012932123385, 6.213767568012533 ], [ -75.550996707749931, 6.213766889574969 ], [ -75.550976869946879, 6.213766084822332 ], [ -75.550969886834395, 6.213765794852592 ], [ -75.550962380813033, 6.213765541762299 ], [ -75.550958342767743, 6.213765414784435 ], [ -75.550955342897453, 6.21376531534419 ], [ -75.550937357270229, 6.213764727677971 ], [ -75.550900816718666, 6.213763524351331 ], [ -75.550898259610676, 6.213763441760309 ], [ -75.550831845067165, 6.213761252461487 ], [ -75.550821482708898, 6.213761251836647 ], [ -75.550809485936824, 6.213760854059392 ], [ -75.550796406782425, 6.213760066410902 ], [ -75.550795159675602, 6.213759989251242 ], [ -75.550792713797478, 6.213759741575721 ], [ -75.550787029327935, 6.213759162351763 ], [ -75.550779802789521, 6.213758601418327 ], [ -75.550774797761122, 6.213758222339274 ], [ -75.550766450662948, 6.213757598100974 ], [ -75.550763062523615, 6.213757354068125 ], [ -75.550760698868842, 6.213757108708003 ], [ -75.550754969276639, 6.213756539646627 ], [ -75.550747824299336, 6.213755843607415 ], [ -75.550746504675772, 6.213755716167652 ], [ -75.550738274850957, 6.213755056102817 ], [ -75.550728816694829, 6.213754278102664 ], [ -75.550714942232815, 6.213752118241102 ], [ -75.55070544744531, 6.213751050199348 ], [ -75.550653405187361, 6.213736403469921 ], [ -75.550651038577485, 6.21373573228984 ], [ -75.550640171362488, 6.213733140218304 ], [ -75.550633386554722, 6.213731819510688 ], [ -75.55062501388629, 6.213730200877125 ], [ -75.550625031181767, 6.21373022791685 ], [ -75.55062009952276, 6.21372876355539 ], [ -75.550619754835608, 6.213728663958763 ], [ -75.550617813325104, 6.213728093795315 ], [ -75.550616774707379, 6.213727786890426 ], [ -75.550614037827359, 6.21372695656593 ], [ -75.550602691279693, 6.213724070259744 ], [ -75.550592465547012, 6.213722425306822 ], [ -75.550581687813249, 6.213720779400723 ], [ -75.550568951635924, 6.213718048976298 ], [ -75.550556665204397, 6.213716222295305 ], [ -75.550497215631054, 6.21370380826513 ], [ -75.550492048152364, 6.213702713915229 ], [ -75.550488434392108, 6.213701956532893 ], [ -75.550484514262493, 6.213701177122016 ], [ -75.550476836682463, 6.213699631076794 ], [ -75.550472102852041, 6.213698724496519 ], [ -75.550466700752395, 6.21369768642877 ], [ -75.550464098585934, 6.213697252355781 ], [ -75.550451876463725, 6.213695272567829 ], [ -75.550449121224517, 6.213694756959693 ], [ -75.550439219852663, 6.213692930521303 ], [ -75.550425923647808, 6.213691158434696 ], [ -75.550415714917875, 6.213689104740014 ], [ -75.550403339574103, 6.213686637472953 ], [ -75.550394097869201, 6.213685407272995 ], [ -75.550391948988903, 6.213685299202942 ], [ -75.550383140027634, 6.213684819130912 ], [ -75.550367277133461, 6.213685288951146 ], [ -75.550350221292476, 6.213685297103772 ], [ -75.550338948701082, 6.213685197792356 ], [ -75.550294665219496, 6.213684825582835 ], [ -75.550292063989914, 6.213684961091039 ], [ -75.550282812709128, 6.213685493941637 ], [ -75.550277384567138, 6.213685801306872 ], [ -75.550265468959694, 6.213686686955125 ], [ -75.550262966031923, 6.213686786728808 ], [ -75.55025426677571, 6.213687137902716 ], [ -75.550242848807173, 6.213687617014251 ], [ -75.550241141032927, 6.213687744595375 ], [ -75.550221132043987, 6.213689288601478 ], [ -75.550217762560663, 6.213689541733086 ], [ -75.550204121466365, 6.213691566741032 ], [ -75.55018151966766, 6.213695181903719 ], [ -75.55017151958404, 6.213696682141861 ], [ -75.550154293658821, 6.213699266906701 ], [ -75.55015241337901, 6.213699592414823 ], [ -75.550144995977732, 6.213700857782755 ], [ -75.550123712414319, 6.213704500035654 ], [ -75.550116692173674, 6.213705692966984 ], [ -75.550081923306948, 6.213711631608355 ], [ -75.549936698874561, 6.213737409370164 ], [ -75.549772179059531, 6.213748586638218 ], [ -75.549109356624299, 6.213761988090233 ], [ -75.548873318191781, 6.213775404078183 ], [ -75.548789864989416, 6.213788825618312 ], [ -75.548684957596706, 6.21381343042198 ], [ -75.548549054317476, 6.213867124215191 ], [ -75.547902914425819, 6.214169136157168 ], [ -75.547654947025947, 6.214307840754486 ], [ -75.547554806213796, 6.214379436925686 ], [ -75.547485724614532, 6.214435465639367 ], [ -75.547474693351035, 6.214444596050085 ], [ -75.547452109910992, 6.21446255831405 ], [ -75.547451296205423, 6.214463181549793 ], [ -75.547449155845598, 6.214464845479 ], [ -75.547444467123881, 6.214468433878692 ], [ -75.547442064069145, 6.214469952608601 ], [ -75.547440040185549, 6.21447122721005 ], [ -75.547437682214465, 6.214472727640437 ], [ -75.547435424135031, 6.214474147123818 ], [ -75.547433247145293, 6.214475521010956 ], [ -75.547424990150262, 6.214480484578722 ], [ -75.547416425720215, 6.214485392669411 ], [ -75.547413272723091, 6.214486892411022 ], [ -75.547406289783467, 6.214490210690614 ], [ -75.54739574734036, 6.214496538722726 ], [ -75.547392812064203, 6.214497849360535 ], [ -75.547385349176565, 6.214501121131291 ], [ -75.547378619979852, 6.21450460183116 ], [ -75.547375078139112, 6.214506400898255 ], [ -75.547370940564491, 6.214508498479807 ], [ -75.547352990662006, 6.214517601659701 ], [ -75.54734908798315, 6.214519136658073 ], [ -75.547342854286683, 6.214521577957837 ], [ -75.547339430424259, 6.214522924402222 ], [ -75.547335826227069, 6.214524344044383 ], [ -75.547325058106424, 6.214527518731011 ], [ -75.547313305857344, 6.214530445914503 ], [ -75.54731094809523, 6.214531051276802 ], [ -75.547295256374937, 6.214533500187146 ], [ -75.547289790581587, 6.214534060857543 ], [ -75.547283665535289, 6.214534674431063 ], [ -75.547270622056502, 6.21453567847061 ], [ -75.547269184478424, 6.214535821919315 ], [ -75.547258083201285, 6.214535849202609 ], [ -75.547243267607044, 6.214534313101908 ], [ -75.547228940890207, 6.214532801767936 ], [ -75.547187151852228, 6.214515393854311 ], [ -75.54714795213259, 6.214492744097084 ], [ -75.547111993123124, 6.214465230890935 ], [ -75.547079874200193, 6.21443331244295 ], [ -75.547052130046339, 6.214397520505048 ], [ -75.547029225181817, 6.214358450454958 ], [ -75.547011537668467, 6.214316754141947 ], [ -75.546999362649302, 6.21427312449962 ], [ -75.546992905090804, 6.214228289252363 ], [ -75.546801650992521, 6.213511565857615 ], [ -75.546790902275063, 6.213460553608059 ], [ -75.54678562425255, 6.21340868593385 ], [ -75.546785873060529, 6.213356552043926 ], [ -75.546791649713114, 6.213304738700314 ], [ -75.546802885648518, 6.213253830287683 ], [ -75.5468194553508, 6.213204403328002 ], [ -75.546888414552427, 6.212901693920514 ], [ -75.546890340101243, 6.212888616663959 ], [ -75.546890216890134, 6.212875398291345 ], [ -75.546888046463167, 6.212862359753493 ], [ -75.546883882727329, 6.212849814516222 ], [ -75.546877825628926, 6.212838068590613 ], [ -75.546869079926552, 6.212826324767751 ], [ -75.5468489697123, 6.212792932573472 ], [ -75.546838403706914, 6.212775389527123 ], [ -75.546859803377515, 6.212772962879066 ], [ -75.546859823947244, 6.212772919382803 ], [ -75.54686362354991, 6.212764043530257 ], [ -75.546863770771168, 6.212764035588193 ], [ -75.546864209577009, 6.212764732349942 ], [ -75.546896147487914, 6.21281539570233 ], [ -75.546912854940842, 6.212847945383361 ], [ -75.546916510704918, 6.212903636206365 ], [ -75.546902822031754, 6.212974092400914 ], [ -75.546940060894272, 6.213367213613946 ], [ -75.547000563760093, 6.213235749581115 ], [ -75.547072868491369, 6.213078629775045 ], [ -75.547112679740877, 6.212999692862998 ], [ -75.547121670322355, 6.212987407923015 ], [ -75.547134824275375, 6.212973882377845 ], [ -75.547136708039844, 6.21294742633328 ], [ -75.54713887861493, 6.21291692663988 ], [ -75.547138916684901, 6.212916389416284 ], [ -75.547139247719443, 6.21291177325392 ], [ -75.547132967304677, 6.212722526684666 ], [ -75.547150676057129, 6.212452402375782 ], [ -75.547394732672402, 6.212197393723729 ], [ -75.547446761066041, 6.212152284835877 ], [ -75.547523451908219, 6.212103171264864 ], [ -75.547543040692489, 6.212098789604197 ], [ -75.547552329561242, 6.212090860124953 ], [ -75.547568582311271, 6.212051432333818 ], [ -75.547602561800218, 6.211955216206746 ], [ -75.547618797389035, 6.211891565645258 ], [ -75.547630320391519, 6.211761376474995 ], [ -75.547641833472497, 6.211631189162276 ], [ -75.547659744591371, 6.21162756328475 ], [ -75.547662487608775, 6.211608638847742 ], [ -75.547662106443539, 6.211607904740502 ], [ -75.547662272532719, 6.211606748490619 ], [ -75.547638796221634, 6.211561346103466 ], [ -75.547639652538678, 6.211559815843932 ], [ -75.547638737062641, 6.211559565296264 ], [ -75.547636681769447, 6.211559003802412 ], [ -75.547635476811223, 6.211558673279706 ], [ -75.547634862194471, 6.211557487339225 ], [ -75.547633220302728, 6.21155703686708 ], [ -75.547630909514581, 6.211552568146417 ], [ -75.547585921446895, 6.211554449355154 ], [ -75.547552804386925, 6.211552562910307 ], [ -75.547417387916965, 6.211560911967092 ], [ -75.547416705126935, 6.211560954133102 ], [ -75.547405247796689, 6.211556063858529 ], [ -75.547383263524765, 6.211461172436259 ], [ -75.547382571845546, 6.211381421696783 ], [ -75.547359622303361, 6.21134654417834 ], [ -75.547337406512383, 6.211305314476991 ], [ -75.547337379337634, 6.211293654327672 ], [ -75.547376075127005, 6.211086879261696 ], [ -75.547412736262217, 6.210890970532466 ], [ -75.547394846585647, 6.210675524610259 ], [ -75.547378550078889, 6.210490588266052 ], [ -75.54739701634027, 6.210422815992843 ], [ -75.547347783843421, 6.210253330359505 ], [ -75.547330508740359, 6.210231588395938 ], [ -75.547306505880059, 6.210226767571352 ], [ -75.547279074353582, 6.21023187047445 ], [ -75.547250175876883, 6.210246975355727 ], [ -75.547210371628367, 6.210265734726341 ], [ -75.547186835017129, 6.210274269847894 ], [ -75.547162308204236, 6.21028523817193 ], [ -75.547142977217803, 6.210289863564535 ], [ -75.547209829399179, 6.210246160685842 ], [ -75.547258145819313, 6.210188341729295 ], [ -75.547272815276258, 6.210170787437635 ], [ -75.547253890287166, 6.210164777662286 ], [ -75.547218272717913, 6.210148069502486 ], [ -75.547199583879987, 6.210148709206259 ], [ -75.547176163068201, 6.210163476688872 ], [ -75.54714410851156, 6.21019446657346 ], [ -75.547131275750871, 6.210218227761406 ], [ -75.547116084288376, 6.210231311038352 ], [ -75.547110308688019, 6.210237137802761 ], [ -75.547087625823309, 6.210247365819469 ], [ -75.54707353331581, 6.21026466327632 ], [ -75.547039401346737, 6.210280535625796 ], [ -75.54699347044226, 6.210295622165835 ], [ -75.546924685709001, 6.210295905492911 ], [ -75.546909331624278, 6.21029677685546 ], [ -75.546887314872208, 6.210292223104339 ], [ -75.546820806688473, 6.210267874776772 ], [ -75.546784310757587, 6.210260890883614 ], [ -75.546751650037777, 6.210259577169983 ], [ -75.546704365428681, 6.210277596804744 ], [ -75.546685271428956, 6.210302766000837 ], [ -75.546622982175592, 6.210295877363515 ], [ -75.546598114284066, 6.210302803231487 ], [ -75.546561088207028, 6.210350725672889 ], [ -75.546491357410517, 6.210403783605964 ], [ -75.546399038190472, 6.210372655725833 ], [ -75.546314264126764, 6.210379806720928 ], [ -75.546284784220063, 6.210358542974019 ], [ -75.546215410240009, 6.210329473541961 ], [ -75.546085206143445, 6.210261211793295 ], [ -75.545995203050751, 6.21022551325167 ], [ -75.54589519440475, 6.210185848608488 ], [ -75.545895039942948, 6.210185477763202 ], [ -75.545895024432923, 6.210185446194045 ], [ -75.545894809542332, 6.210184908379475 ], [ -75.545891939131138, 6.210177720064342 ], [ -75.545891927234749, 6.210177688477754 ], [ -75.545889668302266, 6.210171410369216 ], [ -75.545889853687683, 6.210171448353532 ], [ -75.545933915980726, 6.210180529591299 ], [ -75.545982426542452, 6.210201595978375 ], [ -75.546068066560821, 6.210178003274581 ], [ -75.54612123202628, 6.210109884930766 ], [ -75.546169833702407, 6.210097094699857 ], [ -75.546248380226629, 6.210141214992453 ], [ -75.54628288151045, 6.21014484163094 ], [ -75.546384337143564, 6.210155503557348 ], [ -75.546467719527854, 6.210112383881678 ], [ -75.546556837082534, 6.2100871641528 ], [ -75.546571440608233, 6.210078627768122 ], [ -75.546571629119057, 6.210078188367875 ], [ -75.546572074039673, 6.210077339075998 ], [ -75.546572332282352, 6.210076934600216 ], [ -75.546572669607556, 6.21007644294925 ], [ -75.546573433126525, 6.210075528835807 ], [ -75.546574302822222, 6.210074713663114 ], [ -75.546574770829139, 6.210074344341693 ], [ -75.546594047005996, 6.210060008205588 ], [ -75.546594646662513, 6.210059586716111 ], [ -75.546595264513257, 6.210059191358214 ], [ -75.546596543943309, 6.210058476376923 ], [ -75.546597883576283, 6.210057881352239 ], [ -75.546599278069991, 6.210057422583746 ], [ -75.546599984520412, 6.210057228415449 ], [ -75.546601425983241, 6.210056955667177 ], [ -75.546602153703176, 6.210056863560676 ], [ -75.54660288429848, 6.210056805796529 ], [ -75.546612682047552, 6.21005625774596 ], [ -75.546612777747839, 6.210056244627641 ], [ -75.546612869769291, 6.21005621796544 ], [ -75.546612956296386, 6.210056175959838 ], [ -75.54661303734656, 6.210056122227182 ], [ -75.546613108407101, 6.210056057693313 ], [ -75.546613162224673, 6.210055976968581 ], [ -75.546613258884193, 6.21005578754448 ], [ -75.546613282880671, 6.21005570515507 ], [ -75.546613293312959, 6.210055620118638 ], [ -75.546613291097586, 6.210055535143153 ], [ -75.546613274432019, 6.210055451141277 ], [ -75.546613246039598, 6.210055370812329 ], [ -75.546613206819288, 6.210055293247822 ], [ -75.546613145856398, 6.210055203130538 ], [ -75.546613069592084, 6.210055124840278 ], [ -75.546612980745266, 6.210055060172241 ], [ -75.546612882942611, 6.210055011821321 ], [ -75.546612777995307, 6.210054980682798 ], [ -75.546596552393098, 6.210051589741864 ], [ -75.546596306336113, 6.210051522214311 ], [ -75.546596070073193, 6.210051424804062 ], [ -75.546595815498705, 6.210051276851874 ], [ -75.546595584256337, 6.210051096239435 ], [ -75.546595379964032, 6.210050883853468 ], [ -75.546595188979438, 6.210050620773347 ], [ -75.54659504032459, 6.210050330366143 ], [ -75.546594940340682, 6.210050016217799 ], [ -75.546594891790107, 6.210049689164271 ], [ -75.546594896527509, 6.210049359141864 ], [ -75.546594896371047, 6.210049326594734 ], [ -75.546594897990943, 6.21004928771027 ], [ -75.546595207457855, 6.21004619597737 ], [ -75.546595210897607, 6.210046159796481 ], [ -75.546595270407508, 6.210045571839453 ], [ -75.546595319550917, 6.210045270534733 ], [ -75.546595394024479, 6.210044976340851 ], [ -75.546595499253002, 6.210044690135931 ], [ -75.546595637073722, 6.210044418239788 ], [ -75.546595875684815, 6.210044064488605 ], [ -75.546596162363386, 6.210043749382654 ], [ -75.546596493526167, 6.210043479267973 ], [ -75.546596859266174, 6.210043260520971 ], [ -75.546597253281291, 6.210043097692539 ], [ -75.546597847687536, 6.210042899543188 ], [ -75.546610436659634, 6.210038704441586 ], [ -75.546611328829314, 6.210038429817484 ], [ -75.546613134312196, 6.210037956412646 ], [ -75.546614047634051, 6.210037759440059 ], [ -75.546649394538747, 6.210038572919774 ], [ -75.546650641973955, 6.210038531653285 ], [ -75.546651867713678, 6.210038299724342 ], [ -75.546653044673121, 6.210037880879841 ], [ -75.546654141289522, 6.210037287025155 ], [ -75.54665513413083, 6.21003653002647 ], [ -75.546655997992914, 6.210035628991497 ], [ -75.54665671400862, 6.210034605709597 ], [ -75.546662148992155, 6.210025390182381 ], [ -75.546662423361298, 6.210024957601568 ], [ -75.546662721292918, 6.210024540277158 ], [ -75.546663053680035, 6.210024149006015 ], [ -75.54666340966439, 6.210023780223986 ], [ -75.546664191560538, 6.210023118268236 ], [ -75.54666505528489, 6.210022564411537 ], [ -75.546665987373231, 6.210022136800884 ], [ -75.546666471707198, 6.21002196901701 ], [ -75.546667467017315, 6.210021725540067 ], [ -75.546667976260508, 6.210021665225134 ], [ -75.546675692354398, 6.210020896649048 ], [ -75.5466766523367, 6.210020821506346 ], [ -75.546678579924048, 6.210020753458078 ], [ -75.546680504475859, 6.210020805670859 ], [ -75.54668242509743, 6.210020979957218 ], [ -75.546683380632928, 6.210021107356201 ], [ -75.546701682373097, 6.210023947641226 ], [ -75.546703211480519, 6.210024053292185 ], [ -75.546704736638944, 6.210023901291205 ], [ -75.54670621449354, 6.210023493655328 ], [ -75.546707602645043, 6.210022843246188 ], [ -75.546708862333873, 6.210021968332598 ], [ -75.546709956637741, 6.210020893503303 ], [ -75.546716534721895, 6.210013236579472 ], [ -75.546716906732826, 6.210012818898366 ], [ -75.546718416211121, 6.210011284591138 ], [ -75.546718480066119, 6.210011224612497 ], [ -75.546719085429103, 6.210010674712089 ], [ -75.546721236681833, 6.210009023397026 ], [ -75.546721998625358, 6.210008533317961 ], [ -75.546723568086975, 6.210007637022422 ], [ -75.546724372860098, 6.210007223586316 ], [ -75.546741226258916, 6.209999134748712 ], [ -75.546741381031993, 6.20999900652417 ], [ -75.54674379975674, 6.209996991373711 ], [ -75.54674422502444, 6.209996376340556 ], [ -75.546744401409015, 6.209996045491718 ], [ -75.546744841846319, 6.209995015399706 ], [ -75.546745106001964, 6.209993961745643 ], [ -75.546745112169333, 6.209993929168012 ], [ -75.546746394370203, 6.209986274237163 ], [ -75.546746693727584, 6.209985026030269 ], [ -75.546746801296777, 6.209984662964885 ], [ -75.546747218267228, 6.209983637506439 ], [ -75.546747463418669, 6.209983140874633 ], [ -75.546748032526565, 6.209982190628771 ], [ -75.546748361933865, 6.209981743317241 ], [ -75.546748710399655, 6.209981313996082 ], [ -75.546749080629766, 6.209980901748203 ], [ -75.546753404221235, 6.209976347730465 ], [ -75.546753950858331, 6.209975797208727 ], [ -75.546754519285855, 6.209975269184749 ], [ -75.54675573062886, 6.209974297764277 ], [ -75.546757018366563, 6.209973431756683 ], [ -75.546757693183778, 6.209973046973695 ], [ -75.5467583844014, 6.209972691043168 ], [ -75.546765046843262, 6.209969426775676 ], [ -75.546771405102859, 6.209966407177963 ], [ -75.546785877589812, 6.209959742925381 ], [ -75.546787613747398, 6.20995894347078 ], [ -75.546789665406109, 6.209957998743786 ], [ -75.54679066658268, 6.209957472252514 ], [ -75.546791604919974, 6.209956841187229 ], [ -75.546792322109596, 6.209956250063462 ], [ -75.546792984799268, 6.209955597722717 ], [ -75.546795833067748, 6.209952541683377 ], [ -75.546798648674482, 6.20994945686984 ], [ -75.546808668057182, 6.209938260065292 ], [ -75.546809551462715, 6.209937102169312 ], [ -75.546810250898602, 6.209935824912818 ], [ -75.546810261604719, 6.209935796833892 ], [ -75.54681076455806, 6.209934428304406 ], [ -75.546811052378942, 6.209933035495722 ], [ -75.5468110585376, 6.209933001109958 ], [ -75.546811857181865, 6.209926803218095 ], [ -75.546811863336202, 6.209926767928236 ], [ -75.546811897699712, 6.209926586941088 ], [ -75.546812069951926, 6.209925772414209 ], [ -75.546812090360788, 6.209925695466692 ], [ -75.546812222017635, 6.209925268997734 ], [ -75.546812413898436, 6.209924778951173 ], [ -75.546812884573967, 6.209923837316239 ], [ -75.54681316430252, 6.209923392052111 ], [ -75.546813474838189, 6.209922965625919 ], [ -75.546813818938986, 6.209922567969596 ], [ -75.546814185720564, 6.209922190094388 ], [ -75.546818132619421, 6.209918395533203 ], [ -75.546822033222796, 6.209914555085361 ], [ -75.546832850817268, 6.20990364736839 ], [ -75.546833216791029, 6.209903289387469 ], [ -75.546836956650893, 6.209900026534722 ], [ -75.5468378127172, 6.20989938320806 ], [ -75.546841904308465, 6.209896746112832 ], [ -75.546842391742942, 6.209896471629149 ], [ -75.546862671905046, 6.209885390868953 ], [ -75.546864729082969, 6.209884278855233 ], [ -75.546866802652602, 6.209883193885822 ], [ -75.54686889080277, 6.209882135065367 ], [ -75.546870357145707, 6.209881400197459 ], [ -75.5468751680487, 6.209878989281966 ], [ -75.546875641241641, 6.209878759168153 ], [ -75.546881155864057, 6.209876525685785 ], [ -75.546881655573088, 6.20987636144419 ], [ -75.546892769854608, 6.20987285784923 ], [ -75.546894933118494, 6.209872013844776 ], [ -75.546896965852142, 6.209870891099388 ], [ -75.546898832010527, 6.209869508772897 ], [ -75.546899412247271, 6.209868994253634 ], [ -75.546905682072619, 6.209863177769879 ], [ -75.546906063452013, 6.209862829659978 ], [ -75.546906631136693, 6.209862335091541 ], [ -75.546907216985119, 6.209861860325988 ], [ -75.546907818291416, 6.209861406280535 ], [ -75.546908427789248, 6.209860964853135 ], [ -75.546909053657046, 6.209860545949609 ], [ -75.546909695894826, 6.209860149569974 ], [ -75.54691095815906, 6.209859434670968 ], [ -75.546917228293722, 6.209856125277937 ], [ -75.546918086631734, 6.209855578679859 ], [ -75.546918846767255, 6.209854900554816 ], [ -75.546919486197694, 6.209854108189258 ], [ -75.546919990568526, 6.209853222446793 ], [ -75.546920344639204, 6.209852267811749 ], [ -75.546921805795819, 6.209847072098466 ], [ -75.546921949114278, 6.209846628395324 ], [ -75.546922114157937, 6.209846193628623 ], [ -75.546922319924434, 6.209845773131567 ], [ -75.546922547437859, 6.209845366091425 ], [ -75.546922805754036, 6.209844976985106 ], [ -75.546923090360295, 6.209844606738477 ], [ -75.546923395827477, 6.209844253569424 ], [ -75.54692373125053, 6.209843930091723 ], [ -75.546924461130985, 6.209843347947886 ], [ -75.546924858355126, 6.20984310102178 ], [ -75.546933852598741, 6.209837782240323 ], [ -75.546934380560316, 6.209837481342316 ], [ -75.546935467503531, 6.209836942684489 ], [ -75.546936025573075, 6.209836703120862 ], [ -75.546938278820903, 6.20983578454616 ], [ -75.546940465454981, 6.209834727963626 ], [ -75.546978231982905, 6.209813425233051 ], [ -75.546983604889888, 6.209809902269981 ], [ -75.54698846045504, 6.209805694675822 ], [ -75.546999838192733, 6.209794416288382 ], [ -75.547000273467745, 6.209794003727215 ], [ -75.54700072872204, 6.209793612768489 ], [ -75.547001698308449, 6.209792904703346 ], [ -75.547002204483846, 6.209792582211613 ], [ -75.547002727958727, 6.209792287663925 ], [ -75.54700327058768, 6.209792030996563 ], [ -75.54700438324771, 6.209791579913356 ], [ -75.54700495515516, 6.209791399954188 ], [ -75.547005538059963, 6.209791252489966 ], [ -75.547014801199182, 6.209789060627361 ], [ -75.547015195370363, 6.209788930345923 ], [ -75.547015560310868, 6.209788733301187 ], [ -75.547015886118018, 6.209788476773801 ], [ -75.547016815154677, 6.209787602548031 ], [ -75.547017137291689, 6.209787334284875 ], [ -75.54701749034011, 6.209787106557748 ], [ -75.547017868896916, 6.209786923009091 ], [ -75.547033678294, 6.209780415054618 ], [ -75.547035766500542, 6.209779556041413 ], [ -75.54703646620473, 6.209779274206711 ], [ -75.547037175082082, 6.20977902125929 ], [ -75.547037894027355, 6.209778795386634 ], [ -75.547038659975783, 6.209778574712344 ], [ -75.547039435106072, 6.209778384733446 ], [ -75.547041791009207, 6.209777960211304 ], [ -75.54704258376934, 6.209777866887092 ], [ -75.547043378492774, 6.209777806101344 ], [ -75.547053677232114, 6.209777174262645 ], [ -75.547054454004808, 6.209777137974198 ], [ -75.547056009696036, 6.209777135907486 ], [ -75.547056786807772, 6.209777170137895 ], [ -75.547059895472117, 6.209777352263822 ], [ -75.547063006103315, 6.209777379777725 ], [ -75.54708064560225, 6.209776646589306 ], [ -75.547086792191649, 6.209776014854297 ], [ -75.547092816870233, 6.209774642337576 ], [ -75.547107506689571, 6.20977034127607 ], [ -75.547108574023383, 6.20977004591757 ], [ -75.547109650556465, 6.209769784870839 ], [ -75.547111826685963, 6.209769362118265 ], [ -75.547112922677442, 6.209769202237933 ], [ -75.547114023351114, 6.209769076691191 ], [ -75.547120658582898, 6.209768421808244 ], [ -75.547121603197752, 6.209768344930745 ], [ -75.547122550683653, 6.209768301491388 ], [ -75.547125393063965, 6.209768342954266 ], [ -75.54712634019856, 6.209768414338336 ], [ -75.547127282069212, 6.209768518295627 ], [ -75.547155405034019, 6.209772127682036 ], [ -75.547155600421846, 6.209772179179377 ], [ -75.547155883740004, 6.209772292636759 ], [ -75.547155928050358, 6.20977230146446 ], [ -75.547155954336077, 6.209772319420056 ], [ -75.547176364727392, 6.209777615943445 ], [ -75.547177365697635, 6.209777798273455 ], [ -75.547178379866821, 6.209777907307148 ], [ -75.547179397401862, 6.209777964790478 ], [ -75.547197743874463, 6.209778086192236 ], [ -75.547210272960697, 6.209777410157721 ], [ -75.547244684429813, 6.209773452610259 ], [ -75.547253953877586, 6.209772385424022 ], [ -75.54725619765432, 6.209772127796858 ], [ -75.547256520791038, 6.209772067473699 ], [ -75.547256831966109, 6.209771962002678 ], [ -75.547257124860053, 6.209771812318442 ], [ -75.547257393170725, 6.209771622971848 ], [ -75.547257632398541, 6.20977139760093 ], [ -75.547258092551289, 6.209770898125504 ], [ -75.54725879625758, 6.20977013347757 ], [ -75.547259203617998, 6.209769740037028 ], [ -75.547259653677628, 6.209769396116762 ], [ -75.54726014013869, 6.209769107171777 ], [ -75.547263195150492, 6.209767525640075 ], [ -75.547263838708517, 6.209767216048201 ], [ -75.547265158677547, 6.209766665418375 ], [ -75.547265832387041, 6.20976642620167 ], [ -75.547299490629015, 6.209755565797389 ], [ -75.54730261017535, 6.209754441433381 ], [ -75.547305691270026, 6.209753211473934 ], [ -75.547306308082298, 6.209752976147649 ], [ -75.547306934962435, 6.209752767896119 ], [ -75.547307572853015, 6.209752594851803 ], [ -75.547308219955895, 6.209752458831503 ], [ -75.547308872626999, 6.209752353524094 ], [ -75.547326116729678, 6.209749805879148 ], [ -75.547326329720406, 6.209749760552128 ], [ -75.547326540839137, 6.209749701672462 ], [ -75.547326751028351, 6.209749637372659 ], [ -75.547331563059615, 6.209748025680344 ], [ -75.547334846343944, 6.209746946637166 ], [ -75.547351045844493, 6.209741718821602 ], [ -75.547351436423568, 6.209741593077787 ], [ -75.547352305806811, 6.209741276973582 ], [ -75.547353162390209, 6.209740929287253 ], [ -75.547353450124504, 6.209740833874276 ], [ -75.54735374889529, 6.20974077909305 ], [ -75.547354052374402, 6.209740764069864 ], [ -75.547355415757124, 6.209740787339373 ], [ -75.547366227075287, 6.209740977572891 ], [ -75.547390240375051, 6.209741398963882 ], [ -75.547391209933721, 6.209741436787525 ], [ -75.547393144934006, 6.209741595632496 ], [ -75.547395066075438, 6.209741878407011 ], [ -75.547396965227321, 6.209742285150202 ], [ -75.547397905956146, 6.209742527441049 ], [ -75.547405424530055, 6.209744647528351 ], [ -75.547409218820235, 6.209745377856079 ], [ -75.547413081353525, 6.209745457801426 ], [ -75.547423830623103, 6.209744768635524 ], [ -75.547433492571059, 6.209743412049842 ], [ -75.547448076655243, 6.209740232583361 ], [ -75.547448712938873, 6.209740101135562 ], [ -75.54745646789371, 6.209738961678736 ], [ -75.547457114466937, 6.209738903414131 ], [ -75.54746624290884, 6.209738197642725 ], [ -75.547468394198475, 6.209737869939788 ], [ -75.547470550159801, 6.209737198653374 ], [ -75.547472578087863, 6.209736204312912 ], [ -75.547474366325517, 6.209734963401289 ], [ -75.547487425115307, 6.209724392965216 ], [ -75.547487833735403, 6.209724073655337 ], [ -75.547490846687296, 6.209722012243997 ], [ -75.547491552066973, 6.209721595669406 ], [ -75.547495163023058, 6.209719896637478 ], [ -75.547496103679464, 6.209719560299447 ], [ -75.547499382229404, 6.209718624127287 ], [ -75.547499948981155, 6.209718499343108 ], [ -75.547521643589363, 6.209714121137981 ], [ -75.54752192526928, 6.20971408180878 ], [ -75.547522209824663, 6.209714076821833 ], [ -75.547522493641821, 6.20971410619458 ], [ -75.547523346253257, 6.209714247649491 ], [ -75.547523772847654, 6.209714284471542 ], [ -75.547524200032427, 6.209714256194978 ], [ -75.547534931666632, 6.209712718154776 ], [ -75.54754236892164, 6.20971164261048 ], [ -75.547559649285489, 6.209709121907497 ], [ -75.547565760287824, 6.209707853846921 ], [ -75.547571794537859, 6.209706218184063 ], [ -75.547577815010669, 6.209704535573903 ], [ -75.547592927369095, 6.209700181836115 ], [ -75.547595097098423, 6.209699555688342 ], [ -75.547597231042715, 6.20969881489123 ], [ -75.547599297881845, 6.209697833924665 ], [ -75.547601245322682, 6.209696634739071 ], [ -75.547606914371926, 6.209692699880523 ], [ -75.547607342115569, 6.209692412122235 ], [ -75.547612393457584, 6.209689465716298 ], [ -75.547612854901161, 6.20968923475452 ], [ -75.547622452335872, 6.209684608318784 ], [ -75.547625495817556, 6.209682883992088 ], [ -75.547628283568287, 6.209680771226684 ], [ -75.547666462105468, 6.209643522537458 ], [ -75.547666938547394, 6.209642653203287 ], [ -75.54766895553972, 6.209638633770475 ], [ -75.547669216026222, 6.209638132544252 ], [ -75.547670873299495, 6.209635207910319 ], [ -75.547671170925653, 6.209634727299671 ], [ -75.54770309054075, 6.209584521248513 ], [ -75.547703878537078, 6.20958306183965 ], [ -75.547704452851463, 6.209581504008133 ], [ -75.547704754096912, 6.209580461025054 ], [ -75.547705377860851, 6.209578289970312 ], [ -75.547705384927227, 6.209578256484267 ], [ -75.547705548504865, 6.209577517040366 ], [ -75.547705624378295, 6.209576762649079 ], [ -75.54770562296855, 6.209576281670549 ], [ -75.54770561892785, 6.209576005033035 ], [ -75.547705463498119, 6.209575057372622 ], [ -75.547705455197914, 6.209575022152415 ], [ -75.547701334697635, 6.209557557459248 ], [ -75.547701294160831, 6.209557394010973 ], [ -75.547699944263115, 6.209552848330292 ], [ -75.547699851823495, 6.209552600145899 ], [ -75.547698039752959, 6.20954832159481 ], [ -75.547698025146275, 6.209548290021387 ], [ -75.547692533266272, 6.209537028687724 ], [ -75.547690563470525, 6.209533015799789 ], [ -75.547687863034042, 6.209527548105171 ], [ -75.547687564186674, 6.209527023353865 ], [ -75.547687204998098, 6.209526537769773 ], [ -75.547686427187529, 6.209525606668654 ], [ -75.547685598104636, 6.20952472192397 ], [ -75.547667027765343, 6.209506976937089 ], [ -75.547666165717402, 6.209506188186534 ], [ -75.547665853667738, 6.2095059238818 ], [ -75.547662873574993, 6.209503734020396 ], [ -75.547662529215813, 6.209503514172582 ], [ -75.547661519066907, 6.209502925943143 ], [ -75.547654553185708, 6.209499071830109 ], [ -75.547650589951559, 6.209496461773118 ], [ -75.547646828518381, 6.209493546059785 ], [ -75.547643099412156, 6.20949058950591 ], [ -75.547621665196161, 6.209473216336419 ], [ -75.54762094966172, 6.209472648386515 ], [ -75.547617538734485, 6.209470103477123 ], [ -75.54761679089053, 6.209469579984124 ], [ -75.547611771176832, 6.209466140523475 ], [ -75.54761137601831, 6.209465877523057 ], [ -75.547606941428853, 6.209463315845264 ], [ -75.547606516705798, 6.209463104521352 ], [ -75.547597333879523, 6.209458699633623 ], [ -75.54759653525889, 6.209458325562889 ], [ -75.547590046281954, 6.209455576683772 ], [ -75.547589222652945, 6.2094552624046 ], [ -75.547565112473094, 6.209446339253921 ], [ -75.547549215392451, 6.209440057226238 ], [ -75.547535935262772, 6.209434469606723 ], [ -75.547534653923861, 6.209434035477255 ], [ -75.547516018247222, 6.209428252143551 ], [ -75.547514717350808, 6.209427884108142 ], [ -75.547512539021056, 6.209427285230376 ], [ -75.547510353598881, 6.209426714414144 ], [ -75.547509510629737, 6.209426511433217 ], [ -75.547500195532677, 6.209424659476756 ], [ -75.547499338439451, 6.209424525276053 ], [ -75.547470454638201, 6.209420315621545 ], [ -75.547466410195241, 6.209419792634675 ], [ -75.547451924268969, 6.209418207880725 ], [ -75.547428117343244, 6.209415798263513 ], [ -75.547425580306893, 6.209415565468325 ], [ -75.547420499441657, 6.209415190321455 ], [ -75.547417956520562, 6.2094150488695 ], [ -75.547400160819208, 6.209413918545767 ], [ -75.547395713800043, 6.20941328086719 ], [ -75.547391387791151, 6.209412069401316 ], [ -75.547385216059638, 6.209409725839783 ], [ -75.547381063497653, 6.209407948471078 ], [ -75.547375106170676, 6.209405102096932 ], [ -75.547374538879239, 6.209404926719629 ], [ -75.547373996557056, 6.20940468341395 ], [ -75.547372094541601, 6.20940368087682 ], [ -75.547371173135389, 6.209403135616442 ], [ -75.547370310914843, 6.209402498756139 ], [ -75.547358172497439, 6.209392544215875 ], [ -75.547349935841453, 6.209385003840022 ], [ -75.547339080298599, 6.209373923835324 ], [ -75.547338008463953, 6.209372719300441 ], [ -75.547337054518934, 6.209371419266501 ], [ -75.547335267215658, 6.209368720974204 ], [ -75.547334298885715, 6.20936743547525 ], [ -75.547333180304435, 6.209366279083193 ], [ -75.547323678685885, 6.209357576690666 ], [ -75.54732300311386, 6.209356864794555 ], [ -75.547322432822895, 6.209356065597048 ], [ -75.547321911036775, 6.209355020248614 ], [ -75.547321578057961, 6.209353973086803 ], [ -75.547321570652485, 6.209353936054057 ], [ -75.54732141257783, 6.209352813913145 ], [ -75.547321401727459, 6.209352624102681 ], [ -75.547321408471348, 6.209352335659755 ], [ -75.547321409426104, 6.209352158449999 ], [ -75.547321427183931, 6.209351718063888 ], [ -75.547321538416895, 6.20935098972127 ], [ -75.547321723807329, 6.209350277295485 ], [ -75.547321886900349, 6.209349812702674 ], [ -75.547331892193341, 6.209324416948614 ], [ -75.547332077137625, 6.209323987510817 ], [ -75.54733228380708, 6.209323567009421 ], [ -75.547332514929366, 6.209323159047844 ], [ -75.547332775056219, 6.209322770836915 ], [ -75.547333056930015, 6.209322396082936 ], [ -75.547334522444856, 6.209320550069847 ], [ -75.54733476856066, 6.20932025414541 ], [ -75.547335239862591, 6.209319818808088 ], [ -75.547335764787107, 6.209319450116462 ], [ -75.547336334339292, 6.209319156250951 ], [ -75.547339112869224, 6.209317944023305 ], [ -75.547339798995424, 6.209317656829292 ], [ -75.547340496110294, 6.209317400321955 ], [ -75.547341205121597, 6.209317175401178 ], [ -75.547342154151693, 6.209316889653364 ], [ -75.547343464026483, 6.20931649457903 ], [ -75.547343760946788, 6.209316430765728 ], [ -75.547344065320388, 6.209316413930093 ], [ -75.54734436811755, 6.209316445019828 ], [ -75.547344663014499, 6.209316524065329 ], [ -75.547344940959761, 6.209316647493718 ], [ -75.547345195625155, 6.209316814431442 ], [ -75.547346279232713, 6.209317649129491 ], [ -75.547346762551683, 6.209318022006793 ], [ -75.547347274979586, 6.209318436332919 ], [ -75.547347771241846, 6.209318870627237 ], [ -75.547348247724813, 6.20931932490719 ], [ -75.547373236981741, 6.209344228467319 ], [ -75.547379090468937, 6.209349152981955 ], [ -75.547386310791566, 6.209354255352154 ], [ -75.547390728564338, 6.209357265551165 ], [ -75.547395197461739, 6.209360198654795 ], [ -75.547395901415925, 6.209360612962578 ], [ -75.547396641171602, 6.209360957481614 ], [ -75.547397857265182, 6.209361350336768 ], [ -75.547398972111338, 6.209361542063447 ], [ -75.547400103400506, 6.209361583629021 ], [ -75.547402359828141, 6.209361514899587 ], [ -75.547403835809419, 6.209361469819058 ], [ -75.547413370080335, 6.209361180698751 ], [ -75.547414977719626, 6.209361085258159 ], [ -75.547417633828758, 6.209360717152386 ], [ -75.547420241730521, 6.209360093416191 ], [ -75.547426975464106, 6.209358130717161 ], [ -75.54742764134231, 6.209357953921679 ], [ -75.547428313696528, 6.209357808738782 ], [ -75.547429675061863, 6.209357600566585 ], [ -75.547431051516369, 6.209357524321464 ], [ -75.547432428614314, 6.209357581881235 ], [ -75.547433114646523, 6.209357650906036 ], [ -75.547433795423501, 6.209357754312227 ], [ -75.547463082939331, 6.20936287969556 ], [ -75.547466029488277, 6.209363354627608 ], [ -75.547469034606351, 6.209363797633746 ], [ -75.547471867426225, 6.209364293907953 ], [ -75.547474687981008, 6.209364869802731 ], [ -75.547476104555727, 6.209365058267865 ], [ -75.547477532843388, 6.20936505229345 ], [ -75.547506575124714, 6.209362954128911 ], [ -75.547516986818394, 6.209361766618395 ], [ -75.547527349461106, 6.209360148084484 ], [ -75.547528128573546, 6.209360034935183 ], [ -75.547536966215546, 6.209359164209917 ], [ -75.547537769164322, 6.209359123274428 ], [ -75.547551688200016, 6.209358549939013 ], [ -75.547554847944426, 6.209358270721935 ], [ -75.547557968328519, 6.209357696955219 ], [ -75.54756196874024, 6.209356766348169 ], [ -75.547564168828544, 6.209356253972474 ], [ -75.547566315610709, 6.209355552894933 ], [ -75.547568079196097, 6.209354633964726 ], [ -75.547569683437885, 6.209353456322937 ], [ -75.547580016523611, 6.209344564382937 ], [ -75.547583942694573, 6.209340782577192 ], [ -75.547585069755854, 6.209339569261046 ], [ -75.54758507048102, 6.20933953218915 ], [ -75.54759318247639, 6.209290902749621 ], [ -75.547593510179226, 6.209290289090333 ], [ -75.547593863255642, 6.209289691582804 ], [ -75.547595772486829, 6.209286558695256 ], [ -75.547597473599282, 6.209283169139237 ], [ -75.547598804436561, 6.209279618627116 ], [ -75.547599415527401, 6.209277442208782 ], [ -75.547607730224371, 6.209258001818674 ], [ -75.547607909987079, 6.209257622131743 ], [ -75.54760831025699, 6.2092568815479 ], [ -75.547608914812869, 6.209255976336725 ], [ -75.547609274843481, 6.209255509891364 ], [ -75.547610079290934, 6.209254653443364 ], [ -75.547610508284635, 6.209254249953381 ], [ -75.54761096817235, 6.20925388338306 ], [ -75.547611448056742, 6.209253542031454 ], [ -75.547612453356535, 6.209252934149921 ], [ -75.547612981525688, 6.209252676647822 ], [ -75.54761352610393, 6.209252449806285 ], [ -75.547635534774017, 6.209243874127624 ], [ -75.547658802403134, 6.209235399973806 ], [ -75.547676654869832, 6.209230113564735 ], [ -75.547714515113384, 6.209218922804238 ], [ -75.5477229740182, 6.209215756563244 ], [ -75.547724756929824, 6.20921472362213 ], [ -75.547726395161007, 6.209213475296087 ], [ -75.547743227839419, 6.20919977293757 ], [ -75.547743189848617, 6.209199763175345 ], [ -75.547742785496325, 6.209199654821726 ], [ -75.547713226988975, 6.209191716269124 ], [ -75.54768898563988, 6.209185760129334 ], [ -75.547661398248465, 6.209176849205064 ], [ -75.547635712433021, 6.209163401348974 ], [ -75.547628452346459, 6.209158483611586 ], [ -75.547613136558383, 6.209146268739869 ], [ -75.547599346600251, 6.209132351316816 ], [ -75.547587273999184, 6.209116919378777 ], [ -75.547504597659398, 6.209004511996428 ], [ -75.547485778027834, 6.208973995861126 ], [ -75.547471830586943, 6.208941040485281 ], [ -75.547471818673131, 6.208941005282445 ], [ -75.547470432198566, 6.208936742761544 ], [ -75.547470420276085, 6.208936705750553 ], [ -75.547462308625711, 6.208901801041568 ], [ -75.54746064114002, 6.20888813443899 ], [ -75.547460396670743, 6.208885390744573 ], [ -75.547460183807573, 6.208882644185608 ], [ -75.547460003458283, 6.2088798956619 ], [ -75.547459855618499, 6.208877144269275 ], [ -75.547459740301278, 6.20887439272005 ], [ -75.547459656594512, 6.208871639210376 ], [ -75.547459586744324, 6.20886613081711 ], [ -75.547459585653982, 6.208866091945721 ], [ -75.547459584444709, 6.208865652555074 ], [ -75.547459585161178, 6.208865613674989 ], [ -75.547459586412018, 6.208781134727809 ], [ -75.5474595871285, 6.208781095847698 ], [ -75.547459586822669, 6.208780656452753 ], [ -75.547459586635739, 6.20878061757701 ], [ -75.547459587261997, 6.208776614184063 ], [ -75.547459587075082, 6.208776575308304 ], [ -75.547459586769236, 6.208776135913326 ], [ -75.547459586582306, 6.208776097037614 ], [ -75.547459588910201, 6.208710442516352 ], [ -75.547459588723285, 6.208710403640642 ], [ -75.547459589320866, 6.208709964241264 ], [ -75.547459589133936, 6.208709925365555 ], [ -75.547459589650131, 6.208691618985563 ], [ -75.547459589463216, 6.208691580109809 ], [ -75.547459588970469, 6.208691101839098 ], [ -75.547459513659462, 6.208686148594387 ], [ -75.547459425867217, 6.208683672665451 ], [ -75.547459302855287, 6.208681199618504 ], [ -75.547459145518332, 6.208678727640947 ], [ -75.547458957474362, 6.208676257619437 ], [ -75.54745789333964, 6.208666883527911 ], [ -75.547457882124959, 6.20866680582864 ], [ -75.547452830401767, 6.20864261452744 ], [ -75.547451279449334, 6.208637400772419 ], [ -75.547451267531201, 6.208637364665505 ], [ -75.547450588827587, 6.208635249608794 ], [ -75.547450742406241, 6.208635248869257 ], [ -75.547452847389238, 6.208635249582329 ], [ -75.547563402193717, 6.208635253347605 ], [ -75.547565659851756, 6.208635253325031 ], [ -75.547567862999301, 6.208635753536583 ], [ -75.547688736962328, 6.208663240377124 ], [ -75.547688735872015, 6.208663201505776 ], [ -75.547697980054764, 6.208442511292981 ], [ -75.547893397637083, 6.208298353212745 ], [ -75.547893330820031, 6.208298360767378 ], [ -75.547892642757432, 6.208298432793237 ], [ -75.547871884370437, 6.208300600457703 ], [ -75.547829321684205, 6.208302921948867 ], [ -75.547804501473621, 6.20830395643446 ], [ -75.547754125793759, 6.208306052449847 ], [ -75.547527913022847, 6.20831546498271 ], [ -75.547527905604369, 6.208315425237681 ], [ -75.547527526492232, 6.20831323821797 ], [ -75.54751851796297, 6.208270294881599 ], [ -75.547506670612307, 6.208228047815163 ], [ -75.547505988174379, 6.208225907461324 ], [ -75.547505959673359, 6.208225804530226 ], [ -75.547411803511864, 6.208229853533431 ], [ -75.547271708621309, 6.208235864111263 ], [ -75.547263757366508, 6.208236194420984 ], [ -75.547263726442154, 6.208236151172656 ], [ -75.547191284551744, 6.208138444000224 ], [ -75.54718921896918, 6.208138745971829 ], [ -75.547189208466747, 6.208138628488356 ], [ -75.547126718842009, 6.207467515089522 ], [ -75.547125335211334, 6.207453128347566 ], [ -75.547125331397837, 6.20745308677696 ], [ -75.547125306675269, 6.207452830129226 ], [ -75.547125350907194, 6.207452822683416 ], [ -75.547125333815956, 6.207452650081031 ], [ -75.54712533183968, 6.207452614830313 ], [ -75.547353565226231, 6.207409925328705 ], [ -75.547363929032798, 6.207407992177916 ], [ -75.547406865349004, 6.207399963128093 ], [ -75.54755808695775, 6.207371672444987 ], [ -75.547600497777722, 6.207363707391174 ], [ -75.547602899522573, 6.2073346721566 ], [ -75.547649403719561, 6.206772117581996 ], [ -75.547671201457518, 6.206508432655752 ], [ -75.547672731253726, 6.206490077326419 ], [ -75.547678850777459, 6.206416162364841 ], [ -75.547678855984913, 6.206416118038481 ], [ -75.547678892688666, 6.206415672136627 ], [ -75.547778226010919, 6.206415381079563 ], [ -75.547847830523281, 6.206461334488137 ], [ -75.547891405382032, 6.206459678125933 ], [ -75.54796072965955, 6.206496196690877 ], [ -75.548029645376431, 6.20656367566245 ], [ -75.548080337112268, 6.206614953964675 ], [ -75.548171671046475, 6.206623388904349 ], [ -75.548173101728281, 6.206623506782182 ], [ -75.54817683469436, 6.206607729309518 ], [ -75.54821413054546, 6.206450063241573 ], [ -75.548260175290338, 6.20625541593455 ], [ -75.548653923044512, 6.204592137903721 ], [ -75.54865393190029, 6.20459210079267 ], [ -75.548654023307265, 6.20459175860008 ], [ -75.548811357429813, 6.204705543321626 ], [ -75.548888346533246, 6.204765466615886 ], [ -75.548968546679831, 6.204827891463518 ], [ -75.549060293258236, 6.204899301758552 ], [ -75.549172405940197, 6.204986566010192 ], [ -75.549219750548275, 6.205023415426214 ], [ -75.54929291752822, 6.205080364437294 ], [ -75.549384765736889, 6.205152227107984 ], [ -75.549495120081147, 6.205241477901213 ], [ -75.549531975345531, 6.205270478614615 ], [ -75.549546975537169, 6.20524922043321 ], [ -75.549550387071136, 6.205244384208568 ], [ -75.549550398308881, 6.205243903169749 ], [ -75.549550925872495, 6.205219852297506 ], [ -75.549618416423968, 6.205127403275122 ], [ -75.549750625785748, 6.204947201854925 ], [ -75.54990693830068, 6.204734146640812 ], [ -75.549996689738521, 6.204611815456533 ], [ -75.549997668073132, 6.204610487132186 ], [ -75.550452909537341, 6.203998478127425 ], [ -75.550453097120283, 6.203998222265839 ], [ -75.550483428913338, 6.203964154086026 ], [ -75.550499987939787, 6.203945443400887 ], [ -75.55052062601365, 6.203930328584389 ], [ -75.550543674286317, 6.203895282894202 ], [ -75.550598332467672, 6.203831761994274 ], [ -75.550601656481305, 6.203824698474909 ], [ -75.550612515635123, 6.203780962475096 ], [ -75.550617927978095, 6.20376574742155 ], [ -75.550675168705823, 6.203694464989574 ], [ -75.550693457012059, 6.203674284938259 ], [ -75.55071473869755, 6.203650801328645 ], [ -75.550729632909182, 6.203638704061053 ], [ -75.550736396961383, 6.203638931856113 ], [ -75.550745231771586, 6.203616462947739 ], [ -75.55074568865696, 6.203544858279048 ], [ -75.55075006832945, 6.203415441556182 ], [ -75.550758217425795, 6.203365735244788 ], [ -75.550757643563429, 6.203300899157512 ], [ -75.550755790514756, 6.203231188869328 ], [ -75.5507604842945, 6.203186978085943 ], [ -75.550765995519598, 6.203150813522859 ], [ -75.550769432951782, 6.203106664846741 ], [ -75.55077357139335, 6.203063634789091 ], [ -75.550781082785576, 6.203007751084685 ], [ -75.550783809272687, 6.202977509172983 ], [ -75.550786286490236, 6.202937891076831 ], [ -75.550781406073455, 6.202937289850148 ], [ -75.55078164395988, 6.202914998879796 ], [ -75.550786048209488, 6.202913895448693 ], [ -75.550784407729296, 6.202888187870105 ], [ -75.550783646919626, 6.202845523166019 ], [ -75.550783542999852, 6.202836689648826 ], [ -75.550779984644052, 6.202792401085266 ], [ -75.550787423682536, 6.202760165522057 ], [ -75.55078173778702, 6.202705357086627 ], [ -75.550803316868766, 6.20266651310835 ], [ -75.550775382692052, 6.202640076904252 ], [ -75.550751262869611, 6.202612731779638 ], [ -75.550731985886301, 6.202576672155805 ], [ -75.550705822176994, 6.202546055871951 ], [ -75.550669701659999, 6.202538292712094 ], [ -75.550637484995761, 6.202513291144466 ], [ -75.550632614943694, 6.202485164360207 ], [ -75.550630496899871, 6.202455391505031 ], [ -75.55059494918541, 6.202426408019836 ], [ -75.55056450710164, 6.202404280185975 ], [ -75.550612615020228, 6.202139096613066 ], [ -75.550616979665662, 6.20211566919279 ], [ -75.550640348335932, 6.201990205067061 ], [ -75.550669556715064, 6.201965823502566 ], [ -75.550698290508393, 6.2019372482679 ], [ -75.550732530291683, 6.201893958410037 ], [ -75.550755891937001, 6.201856270347522 ], [ -75.550774810525297, 6.201823637746148 ], [ -75.550792127910611, 6.201780786516205 ], [ -75.550813388170553, 6.20172787258471 ], [ -75.55084998676756, 6.201595544070407 ], [ -75.550874499066808, 6.201511397514399 ], [ -75.550951160486079, 6.201247236447554 ], [ -75.550982845319595, 6.201139309921558 ], [ -75.551048095842503, 6.200961587517509 ], [ -75.551048274400316, 6.200961521561905 ], [ -75.551093660446895, 6.200838217122221 ], [ -75.551110762187619, 6.200791670958767 ], [ -75.551110752888533, 6.200791615853103 ], [ -75.55104504510588, 6.200838363566495 ], [ -75.550999274132138, 6.200875423600956 ], [ -75.550937008798414, 6.200880376003003 ], [ -75.550936630750925, 6.200880100263197 ], [ -75.550924909685961, 6.200873663424272 ], [ -75.550829990784479, 6.20082153232408 ], [ -75.550817216272833, 6.200814516502469 ], [ -75.550817244753617, 6.200814051654916 ], [ -75.550817364483109, 6.200812084648157 ], [ -75.55082729145505, 6.200651882632046 ], [ -75.550828287407128, 6.200635806450672 ], [ -75.550828525643027, 6.200632181647245 ], [ -75.550828544030892, 6.200631872354527 ], [ -75.550838646972082, 6.20047632382944 ], [ -75.550847266699577, 6.200343734078622 ], [ -75.550847570518016, 6.200338905594607 ], [ -75.550851302246556, 6.200281544712966 ], [ -75.550852626067112, 6.200261319819742 ], [ -75.550852644515871, 6.200261023184181 ], [ -75.550866034533243, 6.200057840485081 ], [ -75.550866052986379, 6.200057544753654 ], [ -75.550870197015072, 6.199994429062325 ], [ -75.550872225683136, 6.199963532326832 ], [ -75.550876387400848, 6.199900525043415 ], [ -75.550879480153299, 6.199853816702433 ], [ -75.550881990832067, 6.199814566420894 ], [ -75.55088504871037, 6.199757033389177 ], [ -75.550885051827748, 6.199756742252072 ], [ -75.550885056339638, 6.19975655327225 ], [ -75.550885056755519, 6.199756263956405 ], [ -75.550884841348591, 6.199678761426664 ], [ -75.550884843601708, 6.199678478430689 ], [ -75.550884853507853, 6.199678284000218 ], [ -75.550886493432515, 6.19964563697996 ], [ -75.55088726349301, 6.199630302349791 ], [ -75.550887277477102, 6.199630016585034 ], [ -75.55088868614402, 6.199603385694293 ], [ -75.55089104721246, 6.19955875851213 ], [ -75.550891066651658, 6.199558479953944 ], [ -75.55090983590641, 6.199457959700396 ], [ -75.550910370557617, 6.199455106480503 ], [ -75.550918100181192, 6.199419605713298 ], [ -75.5509206246048, 6.199408018292008 ], [ -75.550921914740087, 6.199408220928661 ], [ -75.550920633408296, 6.199407970332043 ], [ -75.550920724466408, 6.199407555813148 ], [ -75.550920733287313, 6.199407511469483 ], [ -75.550921625145065, 6.199403417904787 ], [ -75.550923482320371, 6.199394913984682 ], [ -75.550926374655148, 6.199381682031795 ], [ -75.550932130269175, 6.199355375580437 ], [ -75.550936245911416, 6.199336337898964 ], [ -75.550939380314816, 6.199321969223893 ], [ -75.550949901248273, 6.199323819901813 ], [ -75.551047574375815, 6.199341013125298 ], [ -75.551062110178393, 6.199340072480831 ], [ -75.551079510693413, 6.199338946262026 ], [ -75.55112123419795, 6.199336250025899 ], [ -75.551126747774703, 6.19933589257438 ], [ -75.551139064601642, 6.199335096420294 ], [ -75.551145910297862, 6.199334654801024 ], [ -75.551181974312414, 6.199337669019982 ], [ -75.551213484229208, 6.199340301934821 ], [ -75.551226627751547, 6.199341401323741 ], [ -75.551226731679975, 6.199341408960203 ], [ -75.551244769094339, 6.199350617212335 ], [ -75.551244888641136, 6.199350679019966 ], [ -75.55128288340353, 6.199370075367583 ], [ -75.551284120606198, 6.199370918364971 ], [ -75.551308271912006, 6.199387378838433 ], [ -75.551334400935048, 6.199405187752718 ], [ -75.551338144270659, 6.199407739194072 ], [ -75.551370476828552, 6.199436412702786 ], [ -75.551377498871318, 6.199442960774414 ], [ -75.551383593475776, 6.199449395778501 ], [ -75.55139137779355, 6.199455902206467 ], [ -75.55139895853597, 6.199462156465049 ], [ -75.55140179725494, 6.199464080292386 ], [ -75.551406451406137, 6.199467233097251 ], [ -75.55141443300667, 6.199473998052834 ], [ -75.551421853174517, 6.199481615571109 ], [ -75.551424165910362, 6.199483497630133 ], [ -75.551429230302958, 6.199487609523079 ], [ -75.551434841755238, 6.199490509992413 ], [ -75.551438606570557, 6.199492455578506 ], [ -75.551447040256022, 6.199497420994451 ], [ -75.551456466733555, 6.19950181204258 ], [ -75.551465095095892, 6.199505178966282 ], [ -75.551473084382337, 6.199507530040797 ], [ -75.551478497123242, 6.199509123225979 ], [ -75.551485229794565, 6.199511103340109 ], [ -75.551494259049775, 6.199514988193111 ], [ -75.551503654188338, 6.199517746576698 ], [ -75.551507652557333, 6.199520166596716 ], [ -75.551512290568439, 6.199522968685035 ], [ -75.551522178064388, 6.199527418086367 ], [ -75.551530994792969, 6.199529189259568 ], [ -75.551540930644066, 6.199533173717378 ], [ -75.551551276552104, 6.19953582445284 ], [ -75.551560427025251, 6.199534858195334 ], [ -75.551560673562491, 6.199534838925882 ], [ -75.551569783779698, 6.199534143189587 ], [ -75.55157827474207, 6.199532232605715 ], [ -75.551579791728642, 6.199531891684744 ], [ -75.551582689574985, 6.199531645373063 ], [ -75.551589856953498, 6.199531030417866 ], [ -75.551591431509806, 6.199530825739521 ], [ -75.551591696049542, 6.199530792821724 ], [ -75.551599980535642, 6.199529717721219 ], [ -75.551602389061699, 6.199528975604074 ], [ -75.551609129318479, 6.199526897151036 ], [ -75.551619167655332, 6.19952626836825 ], [ -75.551623697371937, 6.199526088333493 ], [ -75.551629182687591, 6.199525865723878 ], [ -75.551638334957957, 6.199524897648266 ], [ -75.551647628072544, 6.199522784296875 ], [ -75.551649515715567, 6.199522309591132 ], [ -75.551650335918936, 6.199522103121173 ], [ -75.551658147221531, 6.199520130714083 ], [ -75.551663982621889, 6.199520193019351 ], [ -75.55166855860314, 6.199520240595955 ], [ -75.551678226599833, 6.199518872229509 ], [ -75.551687460501014, 6.199517220256395 ], [ -75.551689223372406, 6.19951672445295 ], [ -75.551697426941857, 6.199514415637114 ], [ -75.551697688575786, 6.199514342048578 ], [ -75.55169774086778, 6.199514320098164 ], [ -75.551706180505974, 6.19951000303154 ], [ -75.55171475716574, 6.199506187987445 ], [ -75.551722876421096, 6.199502314571233 ], [ -75.551724641426176, 6.19950207461924 ], [ -75.551732766780148, 6.199500972256113 ], [ -75.551743313701181, 6.199498082566818 ], [ -75.551752785227279, 6.199498315411743 ], [ -75.551756075047436, 6.199498235374854 ], [ -75.551762314141953, 6.19949808327002 ], [ -75.551772037667945, 6.199498117805913 ], [ -75.551776221672696, 6.199498562363591 ], [ -75.551791930012271, 6.199500235242936 ], [ -75.55179318005483, 6.199500366646042 ], [ -75.551867150609752, 6.19950386636479 ], [ -75.551912682755159, 6.199497767651911 ], [ -75.551944523186989, 6.199484783222698 ], [ -75.551997636829753, 6.199491294606109 ], [ -75.55199763834085, 6.199491233119688 ], [ -75.551997646286608, 6.199490819001298 ], [ -75.551997647793343, 6.199490756610754 ], [ -75.55199959403383, 6.199408170800851 ], [ -75.551999593733811, 6.19940810841907 ], [ -75.55199958812014, 6.199407692557803 ], [ -75.551999586916722, 6.199407630180354 ], [ -75.551998412046672, 6.199334843629275 ], [ -75.55199840542295, 6.199334781277948 ], [ -75.551988829790432, 6.1992640612905 ], [ -75.551988820452209, 6.199263998048152 ], [ -75.551986018913212, 6.199244445804728 ], [ -75.551974126564417, 6.199161433912533 ], [ -75.551974121743129, 6.199161370648394 ], [ -75.551974094647335, 6.199160808425564 ], [ -75.551974092536227, 6.199160745148349 ], [ -75.551970920826633, 6.199094652261889 ], [ -75.551965819030841, 6.198988271803421 ], [ -75.551965377294422, 6.198979072853528 ], [ -75.551964967483713, 6.198970501198837 ], [ -75.551964964464872, 6.198970437021907 ], [ -75.551964953258107, 6.198970173077211 ], [ -75.551964947524752, 6.198970108009249 ], [ -75.551953541294097, 6.19885761451986 ], [ -75.551953518786817, 6.198857442848297 ], [ -75.551940994736015, 6.198783957834516 ], [ -75.551940932865918, 6.198783678763993 ], [ -75.551922805480615, 6.19871198374021 ], [ -75.551922700577592, 6.198711585535093 ], [ -75.551922559378397, 6.198711154052892 ], [ -75.551910970494248, 6.198674705718437 ], [ -75.55189892419375, 6.198641389597987 ], [ -75.551898747397459, 6.198640882342353 ], [ -75.551898521666274, 6.198640343678717 ], [ -75.551874626207763, 6.198583708984579 ], [ -75.551869549394382, 6.198572878747994 ], [ -75.551869314681625, 6.19857235097682 ], [ -75.551869291823166, 6.198572294128293 ], [ -75.551868801385922, 6.198571377919389 ], [ -75.551827705573274, 6.19849567439602 ], [ -75.551827416748907, 6.198495165871623 ], [ -75.551826772688031, 6.198494052403412 ], [ -75.551826474851566, 6.198493548442944 ], [ -75.551781494946752, 6.198420397822924 ], [ -75.551781185475065, 6.198419916521035 ], [ -75.551780382752881, 6.198418685378979 ], [ -75.551780061532867, 6.198418203229587 ], [ -75.551731350256404, 6.198347802775047 ], [ -75.551731009201205, 6.198347328858056 ], [ -75.551729960688689, 6.198345896379842 ], [ -75.551729613348925, 6.198345430630082 ], [ -75.551677318747636, 6.198277945078009 ], [ -75.551676925165893, 6.198277444290745 ], [ -75.551676365195746, 6.198276721894747 ], [ -75.551599751724353, 6.1981774484589 ], [ -75.551566074967326, 6.198118514673445 ], [ -75.551566058428264, 6.198118456890377 ], [ -75.551538452211673, 6.1980564452266 ], [ -75.551538429353272, 6.198056388378038 ], [ -75.55150331427393, 6.197939361884415 ], [ -75.551500589315097, 6.197930280608016 ], [ -75.551500546108556, 6.197930125309914 ], [ -75.55150067805458, 6.197930135523887 ], [ -75.551512283016223, 6.197931041616178 ], [ -75.551569288551804, 6.19794059747837 ], [ -75.551616283287657, 6.197939591859873 ], [ -75.551617203016747, 6.197939229405645 ], [ -75.55161724992746, 6.197939215618178 ], [ -75.551617182654169, 6.197938752136036 ], [ -75.551617172404022, 6.197938687089797 ], [ -75.551616553534217, 6.197934920854443 ], [ -75.551613822540318, 6.197918383451571 ], [ -75.551607899049884, 6.197882518086173 ], [ -75.551594270447595, 6.197824481375549 ], [ -75.551594050040066, 6.197823358633784 ], [ -75.551592092286612, 6.1978152618514 ], [ -75.551591620330228, 6.197810296968856 ], [ -75.551590958085072, 6.19780634017593 ], [ -75.551587730511343, 6.197784601132653 ], [ -75.551587722059281, 6.197784534269544 ], [ -75.55158638501527, 6.197773445525995 ], [ -75.551586369857048, 6.197773299133905 ], [ -75.551581825316347, 6.197726794847876 ], [ -75.551580475973083, 6.197710516598449 ], [ -75.551580472037926, 6.197710449713554 ], [ -75.55156242657857, 6.197366168273894 ], [ -75.551562234555263, 6.19736249310577 ], [ -75.55155815766382, 6.197283782330262 ], [ -75.551550861507664, 6.197153670577313 ], [ -75.551545380481201, 6.197055922482992 ], [ -75.551544541489307, 6.197040942782742 ], [ -75.551538062016959, 6.196983562376924 ], [ -75.551530973974664, 6.196937901202533 ], [ -75.551523151718996, 6.196896426857957 ], [ -75.551511750616029, 6.19684902705619 ], [ -75.551491441487016, 6.196787616720532 ], [ -75.551477205804289, 6.196748546523416 ], [ -75.55147655693429, 6.196746995489642 ], [ -75.551475505909877, 6.196744475382483 ], [ -75.551454269080992, 6.196693607761413 ], [ -75.551435611299752, 6.196655674513989 ], [ -75.551434722256872, 6.196654150855287 ], [ -75.551434617420838, 6.196653954264931 ], [ -75.551403511820737, 6.196600637908238 ], [ -75.551403043698528, 6.196599852685659 ], [ -75.551398974679515, 6.196592877207747 ], [ -75.551394738504811, 6.196585896205644 ], [ -75.551391556663063, 6.196581372007743 ], [ -75.550875973043375, 6.195848158165312 ], [ -75.550821507932682, 6.19577068793257 ], [ -75.550745540531295, 6.195662654778036 ], [ -75.550745601231441, 6.195662690650204 ], [ -75.550746027665653, 6.195662884789359 ], [ -75.55125262381442, 6.19589321079168 ], [ -75.551343709427471, 6.195986889800739 ], [ -75.551580299589418, 6.19623021933178 ], [ -75.551605502234821, 6.196241972534445 ], [ -75.551649700811083, 6.196262585840232 ], [ -75.551672184883969, 6.196272221148895 ], [ -75.551715279137184, 6.196290689800678 ], [ -75.551736716391815, 6.196297739883213 ], [ -75.551756371133592, 6.196304204548609 ], [ -75.55177665743409, 6.19631087411687 ], [ -75.551825778025318, 6.196335868508442 ], [ -75.551842390224792, 6.196345551061959 ], [ -75.551872951157321, 6.196363362175094 ], [ -75.551897091668891, 6.196374417078219 ], [ -75.55191555029468, 6.196382193926269 ], [ -75.551934304026688, 6.196390095023338 ], [ -75.551997254667171, 6.19641581570846 ], [ -75.552029603601341, 6.196428962962973 ], [ -75.552062962498269, 6.196442289789578 ], [ -75.552083065635102, 6.19645032090239 ], [ -75.552121519701842, 6.196465524524854 ], [ -75.552141873184539, 6.196473577031949 ], [ -75.552166984305273, 6.196485644363168 ], [ -75.552236560522331, 6.196519074055123 ], [ -75.552271839444856, 6.196537723125739 ], [ -75.552329167930068, 6.196566760867158 ], [ -75.552329195083644, 6.196566771585662 ], [ -75.552352620043223, 6.196575556986271 ], [ -75.552384488042719, 6.196587506780164 ], [ -75.552437613191614, 6.196610193519453 ], [ -75.552464587205236, 6.196621712109615 ], [ -75.552464627935564, 6.196621728187343 ], [ -75.552513520136813, 6.196642240134212 ], [ -75.552562221066012, 6.19666449430187 ], [ -75.552587927821392, 6.196668729190078 ], [ -75.55260118890196, 6.19668114197076 ], [ -75.552618047442181, 6.196637967534278 ], [ -75.552630127454123, 6.196606349774991 ], [ -75.552639637471927, 6.196582472679776 ], [ -75.552648344146306, 6.196560616511108 ], [ -75.552663585850823, 6.196527264822995 ], [ -75.552672773430231, 6.19650152501736 ], [ -75.552675880820999, 6.196492818894179 ], [ -75.552681961009228, 6.196475785211867 ], [ -75.552688176555236, 6.196460410813901 ], [ -75.552688727402071, 6.196459048387652 ], [ -75.552713285387441, 6.196400232931752 ], [ -75.55272416686465, 6.196375249841786 ], [ -75.552754114188602, 6.196337781465566 ], [ -75.552759454583907, 6.196331100632301 ], [ -75.55277683992496, 6.196306553642426 ], [ -75.552808043480951, 6.196261301204482 ], [ -75.552811306394631, 6.196256569680775 ], [ -75.552815049277271, 6.196251141493219 ], [ -75.552823359517774, 6.196239089537544 ], [ -75.552835414438348, 6.196221607577508 ], [ -75.552849395562717, 6.196202467254096 ], [ -75.552861811462094, 6.196185469963885 ], [ -75.552875877956708, 6.1961404971546 ], [ -75.552883676371536, 6.19611556598286 ], [ -75.552888465058544, 6.196102929758005 ], [ -75.55289837874119, 6.196076768762299 ], [ -75.552915917062791, 6.196030494501346 ], [ -75.552927694071144, 6.196002562432611 ], [ -75.552936407352092, 6.195981895133099 ], [ -75.55293818573297, 6.195977676153705 ], [ -75.552942050660633, 6.195968508906649 ], [ -75.552954559729045, 6.195937634973203 ], [ -75.552962378329653, 6.195913144908554 ], [ -75.552971782917965, 6.195883690905231 ], [ -75.552981059277172, 6.195859696502479 ], [ -75.552990335644608, 6.19583570390806 ], [ -75.552994667142173, 6.195824181030424 ], [ -75.553001089439221, 6.195807091457479 ], [ -75.553002916229786, 6.195802231235073 ], [ -75.553008481335496, 6.195787424133733 ], [ -75.553017082062453, 6.195768337752111 ], [ -75.553020087227324, 6.195761669974526 ], [ -75.553031694021811, 6.195735915811115 ], [ -75.553058051952135, 6.195678314951698 ], [ -75.553062438529608, 6.195671859314591 ], [ -75.553068919717489, 6.195662320538848 ], [ -75.553070574776839, 6.195659885047661 ], [ -75.553076173279209, 6.195651647912788 ], [ -75.553088470946207, 6.19563354999538 ], [ -75.553117116470148, 6.195582941312894 ], [ -75.553136412233215, 6.195544630986729 ], [ -75.553145932421288, 6.195520431988467 ], [ -75.553157345561829, 6.195491417655 ], [ -75.553170570009712, 6.195456202387621 ], [ -75.553173961312439, 6.195448300456698 ], [ -75.553192780616826, 6.195404466540941 ], [ -75.553209826065782, 6.195348696142412 ], [ -75.553217442219065, 6.195324754040025 ], [ -75.553222105570669, 6.195310102268998 ], [ -75.553222105196809, 6.195310024517815 ], [ -75.553223405174165, 6.195289355856937 ], [ -75.553223410237948, 6.195289281695987 ], [ -75.553223446326967, 6.195288708320058 ], [ -75.553223454113919, 6.195288636858315 ], [ -75.553227449872253, 6.195257455851045 ], [ -75.55323047151235, 6.195240500192041 ], [ -75.553233121969711, 6.195225634801673 ], [ -75.553235566993251, 6.195215954534848 ], [ -75.553240290374617, 6.195197253896015 ], [ -75.553247459678374, 6.195168872082129 ], [ -75.553247915898609, 6.195166430611538 ], [ -75.553251533891014, 6.195147055410017 ], [ -75.553251525395453, 6.195146979506161 ], [ -75.553251500799121, 6.195146749078013 ], [ -75.553249785704722, 6.195130686883899 ], [ -75.553249777217857, 6.195130612788208 ], [ -75.553248036624055, 6.195114320170227 ], [ -75.553248027233806, 6.195114246078889 ], [ -75.553246092751337, 6.195100466900485 ], [ -75.553246082453384, 6.195100391909418 ], [ -75.553246062817351, 6.195100253676035 ], [ -75.553246055333844, 6.195100200369896 ], [ -75.553240330366862, 6.195059402206701 ], [ -75.553240375573978, 6.195059222072208 ], [ -75.553249499694303, 6.195021981471777 ], [ -75.553259329551139, 6.194999433688373 ], [ -75.553269704792896, 6.194958793959777 ], [ -75.553302139623483, 6.19488179612577 ], [ -75.553332401419809, 6.194856390618608 ], [ -75.55333251118391, 6.194856296967276 ], [ -75.55333253638284, 6.194856276955626 ], [ -75.553381259552395, 6.194815372985842 ], [ -75.553412432219218, 6.194754136153191 ], [ -75.553434809784719, 6.194720970716831 ], [ -75.553442461750521, 6.194693957204166 ], [ -75.553442474215188, 6.194693919171742 ], [ -75.553571655304779, 6.194723952475854 ], [ -75.553673169140453, 6.19448575561248 ], [ -75.553719100368383, 6.194377891770307 ], [ -75.553526999812618, 6.194286643531409 ], [ -75.553561778732487, 6.194188378031263 ], [ -75.55370056900307, 6.193796229865176 ], [ -75.55374495760897, 6.193815454332086 ], [ -75.553781658872339, 6.193828968427246 ], [ -75.553795225676467, 6.193833961551143 ], [ -75.553823018196951, 6.193847775312635 ], [ -75.553872440828002, 6.19387758337202 ], [ -75.553921684845932, 6.193916086147625 ], [ -75.5540137568765, 6.194000770393379 ], [ -75.554092134493885, 6.194074210236118 ], [ -75.554132331412561, 6.193995575672282 ], [ -75.55413229600704, 6.193995539678718 ], [ -75.554082850309129, 6.193947413718923 ], [ -75.553951594521408, 6.193835695642325 ], [ -75.553787068118879, 6.193748497917409 ], [ -75.553766649748638, 6.193737070733053 ], [ -75.553928788021125, 6.193283284098649 ], [ -75.55395182168607, 6.193287381774968 ], [ -75.554355561546785, 6.193359244652245 ], [ -75.554509159829465, 6.193601667037806 ], [ -75.554613036836528, 6.193645478548301 ], [ -75.554692011295515, 6.193659136101934 ], [ -75.554773125897881, 6.193625654235115 ], [ -75.554818631126565, 6.193528634474315 ], [ -75.554916075334106, 6.193514474171888 ], [ -75.554928933061035, 6.193474602753047 ], [ -75.55496134122744, 6.193376721197803 ], [ -75.554974866333239, 6.193335863804943 ], [ -75.55504039799122, 6.193147771285309 ], [ -75.555102049340434, 6.192956816997598 ], [ -75.555157280963769, 6.192790987028571 ], [ -75.55522344690749, 6.192582645902365 ], [ -75.555294503921175, 6.192362499858116 ], [ -75.555369161601504, 6.19211883070807 ], [ -75.555431289791485, 6.191931059329988 ], [ -75.555432467850579, 6.191927498721952 ], [ -75.555442093562149, 6.191898405331401 ], [ -75.55545038439115, 6.191861304404156 ], [ -75.55544609298758, 6.191860866698381 ], [ -75.555234588710221, 6.191839691683898 ], [ -75.555125378320938, 6.191813875814333 ], [ -75.554978457782653, 6.191768165945699 ], [ -75.554835493981429, 6.191690681244416 ], [ -75.554738201996486, 6.191603233007267 ], [ -75.554658781828337, 6.191515787272903 ], [ -75.554567448063992, 6.191408485103868 ], [ -75.554482074930661, 6.191301187652877 ], [ -75.55438877842289, 6.191187923269529 ], [ -75.554337154385891, 6.191098514594943 ], [ -75.554337056790317, 6.191098132629034 ], [ -75.554329516935667, 6.191018608714256 ], [ -75.554329537499541, 6.191018376260605 ], [ -75.554331042013175, 6.191003043555266 ], [ -75.554330994746806, 6.191002983207908 ], [ -75.554327871251303, 6.190998561810383 ], [ -75.554325537611234, 6.191012993500084 ], [ -75.554324490019809, 6.191011561019271 ], [ -75.554317767201653, 6.191000329160911 ], [ -75.554306849662566, 6.190982085380673 ], [ -75.554290828544453, 6.190955316063773 ], [ -75.554286568551021, 6.190946941067615 ], [ -75.554261455425419, 6.190898874155999 ], [ -75.554249882790089, 6.190870076307685 ], [ -75.554234147282969, 6.19082754798724 ], [ -75.554216552889741, 6.190784891191059 ], [ -75.55417746006421, 6.190667146295612 ], [ -75.55414304039256, 6.190563475679194 ], [ -75.554069932342614, 6.190341795993695 ], [ -75.554053986026844, 6.190286034397166 ], [ -75.554031241406477, 6.19020934387491 ], [ -75.554023035934534, 6.190130398144018 ], [ -75.55401098211064, 6.19003191878468 ], [ -75.553998969375087, 6.189919429230742 ], [ -75.553998999272721, 6.189919259115278 ], [ -75.554009677274422, 6.189862291663384 ], [ -75.554009627362944, 6.189862056836622 ], [ -75.554009630824368, 6.189862025176338 ], [ -75.553998399339207, 6.189803633439028 ], [ -75.553983544698198, 6.189723315632722 ], [ -75.553966367450514, 6.189611414186046 ], [ -75.553960359844439, 6.189542404818474 ], [ -75.55394575837326, 6.189433927468258 ], [ -75.553931140238461, 6.189311451048857 ], [ -75.553923519176919, 6.189230215106827 ], [ -75.5539080264615, 6.189165430151381 ], [ -75.553899452038678, 6.18909710397531 ], [ -75.553890962135895, 6.189030573846007 ], [ -75.553879943427603, 6.188946321884624 ], [ -75.553867616502828, 6.188846438833366 ], [ -75.553839010505754, 6.188805958714984 ], [ -75.553833740041327, 6.188800483508608 ], [ -75.553824259534451, 6.18879062919132 ], [ -75.553685026131987, 6.188574410930269 ], [ -75.553626454448008, 6.188483449659124 ], [ -75.553625780007664, 6.18848240233514 ], [ -75.553625102818145, 6.188481346887437 ], [ -75.553624418379954, 6.188480286954136 ], [ -75.553605716023966, 6.188469848648192 ], [ -75.553586829169205, 6.188459743035253 ], [ -75.553567774045817, 6.188449963708568 ], [ -75.553548548013168, 6.188440525146364 ], [ -75.553529162767191, 6.188431417347291 ], [ -75.553509616561897, 6.188422652977186 ], [ -75.553489924750124, 6.188414231058116 ], [ -75.553470089147226, 6.188406153389554 ], [ -75.553450116997482, 6.188398423552966 ], [ -75.553444564186421, 6.188396417842098 ], [ -75.553418203708873, 6.188386894256841 ], [ -75.553358399747566, 6.18840254452089 ], [ -75.553198999479804, 6.188394165456545 ], [ -75.552934077797644, 6.188380235528817 ], [ -75.552895900081921, 6.188378227620851 ], [ -75.552895890575513, 6.188377753011596 ], [ -75.55289588740952, 6.188377658095813 ], [ -75.55289435888804, 6.188297713658255 ], [ -75.552894358432155, 6.188297618729442 ], [ -75.552894362011401, 6.188297235371809 ], [ -75.5528943624589, 6.18829714043864 ], [ -75.552896520132265, 6.188212006790917 ], [ -75.55289652328986, 6.188211911844726 ], [ -75.552896533192722, 6.188211528456676 ], [ -75.552896535446934, 6.18821143351486 ], [ -75.552898845735555, 6.188121960334431 ], [ -75.552898851594549, 6.188121863567034 ], [ -75.552911936051629, 6.188030024959999 ], [ -75.552923434045553, 6.187943616805021 ], [ -75.552933343034809, 6.187883743630535 ], [ -75.552966493820506, 6.187777488397118 ], [ -75.5529869328209, 6.187713696817641 ], [ -75.553017416201996, 6.187635534101473 ], [ -75.553045149873768, 6.187556848478563 ], [ -75.553087315771052, 6.187469082230258 ], [ -75.553117184729189, 6.187399739302853 ], [ -75.553135942265129, 6.187370133683639 ], [ -75.553155552346681, 6.187339159670117 ], [ -75.553190686056013, 6.187275426706238 ], [ -75.553202289009533, 6.187260917882126 ], [ -75.553204092178618, 6.187258663413435 ], [ -75.553216020203934, 6.187243747986969 ], [ -75.553252893255305, 6.187190431887524 ], [ -75.553277638449657, 6.187157072558619 ], [ -75.553278674408958, 6.187156085718193 ], [ -75.553308500536531, 6.187127680853661 ], [ -75.553343997762497, 6.187092432667139 ], [ -75.553387677451155, 6.187052966351302 ], [ -75.553379262928345, 6.187042347434319 ], [ -75.553378800346607, 6.187041772840725 ], [ -75.553381768519955, 6.187041136539848 ], [ -75.553453675171269, 6.187025715624482 ], [ -75.553534992290608, 6.187011032388274 ], [ -75.553549039466233, 6.187008495707921 ], [ -75.553669498323501, 6.187003582875575 ], [ -75.553781424453618, 6.187008584787198 ], [ -75.55389256232526, 6.187025331162177 ], [ -75.553954106135961, 6.18703998352795 ], [ -75.554038403181465, 6.187066989486558 ], [ -75.554054420973273, 6.187072987094479 ], [ -75.554229128809922, 6.187138393793051 ], [ -75.554381868786464, 6.187199598977014 ], [ -75.55449624028023, 6.187251401629816 ], [ -75.554627322038527, 6.187290496214843 ], [ -75.554793649222674, 6.187340102205197 ], [ -75.554813094521151, 6.187344608694162 ], [ -75.554843187278351, 6.18735479323918 ], [ -75.554864397820111, 6.187290500714315 ], [ -75.554971708689351, 6.186965233008952 ], [ -75.554981025085979, 6.186936994610985 ], [ -75.555028761018974, 6.186792300903055 ], [ -75.5550323689762, 6.186781365586639 ], [ -75.555149006809046, 6.186427823316847 ], [ -75.55516640039562, 6.186430806320991 ], [ -75.555166523943427, 6.186430949478788 ], [ -75.555166881781233, 6.186429842038295 ], [ -75.555225378719243, 6.186446631768891 ], [ -75.555332597290985, 6.186484948744566 ], [ -75.555366213701234, 6.186495618092593 ], [ -75.555388311911656, 6.18644931115487 ], [ -75.555399252425516, 6.186338143324417 ], [ -75.555412504844853, 6.186273626934089 ], [ -75.55541580382075, 6.186253852787185 ], [ -75.555423435223219, 6.186208097372413 ], [ -75.555442103607504, 6.186128771022626 ], [ -75.555453888761519, 6.186095236266975 ], [ -75.555459178897891, 6.186080184612106 ], [ -75.555472979541662, 6.186025793348557 ], [ -75.555472991984516, 6.186025750795823 ], [ -75.555501505948925, 6.186072488579285 ], [ -75.555532570019523, 6.186139122431856 ], [ -75.555546406318015, 6.186169223939495 ], [ -75.555546496702135, 6.186169421502965 ], [ -75.555686901191848, 6.185899714476033 ], [ -75.555924455160252, 6.185443382361417 ], [ -75.555924577795011, 6.185443147608476 ], [ -75.556028101133549, 6.185411881759863 ], [ -75.556052851199155, 6.185404402318288 ], [ -75.556084772706413, 6.185394754671227 ], [ -75.556111195278987, 6.185386597236312 ], [ -75.556156471752033, 6.185372128812422 ], [ -75.556183344385133, 6.185362505466207 ], [ -75.55623093893368, 6.185354805742961 ], [ -75.556286012665652, 6.185350136725191 ], [ -75.556347954284405, 6.185349686631524 ], [ -75.556393922421208, 6.185354888129407 ], [ -75.556427450826632, 6.185362302181907 ], [ -75.556534783673769, 6.185442675449363 ], [ -75.556792330142486, 6.18563574137107 ], [ -75.556790524989736, 6.185565235523423 ], [ -75.556790627421236, 6.185565308262425 ], [ -75.556797439935579, 6.185509340468522 ], [ -75.556788042674683, 6.185453842205589 ], [ -75.556769855386364, 6.18463929035468 ], [ -75.556793402041805, 6.184458334860342 ], [ -75.55689967193706, 6.183902839250234 ], [ -75.556914004898701, 6.183803226800682 ], [ -75.556922174950003, 6.183746449638565 ], [ -75.556912143792132, 6.183685161837106 ], [ -75.556891731207529, 6.183648905256232 ], [ -75.556843717159452, 6.183624733776169 ], [ -75.556737672100965, 6.183615416670661 ], [ -75.556634121391511, 6.183606315369556 ], [ -75.556586682370238, 6.183602920075253 ], [ -75.556322678494055, 6.183593803546374 ], [ -75.556186120850867, 6.183580134364093 ], [ -75.556004047250639, 6.183520910367092 ], [ -75.555858390874832, 6.183489017477464 ], [ -75.555689974326711, 6.183425236044094 ], [ -75.555548869470414, 6.18333867897164 ], [ -75.555448729939116, 6.183229344783373 ], [ -75.555403213559146, 6.183110898416397 ], [ -75.555398667109557, 6.182992455653429 ], [ -75.555421428004337, 6.182896793304114 ], [ -75.555553437320611, 6.182587022794069 ], [ -75.555612614520967, 6.182459468428467 ], [ -75.555630825086467, 6.182363804477005 ], [ -75.555603518059911, 6.182222582950784 ], [ -75.555498831516445, 6.181931029593546 ], [ -75.555444143771538, 6.181786134364676 ], [ -75.555469676475141, 6.181776866550964 ], [ -75.555471445579101, 6.181776176347895 ], [ -75.555435315621082, 6.181650606558811 ], [ -75.555419298215114, 6.181458779563598 ], [ -75.555451239734523, 6.181294178613487 ], [ -75.555452745511502, 6.1812864349607 ], [ -75.555453457729243, 6.181282747314897 ], [ -75.55545543461281, 6.181279236215476 ], [ -75.555456663557621, 6.181277053224409 ], [ -75.555458534705252, 6.181273721645962 ], [ -75.555461112658492, 6.181269149854989 ], [ -75.555463234608666, 6.181265372251537 ], [ -75.555467162378093, 6.181258391766525 ], [ -75.555480700426529, 6.181234333565379 ], [ -75.555482372636533, 6.181231149408458 ], [ -75.555488183655015, 6.181232576161964 ], [ -75.555551387637266, 6.181248093978533 ], [ -75.555570653548742, 6.181252920539807 ], [ -75.555576494325834, 6.181254336299779 ], [ -75.555590526473424, 6.181257736043723 ], [ -75.555609808454378, 6.181264968344204 ], [ -75.555613724344511, 6.181267178123468 ], [ -75.55564292456657, 6.181283652375865 ], [ -75.555689891372708, 6.181302939723165 ], [ -75.555707957392812, 6.181304147500752 ], [ -75.555735058709061, 6.181301732473593 ], [ -75.555772398143958, 6.181299923672952 ], [ -75.555799497747387, 6.181300538299784 ], [ -75.55582358797929, 6.181300539049555 ], [ -75.555845872700331, 6.181298727620073 ], [ -75.555866342486937, 6.181290884608829 ], [ -75.555890426503154, 6.181279434018919 ], [ -75.555915123746502, 6.181267385578774 ], [ -75.555939206330564, 6.181260151729917 ], [ -75.555962103367321, 6.181254731788883 ], [ -75.555980762887501, 6.181252927848473 ], [ -75.556000037219661, 6.181255934393057 ], [ -75.556022313686782, 6.18125955303804 ], [ -75.556049417926857, 6.181263767767661 ], [ -75.556071090734292, 6.181266779044952 ], [ -75.556090965335827, 6.181267994382941 ], [ -75.556108826170387, 6.181271247310276 ], [ -75.556110838832083, 6.181271612830456 ], [ -75.556117917639213, 6.181271609515388 ], [ -75.556119642533332, 6.181269614903712 ], [ -75.556143121694348, 6.181244896795535 ], [ -75.556155422418755, 6.181231440625595 ], [ -75.556155678536356, 6.18123116092984 ], [ -75.55616914488094, 6.181225848733561 ], [ -75.556183374880533, 6.181223233417935 ], [ -75.556188965429612, 6.181222205680871 ], [ -75.556218856166282, 6.181216932905091 ], [ -75.556246689936842, 6.18121166279108 ], [ -75.556273089772347, 6.181204641094966 ], [ -75.556287163534478, 6.181200155036247 ], [ -75.556309667757873, 6.181194769520217 ], [ -75.556323271293621, 6.181192253954322 ], [ -75.556327224557066, 6.18119152431014 ], [ -75.55634386724671, 6.181189617048719 ], [ -75.556357409404129, 6.1811918139598 ], [ -75.556367593393546, 6.181195069457496 ], [ -75.556368305438042, 6.181195296577837 ], [ -75.556368478242945, 6.181195350896682 ], [ -75.556368508105635, 6.181195361602242 ], [ -75.556379761266214, 6.181201538535503 ], [ -75.556379790255946, 6.181201555573995 ], [ -75.556385873479485, 6.181206616403355 ], [ -75.556387278419791, 6.181207785881183 ], [ -75.556389184923844, 6.181209371545375 ], [ -75.556389209422889, 6.181209394030065 ], [ -75.556394496450608, 6.181216831959031 ], [ -75.556400031778296, 6.181224619485016 ], [ -75.556400050878963, 6.181224646516227 ], [ -75.556403787949137, 6.181228370616346 ], [ -75.556410469629654, 6.181235024306767 ], [ -75.556410492326336, 6.18123504770421 ], [ -75.556417223344212, 6.181240500508973 ], [ -75.556417249641271, 6.181240521176807 ], [ -75.556426346295993, 6.181247417300477 ], [ -75.556426372588703, 6.181247437064228 ], [ -75.556439455365563, 6.181257623023908 ], [ -75.556439481658288, 6.181257642787665 ], [ -75.556452981606142, 6.181264968871816 ], [ -75.55645300877616, 6.181264983206694 ], [ -75.556454302170366, 6.181265686704095 ], [ -75.556454329353414, 6.181265703751238 ], [ -75.556464279940656, 6.181271146489006 ], [ -75.556479552841452, 6.181275011274456 ], [ -75.556488581299121, 6.181276925216028 ], [ -75.556497202814626, 6.181278750705206 ], [ -75.556517319443913, 6.181280139353822 ], [ -75.556524074310815, 6.181279837429945 ], [ -75.556543085233969, 6.181278973854039 ], [ -75.556558898733428, 6.18127614839036 ], [ -75.556575143521457, 6.181268888941236 ], [ -75.556582468306445, 6.181265179424886 ], [ -75.556587887129766, 6.181262441948318 ], [ -75.556598044678907, 6.181255492060211 ], [ -75.556606299688681, 6.181249850521469 ], [ -75.556628815643307, 6.181236753847038 ], [ -75.55664337270899, 6.18123038853775 ], [ -75.556659450582302, 6.181223361340376 ], [ -75.556679388658424, 6.181213345592091 ], [ -75.55670168943837, 6.181203222639613 ], [ -75.556736125505736, 6.181187896951122 ], [ -75.556764179878513, 6.181177590805635 ], [ -75.556793158762801, 6.181164915983081 ], [ -75.556806331504205, 6.181159981293238 ], [ -75.556824200524531, 6.181153281799654 ], [ -75.556850601692503, 6.181145225779727 ], [ -75.556861848511929, 6.181141997356398 ], [ -75.556870123725759, 6.181139622239358 ], [ -75.556885841759964, 6.18113648350423 ], [ -75.556909878545468, 6.181130066243622 ], [ -75.556915492393983, 6.181129376521936 ], [ -75.556919452251563, 6.181128891853795 ], [ -75.556920378567781, 6.1811287789039 ], [ -75.556921471921257, 6.181128647972272 ], [ -75.556937813349222, 6.181126651733401 ], [ -75.556962054994543, 6.181121884375502 ], [ -75.55698792707031, 6.181118965292147 ], [ -75.557002099332109, 6.181117873647126 ], [ -75.557006895457334, 6.181117712238954 ], [ -75.557014408477812, 6.181117458195081 ], [ -75.557030326007961, 6.181116921406106 ], [ -75.557050793831635, 6.181118079608537 ], [ -75.557051440821525, 6.181118116275432 ], [ -75.557055068854211, 6.181118323937192 ], [ -75.557057495331236, 6.181118516586963 ], [ -75.55707928572059, 6.181120245240594 ], [ -75.557095711136455, 6.181123884765003 ], [ -75.557112316618188, 6.181127021645634 ], [ -75.557114483052104, 6.181127428914658 ], [ -75.557116010999906, 6.181127877228741 ], [ -75.557123729408517, 6.181130134694305 ], [ -75.557129055019871, 6.18113168853062 ], [ -75.557140251377874, 6.18113299984111 ], [ -75.557145590163927, 6.181119810422688 ], [ -75.557148833612729, 6.181111798031153 ], [ -75.557151854847291, 6.18107051033142 ], [ -75.557154112306065, 6.181039662356754 ], [ -75.557155881485002, 6.181015487196462 ], [ -75.557158501804352, 6.180979689325475 ], [ -75.55716002011647, 6.180958954576512 ], [ -75.557207674386731, 6.18095343081681 ], [ -75.557279562909414, 6.180962661993174 ], [ -75.557366766317983, 6.18099107862721 ], [ -75.557438020406408, 6.181032589266182 ], [ -75.557497104423504, 6.181090482025522 ], [ -75.557532977260735, 6.181122060507922 ], [ -75.557597439475487, 6.181207671528314 ], [ -75.557613542089499, 6.18122139965013 ], [ -75.557658662276197, 6.181257202772368 ], [ -75.557743473980381, 6.18129133571003 ], [ -75.557814095188505, 6.181352837192613 ], [ -75.557838078120454, 6.181383711624429 ], [ -75.557904067896871, 6.181416295998342 ], [ -75.557959558143097, 6.181440682792466 ], [ -75.558047404967553, 6.181517990874862 ], [ -75.558075726565065, 6.181553512273256 ], [ -75.558102972250438, 6.181589033424221 ], [ -75.558132368787497, 6.181632806797911 ], [ -75.55814063008566, 6.181640317170713 ], [ -75.558156963728322, 6.181653427555364 ], [ -75.558211746553624, 6.181663509408104 ], [ -75.55825442397348, 6.181664147439736 ], [ -75.558357330862052, 6.181608206111502 ], [ -75.55837574714387, 6.18183109408282 ], [ -75.558383586038744, 6.181824776448491 ], [ -75.558440113221053, 6.181779226858421 ], [ -75.558473100289376, 6.18175245488801 ], [ -75.558498325147212, 6.181731979388252 ], [ -75.558512088625832, 6.181724404549353 ], [ -75.558531734433259, 6.181718808487184 ], [ -75.558543350222493, 6.181717731819155 ], [ -75.558554966161992, 6.181718377462569 ], [ -75.558576197467019, 6.181723696207596 ], [ -75.558596844381043, 6.181735797619098 ], [ -75.558612917007693, 6.181750797003636 ], [ -75.558612964207953, 6.181750843789558 ], [ -75.558604817845222, 6.181655446123764 ], [ -75.558602195557626, 6.181624861263112 ], [ -75.558591343578698, 6.181498078101724 ], [ -75.558578317311643, 6.181345762746645 ], [ -75.558569095007087, 6.181237948811526 ], [ -75.55856889332243, 6.181229068798605 ], [ -75.558573872327671, 6.181166794756955 ], [ -75.558585350189176, 6.181119743413536 ], [ -75.558603248233524, 6.181074745108281 ], [ -75.558627220140551, 6.181032671253837 ], [ -75.558627534007556, 6.181032941876869 ], [ -75.55862740130442, 6.181032397342995 ], [ -75.55865041173206, 6.181001725215378 ], [ -75.558676656668965, 6.180973776938254 ], [ -75.558705817950411, 6.180948891272936 ], [ -75.558744492838755, 6.180923300705217 ], [ -75.558786228006724, 6.180903090169137 ], [ -75.558830278098057, 6.180888619468653 ], [ -75.558875862039514, 6.180880147320543 ], [ -75.55889190193929, 6.180878012343893 ], [ -75.559003685599023, 6.180863134073222 ], [ -75.559126658434081, 6.180846765277231 ], [ -75.559154153850741, 6.180843105958627 ], [ -75.559214260559287, 6.180833929162148 ], [ -75.559306580084439, 6.180813957754627 ], [ -75.559397148443679, 6.18078713535847 ], [ -75.559485461380461, 6.180753613581319 ], [ -75.559488751961311, 6.180752217170196 ], [ -75.559488971031357, 6.18075212389678 ], [ -75.559488984377239, 6.180752081339744 ], [ -75.559489493546607, 6.180750885474722 ], [ -75.559491901475852, 6.180749852242939 ], [ -75.559516066471915, 6.180693096670871 ], [ -75.559523389589046, 6.180675899764391 ], [ -75.559553355107582, 6.18060674544895 ], [ -75.559576695472416, 6.180554717775378 ], [ -75.559616289368037, 6.180537657452585 ], [ -75.55963156980269, 6.180531074327342 ], [ -75.559657606330887, 6.180519917985705 ], [ -75.559703037950456, 6.180500638 ], [ -75.559754092105706, 6.180479474810179 ], [ -75.559804138033044, 6.180457547084561 ], [ -75.559818075765492, 6.180451654827587 ], [ -75.55981848325662, 6.180451481989705 ], [ -75.559817968443369, 6.18045131630702 ], [ -75.559804925010965, 6.180410429730031 ], [ -75.559794926269973, 6.180375248727317 ], [ -75.559724849559274, 6.180401975161208 ], [ -75.559696103263036, 6.180424846325239 ], [ -75.559289065327405, 6.180627919461028 ], [ -75.558579425510374, 6.180708885161255 ], [ -75.558580013901093, 6.180669859520576 ], [ -75.558580015129778, 6.180669739269215 ], [ -75.558581823168879, 6.180549739182088 ], [ -75.558581826204275, 6.180549618922027 ], [ -75.558582403622836, 6.180520712936687 ], [ -75.558582407561559, 6.180520592672312 ], [ -75.558583205621318, 6.180480268637075 ], [ -75.558583208652337, 6.180480147472935 ], [ -75.558602227022661, 6.180106111591584 ], [ -75.558624706518046, 6.179674614283864 ], [ -75.558616680186972, 6.1796646716497 ], [ -75.558606205747125, 6.179652853038152 ], [ -75.558600301378391, 6.17965135805293 ], [ -75.558568514328101, 6.179645666068547 ], [ -75.558536276834332, 6.179643803310294 ], [ -75.558535306596553, 6.179643798940075 ], [ -75.558495841823444, 6.17964675276266 ], [ -75.558457218273333, 6.17965538480841 ], [ -75.558420247206598, 6.179669514872939 ], [ -75.558385705895432, 6.179688845382493 ], [ -75.558356158510378, 6.179705003770711 ], [ -75.558323546535419, 6.179714883461636 ], [ -75.55826247845296, 6.179721563995648 ], [ -75.558205514111989, 6.179715221080879 ], [ -75.558088039241909, 6.179694730919163 ], [ -75.557985157580049, 6.179675410916802 ], [ -75.557809426979063, 6.179660136562032 ], [ -75.557669882659908, 6.179646006181221 ], [ -75.55759593971456, 6.179635758718762 ], [ -75.557511338075543, 6.179630807230498 ], [ -75.557434370915544, 6.179633213639901 ], [ -75.557430313843284, 6.179633204231294 ], [ -75.557352335118978, 6.179633022532503 ], [ -75.5573118594248, 6.179644248241553 ], [ -75.557273676721408, 6.17970084431175 ], [ -75.557231793732043, 6.179699880453483 ], [ -75.557190804486751, 6.179698981907323 ], [ -75.557015250640475, 6.179695135187315 ], [ -75.556888831271465, 6.179694917964222 ], [ -75.556809509413824, 6.179694781527409 ], [ -75.556685618179031, 6.179694486093705 ], [ -75.556355004806576, 6.179693696856436 ], [ -75.556397270279192, 6.179653157021846 ], [ -75.55645635497757, 6.179616631868075 ], [ -75.556533658562472, 6.17958287694139 ], [ -75.556605514577996, 6.179548319150383 ], [ -75.556657513358331, 6.179522920502327 ], [ -75.556719310313156, 6.179494751560413 ], [ -75.556788879052334, 6.179454192477071 ], [ -75.556828474943146, 6.179424359192823 ], [ -75.556860859415025, 6.179389672118981 ], [ -75.556897292263713, 6.179329298107316 ], [ -75.556914832445401, 6.179301917975892 ], [ -75.556932956897455, 6.179267159368189 ], [ -75.556944169211746, 6.179245657412105 ], [ -75.556931709183701, 6.179210511615287 ], [ -75.557070020720147, 6.178880154537928 ], [ -75.557162599009246, 6.178659033221011 ], [ -75.557153964424685, 6.178649022049085 ], [ -75.557149234909232, 6.178629567730943 ], [ -75.557166193591513, 6.178590211050672 ], [ -75.55723018185725, 6.178365654278295 ], [ -75.557257420859798, 6.178270062727869 ], [ -75.557291442801073, 6.178150681462244 ], [ -75.557315904379962, 6.178055180126657 ], [ -75.55733670156738, 6.178058733555712 ], [ -75.557355122035574, 6.17799740288526 ], [ -75.557410428874775, 6.177878360437046 ], [ -75.557429606545483, 6.177801081386284 ], [ -75.557437628429469, 6.177754434536254 ], [ -75.557466612490401, 6.177615160158078 ], [ -75.557478419969684, 6.177562785695839 ], [ -75.557530652739075, 6.177331097018508 ], [ -75.55755810384882, 6.177209328917395 ], [ -75.557678614469751, 6.177224010438539 ], [ -75.557687767297892, 6.177225127274284 ], [ -75.557802314933753, 6.177239082525294 ], [ -75.55781676406724, 6.177209517600695 ], [ -75.557832626603485, 6.177177056367874 ], [ -75.557862614677433, 6.177101637503066 ], [ -75.557931712624736, 6.176939065861238 ], [ -75.558316797436575, 6.17709778784237 ], [ -75.558605949647955, 6.177223781572643 ], [ -75.558639408254834, 6.177233712132431 ], [ -75.558651401777368, 6.177239450606036 ], [ -75.558901929285284, 6.177359304903152 ], [ -75.558913190413918, 6.177365279247418 ], [ -75.55891322601326, 6.177365167871682 ], [ -75.558950021397507, 6.17724777228998 ], [ -75.558963778252377, 6.17725256381136 ], [ -75.559035342515827, 6.177063783060978 ], [ -75.559035294547471, 6.177063764305732 ], [ -75.559022757900379, 6.177058922610617 ], [ -75.559022808852191, 6.177058810256893 ], [ -75.559024404383607, 6.177055278392628 ], [ -75.559045941963106, 6.177007632591667 ], [ -75.559072075398632, 6.17693451333058 ], [ -75.559096415691769, 6.17686967341507 ], [ -75.559099610668682, 6.176861168531529 ], [ -75.559118245075666, 6.17680548930552 ], [ -75.559142455550798, 6.176749917953685 ], [ -75.559155259243127, 6.17671389301097 ], [ -75.559200668397324, 6.176726269480831 ], [ -75.559274180262136, 6.176745981264714 ], [ -75.559322181738807, 6.176758853348922 ], [ -75.559433614155367, 6.176790432431489 ], [ -75.559560014700224, 6.176827716632775 ], [ -75.559570502144894, 6.176810865249408 ], [ -75.559586114726685, 6.176792774083301 ], [ -75.559664809158463, 6.176701584699139 ], [ -75.559912829172205, 6.176570076393189 ], [ -75.559919616404187, 6.176386131656333 ], [ -75.559933750157356, 6.176358266149204 ], [ -75.559946810959744, 6.176332518689775 ], [ -75.559921000970775, 6.176327430806229 ], [ -75.559899453136481, 6.176122187163496 ], [ -75.559850695146693, 6.176088540723407 ], [ -75.559890333070612, 6.175831645117923 ], [ -75.559910896462441, 6.175855559936907 ], [ -75.559957761062634, 6.175870238430632 ], [ -75.560169654280855, 6.175957106829069 ], [ -75.560238305859087, 6.17597473625866 ], [ -75.560289161566672, 6.175974014951548 ], [ -75.560348508808346, 6.175944905607079 ], [ -75.560363922672877, 6.175944307016262 ], [ -75.560413726460652, 6.175942374748804 ], [ -75.560453486568136, 6.175977062578318 ], [ -75.560469601804044, 6.175968083218073 ], [ -75.560508761063929, 6.176024169455784 ], [ -75.560510756771293, 6.176027026746861 ], [ -75.560516126280163, 6.176034718288205 ], [ -75.560526332650355, 6.176040211275563 ], [ -75.56058930520237, 6.176074083024261 ], [ -75.560697727435652, 6.176097207662775 ], [ -75.560730969058042, 6.176130232565763 ], [ -75.560780041455899, 6.176134945295081 ], [ -75.561046540078067, 6.176160540745966 ], [ -75.56105315916146, 6.176163769049921 ], [ -75.561061343808703, 6.176167757394118 ], [ -75.561112893339711, 6.176185835213944 ], [ -75.56119652650996, 6.176173084217043 ], [ -75.561207618869489, 6.176171394371522 ], [ -75.561239684235659, 6.176194816125944 ], [ -75.561271501752174, 6.176255928256912 ], [ -75.561274667182332, 6.176260260823488 ], [ -75.56128459444696, 6.176273836878752 ], [ -75.561284809625192, 6.176274061867141 ], [ -75.561284741787816, 6.17627404411189 ], [ -75.561287961762019, 6.176278447839414 ], [ -75.561293938736981, 6.17628396750718 ], [ -75.56129954549769, 6.176289145400313 ], [ -75.56130516047665, 6.176303922075335 ], [ -75.561342673690206, 6.176304169925435 ], [ -75.561406137574764, 6.176306265515112 ], [ -75.561667665976458, 6.17633694750182 ], [ -75.561754092932318, 6.176346488882433 ], [ -75.561838854259534, 6.176344796707078 ], [ -75.562015714123589, 6.176341254007528 ], [ -75.562043535039365, 6.1763362152269 ], [ -75.56204364695769, 6.176336194797487 ], [ -75.562146034868917, 6.176317654753038 ], [ -75.562169355417396, 6.176285610526524 ], [ -75.56221805325562, 6.176218851401417 ], [ -75.562230060385843, 6.176196625952678 ], [ -75.562229184045961, 6.176184778346745 ], [ -75.56223107732724, 6.176172163377468 ], [ -75.56223770097516, 6.176163007299155 ], [ -75.562247481613838, 6.17615417504616 ], [ -75.562255469645578, 6.1761495907489 ], [ -75.562266727839528, 6.17614312915552 ], [ -75.562288189005457, 6.176137133735597 ], [ -75.562311539843165, 6.176126411623436 ], [ -75.562327943762682, 6.1761137936383 ], [ -75.562362965608159, 6.17609003424116 ], [ -75.562363104587376, 6.176090005544459 ], [ -75.56237051414287, 6.176084978313112 ], [ -75.562383132893757, 6.176078350136989 ], [ -75.562392399381991, 6.176077752177125 ], [ -75.56240260507623, 6.176077094541367 ], [ -75.562402692691307, 6.176077092311004 ], [ -75.562426269493471, 6.176078978568187 ], [ -75.562426355349714, 6.176078986291349 ], [ -75.562447810613435, 6.176084346371684 ], [ -75.562465480487248, 6.176096963808049 ], [ -75.562473055938469, 6.176108957237338 ], [ -75.562476208213155, 6.176120318317635 ], [ -75.562476208101828, 6.176133251446156 ], [ -75.562472740048236, 6.176147134315674 ], [ -75.562469155197817, 6.176162652357982 ], [ -75.562466108378644, 6.176175464553374 ], [ -75.562465788820589, 6.176189032090258 ], [ -75.562469262914377, 6.176199124977773 ], [ -75.562477784160521, 6.176210174490364 ], [ -75.562492293730699, 6.176221215035633 ], [ -75.562514068747745, 6.176232574974958 ], [ -75.562523944076844, 6.176237041549229 ], [ -75.562535606723131, 6.176242357499511 ], [ -75.562547771402535, 6.176256261772855 ], [ -75.562550981068895, 6.176260023628275 ], [ -75.562562339505959, 6.176280218886315 ], [ -75.562571285432213, 6.176301615563378 ], [ -75.562584855517656, 6.17631960410707 ], [ -75.562596531373941, 6.176325599873292 ], [ -75.562610724325708, 6.176325281943366 ], [ -75.562637861719068, 6.176314868851512 ], [ -75.562658056274771, 6.176306037034613 ], [ -75.562679255566323, 6.176291990056667 ], [ -75.562679343190126, 6.176291989634381 ], [ -75.562683377377496, 6.17628931666391 ], [ -75.562696943029323, 6.176279534942261 ], [ -75.562731822782496, 6.176251593849465 ], [ -75.562749804558209, 6.176239289204439 ], [ -75.562761789549114, 6.176235185604058 ], [ -75.562775359390301, 6.176231719891515 ], [ -75.562796181810796, 6.176231719893199 ], [ -75.562817322683756, 6.17623613578302 ], [ -75.562844768297751, 6.176245286787021 ], [ -75.562915250573639, 6.176142305730609 ], [ -75.562924296747809, 6.176125397084903 ], [ -75.562939630547106, 6.176109666914131 ], [ -75.562946317301268, 6.176101801580157 ], [ -75.562963621448233, 6.176069951788978 ], [ -75.562971174905101, 6.176057097080979 ], [ -75.562981004113425, 6.1760476615527 ], [ -75.56299830794859, 6.176039402394234 ], [ -75.563005681180101, 6.176036778424438 ], [ -75.563005695415981, 6.176036733150915 ], [ -75.563056365638332, 6.176018700802429 ], [ -75.563057396602346, 6.176017622668974 ], [ -75.563115680867355, 6.175946012935229 ], [ -75.563115797613818, 6.17594586952502 ], [ -75.563119029524131, 6.175933228219232 ], [ -75.563126894238835, 6.175912782108555 ], [ -75.563139611528982, 6.175895097230895 ], [ -75.56314943873997, 6.175884872433954 ], [ -75.563165168019168, 6.175876614533733 ], [ -75.563185616740796, 6.175873863348772 ], [ -75.563214886709233, 6.175872792855357 ], [ -75.563214958889176, 6.17587277442547 ], [ -75.563264703469258, 6.175859691039167 ], [ -75.563358826835412, 6.175860777025861 ], [ -75.563412392102805, 6.175859602068814 ], [ -75.563500373741434, 6.175773448698916 ], [ -75.563572909159191, 6.175720021272712 ], [ -75.5636673030439, 6.175718575341245 ], [ -75.563743992586168, 6.17575347086427 ], [ -75.563784910502022, 6.175929215499611 ], [ -75.563885264915029, 6.176127108731087 ], [ -75.564052464023376, 6.176195274336661 ], [ -75.564368723337864, 6.176246327963569 ], [ -75.564368780291602, 6.176246336729859 ], [ -75.564370252500311, 6.176242716858124 ], [ -75.564373824923052, 6.176236638563229 ], [ -75.564376818371287, 6.176228887768464 ], [ -75.564381144124098, 6.176229174300648 ], [ -75.564389430092845, 6.176228313421513 ], [ -75.564404160712456, 6.176222969688773 ], [ -75.564418326586406, 6.176215719226213 ], [ -75.564434441417617, 6.176206491145154 ], [ -75.56444970411718, 6.176196269954303 ], [ -75.56446374282244, 6.176187373743633 ], [ -75.564479457354381, 6.176177184729008 ], [ -75.564494462983845, 6.176167419538073 ], [ -75.56450763170939, 6.176157763560481 ], [ -75.564516258437209, 6.176151314621127 ], [ -75.564526081615895, 6.176144011868582 ], [ -75.564539768213336, 6.176129717183758 ], [ -75.564549505181219, 6.176116329370074 ], [ -75.564564327712702, 6.176098368518197 ], [ -75.564572701029505, 6.17608863260002 ], [ -75.564586283504468, 6.17607222554262 ], [ -75.564597520279861, 6.176060575402832 ], [ -75.56460567829906, 6.176050590088128 ], [ -75.564622579656358, 6.176032296447825 ], [ -75.56463186383877, 6.17602261942341 ], [ -75.56464185604068, 6.176012523099812 ], [ -75.564651326152628, 6.176003563031601 ], [ -75.564662573474365, 6.175995417120371 ], [ -75.564666228365112, 6.176002902593661 ], [ -75.564675290529408, 6.176019159755334 ], [ -75.564683183878643, 6.176032066545999 ], [ -75.564689275221866, 6.176040885564272 ], [ -75.564690439437243, 6.176047970781264 ], [ -75.564692157817248, 6.176057204172044 ], [ -75.564694903635072, 6.176064628030119 ], [ -75.564698300538453, 6.176072565891415 ], [ -75.564708520170626, 6.1760811859874 ], [ -75.564719178227278, 6.176093807309493 ], [ -75.564727743261443, 6.176103250880299 ], [ -75.564731667630937, 6.176113795420616 ], [ -75.564736459194108, 6.176128836372442 ], [ -75.564740795389639, 6.176140109436494 ], [ -75.564745233040071, 6.176149751924513 ], [ -75.564744862893491, 6.176155803021794 ], [ -75.564743648438068, 6.176168113637351 ], [ -75.564745022479059, 6.176179189429368 ], [ -75.564745489274429, 6.176190208118531 ], [ -75.564745585980432, 6.176203537656002 ], [ -75.564746281507851, 6.176207090114257 ], [ -75.564757496474726, 6.176218113921227 ], [ -75.564778796662395, 6.176236107588173 ], [ -75.564787933738856, 6.176243719409683 ], [ -75.56479490481702, 6.176249320117616 ], [ -75.564804825611077, 6.176255348701424 ], [ -75.564679697729431, 6.176434276286273 ], [ -75.564725597241065, 6.176465584375412 ], [ -75.564913482761995, 6.176497045678633 ], [ -75.564980823869774, 6.176497483899385 ], [ -75.564980899754403, 6.17649748443742 ], [ -75.564993449841324, 6.17649236547712 ], [ -75.565012241411068, 6.176488973068344 ], [ -75.565034426662095, 6.176489283741793 ], [ -75.56506585538024, 6.176489284019744 ], [ -75.5650886570685, 6.17648835400898 ], [ -75.565093277493546, 6.176487739536661 ], [ -75.565095434207734, 6.176486509506335 ], [ -75.565102522457181, 6.176483425794609 ], [ -75.565118407175035, 6.176470687293334 ], [ -75.565129498153524, 6.176464217416335 ], [ -75.565141821293025, 6.176462057752159 ], [ -75.565159081574279, 6.176460521603534 ], [ -75.565173560587823, 6.17646052137023 ], [ -75.565182344837055, 6.176460521486133 ], [ -75.56519204804151, 6.176456820318032 ], [ -75.565215159744994, 6.176441107732972 ], [ -75.565233957398107, 6.176428476326179 ], [ -75.565249052678269, 6.176421385905717 ], [ -75.565271237331672, 6.176412758675443 ], [ -75.565298354067167, 6.17640351727557 ], [ -75.565347890464352, 6.176389241291631 ], [ -75.56537315917187, 6.176384927089038 ], [ -75.565396879268889, 6.176384310878151 ], [ -75.565419715717397, 6.176386848801195 ], [ -75.565420704494144, 6.176386953426425 ], [ -75.565420737036035, 6.176386957789922 ], [ -75.565422487721534, 6.176387141012051 ], [ -75.565430127942619, 6.176388001014834 ], [ -75.565430162291193, 6.17638800536966 ], [ -75.565438840850206, 6.176390257191628 ], [ -75.565507671342871, 6.176342640870668 ], [ -75.565535972730387, 6.176334037462713 ], [ -75.565543145724888, 6.176331857434347 ], [ -75.565543083666213, 6.176330038692025 ], [ -75.565547117416955, 6.176303087105914 ], [ -75.565552665008852, 6.176284911511441 ], [ -75.565557595252514, 6.17627566413406 ], [ -75.565564375663783, 6.176269811752634 ], [ -75.565570226102295, 6.176269498735437 ], [ -75.565581319720991, 6.176268268078038 ], [ -75.565604736711791, 6.176274117610632 ], [ -75.565624454388399, 6.176281828442937 ], [ -75.565635548047197, 6.176283981816301 ], [ -75.565656812498091, 6.176283675795707 ], [ -75.565682075375179, 6.176276278641551 ], [ -75.565712749971098, 6.176263007680785 ], [ -75.56574048335014, 6.176245447412737 ], [ -75.565759588039228, 6.176225110710476 ], [ -75.565775921280363, 6.176203847120625 ], [ -75.565785326278984, 6.176192627112489 ], [ -75.565792105885123, 6.176189233874907 ], [ -75.565798268584643, 6.176189233974361 ], [ -75.565809978676242, 6.176191084210323 ], [ -75.565825693403085, 6.176192008314587 ], [ -75.565838325623091, 6.176192317137088 ], [ -75.565844486124206, 6.176193548625487 ], [ -75.56585034201737, 6.176197556254404 ], [ -75.565872216948222, 6.176221590067424 ], [ -75.565880538310438, 6.176244392805406 ], [ -75.565888241468855, 6.176271819360927 ], [ -75.565888722164019, 6.176288531065083 ], [ -75.565931135763762, 6.176296989450332 ], [ -75.566063016660181, 6.176330709598435 ], [ -75.566064072142382, 6.176331909664813 ], [ -75.566064092124662, 6.176331932170809 ], [ -75.566144509483365, 6.176313108673399 ], [ -75.566182713821945, 6.176345458191967 ], [ -75.566184639496413, 6.17634708712039 ], [ -75.566181638172594, 6.176354696913877 ], [ -75.566146618082897, 6.176443451943952 ], [ -75.566167008393649, 6.176462522180746 ], [ -75.566173684704481, 6.176461501783941 ], [ -75.566292695230089, 6.176443043503339 ], [ -75.566307095832343, 6.176442521050307 ], [ -75.566301896356023, 6.176457570407648 ], [ -75.566245812304402, 6.17661992014303 ], [ -75.566245976958982, 6.176621095576984 ], [ -75.56628615962758, 6.176631311400701 ], [ -75.566303105598934, 6.176641788547059 ], [ -75.566327756496079, 6.176649493615453 ], [ -75.566370585954374, 6.176661199263643 ], [ -75.566409914689913, 6.176676047263085 ], [ -75.56642654968887, 6.176684978997176 ], [ -75.566437335414179, 6.176694840346704 ], [ -75.56644966397036, 6.176710866509931 ], [ -75.56646691637161, 6.176745377552115 ], [ -75.566477111026572, 6.176772990054237 ], [ -75.566479883899021, 6.176788084107888 ], [ -75.566484744729607, 6.176820861234432 ], [ -75.566504057795711, 6.176826337240835 ], [ -75.566509839517622, 6.176828073223314 ], [ -75.566528148148109, 6.176833569446607 ], [ -75.566555853206324, 6.176842003827629 ], [ -75.566582951253466, 6.17685044746557 ], [ -75.566587467802364, 6.176851710383462 ], [ -75.566608216049758, 6.176857508548162 ], [ -75.566629318187438, 6.176865509188436 ], [ -75.566638439824246, 6.176869911498093 ], [ -75.566642185705092, 6.176868341083876 ], [ -75.566664373577993, 6.176860950584139 ], [ -75.566679160759278, 6.17685910265461 ], [ -75.566690562933971, 6.17685910276268 ], [ -75.566702578671652, 6.176860640487319 ], [ -75.566715523271654, 6.176863721539111 ], [ -75.566727847373429, 6.176878821014442 ], [ -75.566740168743081, 6.176903474983026 ], [ -75.566749107015553, 6.176928123584363 ], [ -75.56674950061786, 6.176929193941419 ], [ -75.566758786946735, 6.176934216566673 ], [ -75.566776257389307, 6.176943862102664 ], [ -75.566797935938837, 6.176957124498597 ], [ -75.566823823660897, 6.176974599547414 ], [ -75.566841293843964, 6.176989063909764 ], [ -75.56686477959235, 6.177001114226017 ], [ -75.566883441415314, 6.177004730921912 ], [ -75.566917767079175, 6.17700714549172 ], [ -75.566940656288978, 6.177012568952779 ], [ -75.566964141400248, 6.177019801342561 ], [ -75.566982804013932, 6.177025831060888 ], [ -75.5670117096452, 6.177034265943242 ], [ -75.567038212345778, 6.17704270067202 ], [ -75.567042863582074, 6.177044356216067 ], [ -75.567065310777934, 6.177052346722745 ], [ -75.567087585975443, 6.177061386809052 ], [ -75.567106862725311, 6.1770698220662 ], [ -75.56713311219967, 6.177085130942967 ], [ -75.567165875614577, 6.177106588760311 ], [ -75.567186948395843, 6.177121052888667 ], [ -75.567206225833345, 6.177134315101114 ], [ -75.567221878900668, 6.177144557957444 ], [ -75.56723994493953, 6.177157820592717 ], [ -75.567245636069316, 6.177162313588013 ], [ -75.567262825613568, 6.177175901407975 ], [ -75.567278488991789, 6.177187345754231 ], [ -75.567293281272754, 6.17719704940258 ], [ -75.567297008915403, 6.177197505148672 ], [ -75.567314565175508, 6.177204899048308 ], [ -75.567322581042859, 6.177208912495469 ], [ -75.567329050982849, 6.177216614882379 ], [ -75.567334908581415, 6.177226781172642 ], [ -75.567345380628865, 6.177244650672244 ], [ -75.567348791106284, 6.177249210732469 ], [ -75.567350147555459, 6.177250628132033 ], [ -75.567370624401832, 6.177268708793976 ], [ -75.567377429715719, 6.177273647549988 ], [ -75.567408383079865, 6.177292348457594 ], [ -75.56743564178673, 6.177308816007818 ], [ -75.56746838443803, 6.177328773098421 ], [ -75.567471889087187, 6.177331692674255 ], [ -75.567475072774045, 6.177334368790353 ], [ -75.567484440615488, 6.177342243422905 ], [ -75.567496481057844, 6.177354899563885 ], [ -75.567498513514991, 6.177356753088322 ], [ -75.567516958978175, 6.177373576009795 ], [ -75.567530200679926, 6.177391060543506 ], [ -75.567543452591181, 6.17740672779652 ], [ -75.56755750045788, 6.177424476047658 ], [ -75.567568412599741, 6.177437504697024 ], [ -75.567511756588061, 6.177366840311885 ], [ -75.567737334131564, 6.177591877643039 ], [ -75.567810697971666, 6.177676814689336 ], [ -75.567821904458413, 6.177677445865025 ], [ -75.567838950341283, 6.177676972058882 ], [ -75.567855837581789, 6.177680129862549 ], [ -75.567865149787622, 6.177684707519064 ], [ -75.567867990818968, 6.177689759438637 ], [ -75.567867517429434, 6.177694811093773 ], [ -75.567864518871929, 6.17770017872166 ], [ -75.567856784801464, 6.177714702386957 ], [ -75.567849366525323, 6.177730645763742 ], [ -75.567847822059875, 6.177738008937836 ], [ -75.568076508581768, 6.17813896867192 ], [ -75.568092606944617, 6.178137390105132 ], [ -75.568102708959259, 6.178135654262541 ], [ -75.568117228606269, 6.178129654163066 ], [ -75.568171307527493, 6.17810086872745 ], [ -75.568210272129733, 6.178035514266442 ], [ -75.568213119755939, 6.178019831649531 ], [ -75.568233508820029, 6.178012396422178 ], [ -75.568251777284672, 6.178028473372116 ], [ -75.568277591519049, 6.178046239781797 ], [ -75.568310381516156, 6.178055210005547 ], [ -75.568341028530241, 6.178060951210411 ], [ -75.568355594318533, 6.178070136955101 ], [ -75.568368838249327, 6.17811148410263 ], [ -75.568330605258964, 6.178147782868526 ], [ -75.568320225559475, 6.178195141559673 ], [ -75.568338473710924, 6.178251390222696 ], [ -75.568368059196558, 6.178260108307843 ], [ -75.56841101376645, 6.17829697586554 ], [ -75.568450013190386, 6.178319746904606 ], [ -75.568499942511622, 6.178372887896862 ], [ -75.568508417075705, 6.178380972947037 ], [ -75.56852561780714, 6.1784629680225 ], [ -75.568543586095458, 6.178511006130547 ], [ -75.568567486400056, 6.178551669807495 ], [ -75.568588399213155, 6.178582765424522 ], [ -75.56865923826355, 6.178668224348714 ], [ -75.568812183316709, 6.178777957376608 ], [ -75.568867436451086, 6.178794451344062 ], [ -75.568958258134813, 6.178818370500182 ], [ -75.569051321970591, 6.178822822702277 ], [ -75.569121377440538, 6.178820761801947 ], [ -75.569177542763853, 6.178811192629788 ], [ -75.569214588250333, 6.178809996463722 ], [ -75.569237221653665, 6.178814063071666 ], [ -75.56925213572589, 6.178819038537374 ], [ -75.569264537842926, 6.178824260304713 ], [ -75.569554497588243, 6.179006874214339 ], [ -75.569620458303163, 6.179064553826603 ], [ -75.56968186403617, 6.179118249409083 ], [ -75.569759473637177, 6.179143187892929 ], [ -75.569779174920455, 6.179147477492098 ], [ -75.569799815797296, 6.179152162156718 ], [ -75.569820761269426, 6.179158190638423 ], [ -75.569838134311041, 6.179163169561891 ], [ -75.569843108787538, 6.179164600196184 ], [ -75.569849360902509, 6.179167400682851 ], [ -75.569863326323144, 6.179173658195332 ], [ -75.569881835223569, 6.179180765284967 ], [ -75.569899231138095, 6.17918861097476 ], [ -75.569918895972478, 6.179199759194572 ], [ -75.569934584325978, 6.179206999259846 ], [ -75.569934584024907, 6.17920712402617 ], [ -75.569937724743426, 6.179208567142293 ], [ -75.569955259913513, 6.179218125412697 ], [ -75.569973749288835, 6.179229234108569 ], [ -75.569987776767633, 6.179236931536752 ], [ -75.570005306923974, 6.179236843155589 ], [ -75.57004103930619, 6.179236660429411 ], [ -75.570050381608127, 6.179236611638656 ], [ -75.570052180550817, 6.179236685212358 ], [ -75.570064297906725, 6.179237184444447 ], [ -75.570067808002605, 6.179237484808027 ], [ -75.570080913898337, 6.179238600371542 ], [ -75.57008566051968, 6.17923905206795 ], [ -75.570099880505879, 6.179240406348871 ], [ -75.570117162642802, 6.179243957233591 ], [ -75.570135869691924, 6.179246824965684 ], [ -75.570157413596831, 6.179249756730933 ], [ -75.570189928102053, 6.179252919329446 ], [ -75.57020336794092, 6.179255282731273 ], [ -75.570204397754821, 6.179255466706752 ], [ -75.570206640249125, 6.179255353700047 ], [ -75.57021174026228, 6.179255093973303 ], [ -75.570214957239713, 6.179254931049527 ], [ -75.570216683263652, 6.179253560234702 ], [ -75.570225375464659, 6.179246654327208 ], [ -75.570249996191777, 6.179234988190526 ], [ -75.570267632750799, 6.179226627739954 ], [ -75.570276067821851, 6.179223532018993 ], [ -75.570281916983618, 6.179222017404318 ], [ -75.570292305927993, 6.179221148056171 ], [ -75.570299037586366, 6.179220925642866 ], [ -75.570308287841925, 6.179221084330069 ], [ -75.570322068819863, 6.179221321461021 ], [ -75.570366666156843, 6.179219892495008 ], [ -75.57038953790412, 6.17922018601494 ], [ -75.5704075100289, 6.179222016680559 ], [ -75.57042364716591, 6.179224353470851 ], [ -75.570431974083675, 6.179224864696996 ], [ -75.570437271137379, 6.179225188963398 ], [ -75.570442799336078, 6.179225302362314 ], [ -75.570450365712901, 6.179225457437375 ], [ -75.570462354438192, 6.179226258345329 ], [ -75.570476516812107, 6.179227468239618 ], [ -75.570503120137118, 6.1792316502924 ], [ -75.570520324972463, 6.179235282001076 ], [ -75.570536224129611, 6.179240343065866 ], [ -75.570554115299586, 6.179245987580622 ], [ -75.570593107653835, 6.179261097147925 ], [ -75.570613959139564, 6.179269175625458 ], [ -75.570648418528251, 6.179282806317459 ], [ -75.570681475869065, 6.179292126745445 ], [ -75.570686541233755, 6.1792934846034 ], [ -75.570711805630822, 6.179300254304028 ], [ -75.570713125333299, 6.179300606845711 ], [ -75.570717738998724, 6.179301960559411 ], [ -75.570749832025641, 6.179311378767885 ], [ -75.570782889442341, 6.179318843989804 ], [ -75.570813106125414, 6.179326564342531 ], [ -75.570835376427326, 6.17933157468886 ], [ -75.570853152999661, 6.179335935933867 ], [ -75.570864825569586, 6.179338798787486 ], [ -75.570888010214574, 6.179343651916823 ], [ -75.570930582408266, 6.179352177712642 ], [ -75.570958928391718, 6.179358994875138 ], [ -75.570966507316641, 6.179360251969976 ], [ -75.570992512782311, 6.179366525339348 ], [ -75.571000367395271, 6.179369499779696 ], [ -75.571005556253922, 6.179373608189734 ], [ -75.571011697652366, 6.179375554827412 ], [ -75.571017577803445, 6.179377651904037 ], [ -75.571021109482245, 6.179377932266237 ], [ -75.571034671428663, 6.179379205622169 ], [ -75.571049200608641, 6.17938023742657 ], [ -75.571054719383554, 6.179381579525523 ], [ -75.571064771998337, 6.17938401986238 ], [ -75.571079059549263, 6.179387767824124 ], [ -75.571081993511243, 6.179388111651546 ], [ -75.571099926259436, 6.1793902064758 ], [ -75.571107001111841, 6.179390902757269 ], [ -75.571114630652659, 6.179391604492118 ], [ -75.571140000374555, 6.179393247455262 ], [ -75.571157811827405, 6.179394169352323 ], [ -75.571191796789023, 6.179395606994375 ], [ -75.571212127069202, 6.179395274481333 ], [ -75.571227777608698, 6.179395057728779 ], [ -75.571255711211506, 6.179390186051274 ], [ -75.571266507888424, 6.179387139464906 ], [ -75.571277465252848, 6.179385005234093 ], [ -75.571288757598211, 6.179384333107761 ], [ -75.571292014184834, 6.179384141958752 ], [ -75.571292399451295, 6.179384045165158 ], [ -75.571295871532016, 6.17938320835586 ], [ -75.571311000049235, 6.179379837036564 ], [ -75.571328721753801, 6.179376205449882 ], [ -75.571347001957406, 6.179371685150331 ], [ -75.571361216441304, 6.179361802459799 ], [ -75.571375472729116, 6.179349914290505 ], [ -75.571390071443773, 6.179334484039543 ], [ -75.571398830920785, 6.179324117832427 ], [ -75.57141074745121, 6.179311095498133 ], [ -75.571417868929984, 6.179301059976664 ], [ -75.57143358460776, 6.179283097384146 ], [ -75.571446259366226, 6.179268269525754 ], [ -75.571468115741936, 6.179243506477945 ], [ -75.571481288899648, 6.179231057586674 ], [ -75.571491358612803, 6.179219271944411 ], [ -75.571499373478488, 6.179209977976569 ], [ -75.571504888631637, 6.179201781013229 ], [ -75.571507688898606, 6.179198385256618 ], [ -75.571513431943202, 6.179193418415769 ], [ -75.57151882813011, 6.179187710089384 ], [ -75.57152372595074, 6.179179630028464 ], [ -75.571544865484611, 6.179168982421131 ], [ -75.571548299882352, 6.179167451450562 ], [ -75.571555993453316, 6.179164017553393 ], [ -75.571567812382938, 6.17916426685746 ], [ -75.571583817041613, 6.179164240051404 ], [ -75.571591295025058, 6.17916348963789 ], [ -75.571593990279396, 6.179163227068007 ], [ -75.571597490061578, 6.17916288918225 ], [ -75.571604402349891, 6.179163033844365 ], [ -75.571616370125241, 6.17916473620713 ], [ -75.571625248135845, 6.179166380287577 ], [ -75.571633056566483, 6.179167088383205 ], [ -75.571642473891487, 6.179168921521436 ], [ -75.571654971868199, 6.179171731542744 ], [ -75.571663313234382, 6.179172991267674 ], [ -75.571689884776816, 6.179179760923052 ], [ -75.571706499364566, 6.179185378120083 ], [ -75.571715767948319, 6.179188210998048 ], [ -75.571723129429401, 6.179190459115054 ], [ -75.571743898804002, 6.179197622998564 ], [ -75.571759136924996, 6.179204226889323 ], [ -75.571778241974997, 6.179212629293168 ], [ -75.571789684614217, 6.179218573479028 ], [ -75.57179209811612, 6.17921982662526 ], [ -75.571803657226241, 6.179223887927859 ], [ -75.571814668865727, 6.17922775478725 ], [ -75.571820915983722, 6.179228959548149 ], [ -75.571827350267057, 6.179230199567026 ], [ -75.571833130653417, 6.179231654307363 ], [ -75.571845752345808, 6.179234828977619 ], [ -75.571874687865972, 6.179242884554272 ], [ -75.57189423431069, 6.179247474973979 ], [ -75.571909441599217, 6.179251249200974 ], [ -75.57192448099353, 6.179253928480667 ], [ -75.571927946015535, 6.179254436086544 ], [ -75.571933181063173, 6.179255202738392 ], [ -75.571937813528649, 6.179255960552886 ], [ -75.571945667180714, 6.179257240714432 ], [ -75.571958973279592, 6.179259410335963 ], [ -75.571960343842704, 6.179259632438929 ], [ -75.571981558263914, 6.179262805304348 ], [ -75.571997671686304, 6.179266593225266 ], [ -75.572012879933396, 6.179270004903356 ], [ -75.572027713171707, 6.179273953617956 ], [ -75.57203476344209, 6.17927592025496 ], [ -75.572057893181409, 6.179281191285865 ], [ -75.572093563045257, 6.179289207930037 ], [ -75.572099543127706, 6.179291047747601 ], [ -75.572106719220528, 6.179293254262944 ], [ -75.572143471829264, 6.179304557460801 ], [ -75.572151823245008, 6.179306588318195 ], [ -75.572195079842402, 6.179317105119181 ], [ -75.572228228818531, 6.179325200855248 ], [ -75.572233732242736, 6.17932654482337 ], [ -75.572270868001439, 6.179333947713372 ], [ -75.572313198656133, 6.179344090169807 ], [ -75.572353447492546, 6.179355254376379 ], [ -75.572399798066883, 6.179366700958335 ], [ -75.572434807694364, 6.17937810659289 ], [ -75.572478101898739, 6.179391170913528 ], [ -75.572510060684337, 6.179400664689667 ], [ -75.572554936668936, 6.179414102872868 ], [ -75.572582469367944, 6.179422550335436 ], [ -75.572613129668682, 6.179436081731978 ], [ -75.572637256350205, 6.179446884561638 ], [ -75.572672673250935, 6.179464241645589 ], [ -75.572695465517214, 6.179478563325284 ], [ -75.572721995988957, 6.17949328188587 ], [ -75.572739502543456, 6.179503830158008 ], [ -75.572762310481906, 6.179520833291994 ], [ -75.572787042394253, 6.179540976964264 ], [ -75.572817032700911, 6.179563539841491 ], [ -75.572857400270863, 6.17959646399262 ], [ -75.572889324623787, 6.179623502696279 ], [ -75.572895700775391, 6.179628601641352 ], [ -75.572928421310564, 6.179654772175524 ], [ -75.572965661008269, 6.179686105789763 ], [ -75.573002507965271, 6.179717670940068 ], [ -75.573048270592523, 6.17975455779653 ], [ -75.573081559338135, 6.17978427592904 ], [ -75.573119496298617, 6.179818943148609 ], [ -75.573145502495791, 6.179844241173846 ], [ -75.573182601029032, 6.179874024929639 ], [ -75.573215273141344, 6.179904935816709 ], [ -75.573249969282557, 6.179937819570915 ], [ -75.573291593822049, 6.179974552842785 ], [ -75.573327186410808, 6.180005818445302 ], [ -75.573360055932426, 6.180033087587209 ], [ -75.573387805603147, 6.180055950569414 ], [ -75.573419591636522, 6.180081461974867 ], [ -75.57344403464775, 6.180100697478988 ], [ -75.573468011512517, 6.180120490350277 ], [ -75.57349187743597, 6.180136581505757 ], [ -75.573523164293917, 6.180158619993885 ], [ -75.573550724183804, 6.180178101677997 ], [ -75.573574031396092, 6.180193728118573 ], [ -75.573600405946735, 6.18020907118781 ], [ -75.573623865462238, 6.180224061311749 ], [ -75.573648157096372, 6.180239077239127 ], [ -75.573655474064282, 6.180242765751732 ], [ -75.573680496544867, 6.180255358791165 ], [ -75.573708362194409, 6.180270069000311 ], [ -75.573735469865696, 6.180283084996464 ], [ -75.57376116014477, 6.180292920032596 ], [ -75.573797762653825, 6.180306048254035 ], [ -75.573838718055626, 6.180317040721791 ], [ -75.573881852593345, 6.180329389615606 ], [ -75.573918163455374, 6.180336754759032 ], [ -75.573946444080249, 6.180340697937624 ], [ -75.573978358102309, 6.180344846825695 ], [ -75.574011167921, 6.180345190576994 ], [ -75.57404157088466, 6.180343789337342 ], [ -75.574073269441541, 6.180341864680631 ], [ -75.574106601410705, 6.180338661863223 ], [ -75.574130015391944, 6.180335081260256 ], [ -75.574159018255685, 6.180336691087973 ], [ -75.574176157813739, 6.180340457678549 ], [ -75.574193388386561, 6.180346606105135 ], [ -75.5742151083777, 6.180356994664355 ], [ -75.574229550245789, 6.180367804525694 ], [ -75.574250713121771, 6.180381234428514 ], [ -75.57426905999624, 6.180401526454119 ], [ -75.574288699412122, 6.18042962897989 ], [ -75.574301253747109, 6.18044969049467 ], [ -75.574322544684676, 6.180481378775 ], [ -75.574335717469566, 6.180500246605178 ], [ -75.57435263551541, 6.180523023657657 ], [ -75.574363464052198, 6.18053702798973 ], [ -75.574369853763386, 6.180563229206212 ], [ -75.57437145166287, 6.180574032573509 ], [ -75.574373512606456, 6.180581582589748 ], [ -75.574435706535084, 6.180630790149327 ], [ -75.574537634690046, 6.180650865266336 ], [ -75.574541155264086, 6.180650343726909 ], [ -75.574553287730794, 6.180647805026095 ], [ -75.574566575060146, 6.180643662298718 ], [ -75.574567491618907, 6.180642282737224 ], [ -75.574568405562744, 6.180641669856577 ], [ -75.574575048107562, 6.180637219385706 ], [ -75.574585815424001, 6.18063445765975 ], [ -75.574606873466536, 6.180644326838135 ], [ -75.574618777600662, 6.180650983836058 ], [ -75.574631825325142, 6.180655573967861 ], [ -75.574641439249334, 6.180662003381861 ], [ -75.574653800360281, 6.180667514490905 ], [ -75.57465474158829, 6.180668246763608 ], [ -75.574667987635564, 6.180678539835958 ], [ -75.57467645575251, 6.180683589735153 ], [ -75.574682681551565, 6.180688228288973 ], [ -75.57492990521024, 6.18076494208569 ], [ -75.575187618371118, 6.180867727661934 ], [ -75.575244519049264, 6.181027715303406 ], [ -75.575267477666969, 6.181034201170966 ], [ -75.575268977469236, 6.18103536831399 ], [ -75.57530164472135, 6.181060759550232 ], [ -75.575293569966732, 6.181074836482346 ], [ -75.575282868701947, 6.181093488179542 ], [ -75.575266323244932, 6.181122331975048 ], [ -75.575259259843492, 6.181134644647592 ], [ -75.575270886983603, 6.181149768858448 ], [ -75.575298816655575, 6.181186096316629 ], [ -75.575304621116828, 6.181193642643768 ], [ -75.575308518810914, 6.181202915078416 ], [ -75.575315464243644, 6.181219428057838 ], [ -75.575322231595123, 6.181226022231847 ], [ -75.575328943602557, 6.181232566949038 ], [ -75.575382845705576, 6.181285126198366 ], [ -75.575442482036053, 6.181317649243147 ], [ -75.575480395799474, 6.181324888037316 ], [ -75.575529615210243, 6.181357722844009 ], [ -75.575550214411095, 6.181367597806273 ], [ -75.575574251771783, 6.181377467854051 ], [ -75.575590503292759, 6.181384581103181 ], [ -75.575602635117789, 6.181391242387807 ], [ -75.575608125373918, 6.181395834764648 ], [ -75.575620024702232, 6.181410079771265 ], [ -75.575627411957996, 6.181415967552388 ], [ -75.575627804625839, 6.181416280271869 ], [ -75.575636041455624, 6.181425240549614 ], [ -75.575645652850184, 6.181435808866777 ], [ -75.575654345041769, 6.181446836396473 ], [ -75.57565845535953, 6.18146177552904 ], [ -75.575660967755681, 6.181468900228915 ], [ -75.575660503742839, 6.181480163812171 ], [ -75.575655687011135, 6.18149602409142 ], [ -75.575652699583117, 6.181505912130942 ], [ -75.575652235619529, 6.181516252639056 ], [ -75.57565108145252, 6.181527518664041 ], [ -75.575651766287294, 6.181532576434906 ], [ -75.57565267314655, 6.18154636482202 ], [ -75.575658612210233, 6.18156566816778 ], [ -75.575665016419862, 6.181573942083598 ], [ -75.575670506142217, 6.181582903019871 ], [ -75.575676912557668, 6.181591632585585 ], [ -75.575684921746415, 6.181600593060542 ], [ -75.575694074424064, 6.181605413592401 ], [ -75.575703688804552, 6.181609318755744 ], [ -75.5757224669252, 6.181608385108889 ], [ -75.575738724556501, 6.18160630735095 ], [ -75.57575155518181, 6.18159963354452 ], [ -75.575760026725035, 6.18159848134869 ], [ -75.575767354944361, 6.181598703486419 ], [ -75.575776051091054, 6.181602148398166 ], [ -75.575782001791708, 6.181607431071575 ], [ -75.575786348630217, 6.181615243928875 ], [ -75.575787020998717, 6.181636389119307 ], [ -75.57578472532191, 6.181643057960503 ], [ -75.575776239667306, 6.181661451202967 ], [ -75.575771651630362, 6.181675474168905 ], [ -75.575771646299387, 6.181680531668726 ], [ -75.575771891546808, 6.181686594204749 ], [ -75.575772096277859, 6.181691564797704 ], [ -75.575773922553324, 6.181702137401524 ], [ -75.575776206621853, 6.181712479955354 ], [ -75.575778711818813, 6.181728567826871 ], [ -75.575779620909884, 6.18173684397068 ], [ -75.575783505184958, 6.181751552748883 ], [ -75.575785331779443, 6.181757525346002 ], [ -75.575787611894867, 6.181769477197197 ], [ -75.575791271154301, 6.181779130496282 ], [ -75.575796761298179, 6.181788550704622 ], [ -75.57580019406663, 6.181791537445247 ], [ -75.575807515585495, 6.181797279981172 ], [ -75.575825370661107, 6.181803475928459 ], [ -75.575834297910973, 6.181805767907907 ], [ -75.575841625672169, 6.181806454747357 ], [ -75.575858570694479, 6.181805295821433 ], [ -75.575869794882252, 6.18180229949655 ], [ -75.575869794674034, 6.181802069858987 ], [ -75.57588216493366, 6.181793788097816 ], [ -75.575884683615783, 6.181791946010149 ], [ -75.575896367198595, 6.181788490892592 ], [ -75.575908499355705, 6.18178756685711 ], [ -75.575934377598529, 6.181787321142557 ], [ -75.575948115359111, 6.181787772577371 ], [ -75.575957044285843, 6.18178891816178 ], [ -75.575973069768636, 6.18179281483555 ], [ -75.575981082425301, 6.181797638175171 ], [ -75.575992296781138, 6.181802688286574 ], [ -75.575999848724592, 6.181810497352909 ], [ -75.576005565344289, 6.181820608087262 ], [ -75.576008078798296, 6.181828882778661 ], [ -75.576010359127579, 6.181841064264208 ], [ -75.576007373110855, 6.181856467238874 ], [ -75.576006682826829, 6.181861294803973 ], [ -75.57600530598846, 6.181866122081605 ], [ -75.57600506463487, 6.181880831873404 ], [ -75.576009862423149, 6.181895770376484 ], [ -75.576016036280606, 6.181907028894202 ], [ -75.57602541935195, 6.181917827039222 ], [ -75.576035943227694, 6.181927476884058 ], [ -75.576049452464687, 6.181933904545822 ], [ -75.57605929018753, 6.181941024460072 ], [ -75.576073257397141, 6.181944460078647 ], [ -75.576085390896054, 6.181946985130002 ], [ -75.576097065679846, 6.181952721920499 ], [ -75.57610805095608, 6.181959154586103 ], [ -75.576119035188057, 6.181970409665874 ], [ -75.57612429483251, 6.181978679176156 ], [ -75.576129551792192, 6.181989939424937 ], [ -75.576133441829199, 6.181997065575402 ], [ -75.57613847141323, 6.182007635298603 ], [ -75.576143958160841, 6.182017285154792 ], [ -75.576148532933061, 6.182024408888649 ], [ -75.576150674325419, 6.182029349294774 ], [ -75.576152421015706, 6.182033370348375 ], [ -75.57615257593055, 6.182034207687443 ], [ -75.576458785603734, 6.182125955974009 ], [ -75.576464095031199, 6.182125848856471 ], [ -75.576574478372876, 6.182148808959723 ], [ -75.576639084325492, 6.182161392437053 ], [ -75.576678901305868, 6.182169148062371 ], [ -75.576709815370478, 6.182177212667993 ], [ -75.576807802778177, 6.182202776038111 ], [ -75.576859923743697, 6.182221398777426 ], [ -75.576944203378389, 6.182257738435714 ], [ -75.577070938665031, 6.182333344608688 ], [ -75.577174950529098, 6.182386124263026 ], [ -75.577276189629529, 6.182444049847863 ], [ -75.577374405035656, 6.182506976119164 ], [ -75.577381781745345, 6.182511986043202 ], [ -75.577474916987995, 6.18257329782255 ], [ -75.577522416238864, 6.182604566674217 ], [ -75.577538323564156, 6.182614464289485 ], [ -75.577731217561407, 6.182734478042341 ], [ -75.577986184766303, 6.182895443947338 ], [ -75.578128839764716, 6.182985502066398 ], [ -75.578325883853068, 6.183109211146381 ], [ -75.578354549852818, 6.183126668247881 ], [ -75.578520102375336, 6.183227342957268 ], [ -75.578573965873673, 6.183260098731346 ], [ -75.578748848157687, 6.183372285888013 ], [ -75.578784963773529, 6.183393384611461 ], [ -75.578821113810434, 6.183414502149954 ], [ -75.578872693228391, 6.183449035553393 ], [ -75.578924994352164, 6.183484110609141 ], [ -75.578944323852795, 6.183494982423096 ], [ -75.579037187692322, 6.183547209027558 ], [ -75.579158231940738, 6.183621066457761 ], [ -75.579182674641046, 6.183635328164133 ], [ -75.579203054392906, 6.183645193136105 ], [ -75.57920724316584, 6.183647220550943 ], [ -75.579229544726644, 6.183657532752681 ], [ -75.579258498788207, 6.183662287774137 ], [ -75.579286558263107, 6.183662890148488 ], [ -75.57931016817443, 6.183659846250987 ], [ -75.579374754648455, 6.183630192275761 ], [ -75.579394807792312, 6.183624677602618 ], [ -75.579400950878878, 6.183623050248141 ], [ -75.579434372823869, 6.18364212418053 ], [ -75.57947249324107, 6.183663639830449 ], [ -75.579499570251429, 6.183687052543289 ], [ -75.579524976269553, 6.183709020502627 ], [ -75.579639970382544, 6.183834769167957 ], [ -75.579672650025159, 6.183870285681642 ], [ -75.579750845063799, 6.183955267876906 ], [ -75.579835391234312, 6.184072201245114 ], [ -75.579839914317404, 6.184081133342374 ], [ -75.579905536914723, 6.184210727212822 ], [ -75.579950580847935, 6.184385548488502 ], [ -75.579978386168278, 6.184542526376455 ], [ -75.579980397381192, 6.18471337529786 ], [ -75.579983033055143, 6.18485577502223 ], [ -75.580016792733701, 6.185092127119503 ], [ -75.58006155465128, 6.185287722887939 ], [ -75.580075099510765, 6.185346906343478 ], [ -75.580121950146861, 6.185566535197841 ], [ -75.580152277402078, 6.185708699076153 ], [ -75.580196180899833, 6.18588205302389 ], [ -75.580237833698277, 6.186051027653013 ], [ -75.580276577589046, 6.18620377992889 ], [ -75.580328861408233, 6.186414111792294 ], [ -75.580343434680742, 6.186480612406409 ], [ -75.580345327588887, 6.186489249881571 ], [ -75.580367051237332, 6.186588376737671 ], [ -75.580419539786135, 6.186719687767646 ], [ -75.58049352773098, 6.186831865079029 ], [ -75.580622389141212, 6.186953606635941 ], [ -75.580775867547686, 6.187088054715115 ], [ -75.580813895652952, 6.187121938478688 ], [ -75.580832022793217, 6.187135383600268 ], [ -75.580852515332637, 6.187150583803151 ], [ -75.580907787507783, 6.187194833133303 ], [ -75.580967854758597, 6.187245969062437 ], [ -75.581007591018604, 6.18728782756917 ], [ -75.581040112736318, 6.187321627780008 ], [ -75.581043223365597, 6.187324861936924 ], [ -75.581056898674873, 6.187341830214153 ], [ -75.581075750944095, 6.18735912410265 ], [ -75.581361218305219, 6.187620989198134 ], [ -75.581509190973421, 6.187740350095846 ], [ -75.581587955239996, 6.187800032594078 ], [ -75.581640442020216, 6.187835820451139 ], [ -75.581677154754288, 6.187853298655143 ], [ -75.581690572753843, 6.187859687650007 ], [ -75.581828988685487, 6.1878954996052 ], [ -75.582008525479907, 6.187980716783918 ], [ -75.582100833516165, 6.188004409484939 ], [ -75.582353925580662, 6.188075596193509 ], [ -75.582402842790628, 6.188089352504352 ], [ -75.582741398772143, 6.188187151643967 ], [ -75.582744304962787, 6.188173220032889 ], [ -75.58288300981819, 6.188214196178372 ], [ -75.582897111823883, 6.188255010221537 ], [ -75.582903989409687, 6.188254321289821 ], [ -75.582905554435968, 6.18825905107273 ], [ -75.582915460723939, 6.188288980474159 ], [ -75.582925874535718, 6.188317945459688 ], [ -75.582934051111636, 6.188338626363543 ], [ -75.582949278354761, 6.188377134032508 ], [ -75.58296772776896, 6.188423793511176 ], [ -75.58299817956248, 6.188500808854733 ], [ -75.583020880994923, 6.188558222503284 ], [ -75.583106882835011, 6.188783630461955 ], [ -75.58312849105468, 6.188840264672187 ], [ -75.583191887642755, 6.189007216075487 ], [ -75.583260108261413, 6.189124354279273 ], [ -75.583214512938156, 6.189218464415261 ], [ -75.583162029720782, 6.189339956614106 ], [ -75.583063804985642, 6.1896823610299 ], [ -75.583044610697044, 6.189760334048422 ], [ -75.582922678961282, 6.190372819658498 ], [ -75.582782114259913, 6.190872298785255 ], [ -75.582653408747007, 6.191494954112568 ], [ -75.582555154792814, 6.191979310889884 ], [ -75.582525266606751, 6.192126649426315 ], [ -75.582371720097228, 6.19280467625933 ], [ -75.582362687225014, 6.192831797561101 ], [ -75.582271797571579, 6.193090578547825 ], [ -75.582115420864554, 6.19352225725964 ], [ -75.582160586572698, 6.193531296060803 ], [ -75.581962658065933, 6.194003658436054 ], [ -75.581758449591177, 6.194574050596482 ], [ -75.581643290619411, 6.194897534975109 ], [ -75.581526464131244, 6.195225703428756 ] ] ] ] } }
]
}
